Order ID,Order Date,Sales,Profit,Category,Sub-Category,Region,Customer Segment,Product Name,Unit Price,Quantity,Discount Percentage,Rating,Rating Count
ORD-00001,2023-01-02,3145.0,130.52,Computers&Accessories,Accessories&Peripherals,Central,Consumer,"Lenovo 400 Wireless Mouse, 1200DPI Optical Sensor, 2.4GHz Wireless Nano USB, 3-Button (Left,Right,Scroll) Upto 8M Left/Right & 100K Scroll clicks & 1yr Battery, Ambidextrous, Ergonomic GY50R91293",629.0,5,55,4.4,6301
ORD-00002,2023-01-02,1716.0,21.45,Home&Kitchen,Kitchen&HomeAppliances,West,Home Office,"Nirdambhay Mini Bag Sealer, 2 in 1 Heat Sealer and Cutter Handheld Sealing Machine Portable Bag Resealer Sealer for Plastic Bags Food Storage Snack Fresh Bag Sealer (Including 2 AA Battery)",429.0,4,57,3.0,617
ORD-00003,2023-01-02,9995.0,39.98,Electronics,WearableTechnology,West,Home Office,"Noise Pulse Buzz 1.69"" Bluetooth Calling Smart Watch with Call Function, 150 Watch Faces, 60 Sports Modes, Spo2 & Heart Rate Monitoring, Calling Smart Watch for Men & Women - Rose Pink",1999.0,5,60,3.9,7571
ORD-00004,2023-01-04,537.0,23.63,Computers&Accessories,Accessories&Peripherals,West,Home Office,"MI 2-in-1 USB Type C Cable (Micro USB to Type C) 30cm for Smartphone, Headphone, Laptop (White)",179.0,3,40,3.9,81
ORD-00005,2023-01-05,1116.0,66.96,Home&Kitchen,Kitchen&HomeAppliances,North,Home Office,INKULTURE Stainless_Steel Measuring Cups & Spoon Combo for Dry or Liquid/Kitchen Gadgets for Cooking & Baking Cakes/Measuring Cup Set Combo with Handles (Set of 4 Cups & 4 Spoons),279.0,4,60,4.3,2326
ORD-00006,2023-01-05,1700.0,-12.75,HomeImprovement,Electrical,North,Home Office,"ESnipe Mart Worldwide Travel Adapter with Build in Dual USB Charger Ports with 125V 6A, 250V Protected Electrical Plug for Laptops, Cameras (White)",425.0,4,57,4.0,2581
ORD-00007,2023-01-05,1996.0,125.75,Computers&Accessories,Accessories&Peripherals,North,Corporate,Portronics MPORT 31 4 Ports USB Hub (USB A to 4 USB-A Ports 4 in 1 Connector USB HUB(Grey),499.0,4,38,4.3,2125
ORD-00008,2023-01-05,69995.0,6159.56,Home&Kitchen,Kitchen&HomeAppliances,East,Corporate,HUL Pureit Eco Water Saver Mineral RO+UV+MF AS wall mounted/Counter top Black 10L Water Purifier,13999.0,5,44,4.4,8948
ORD-00009,2023-01-05,1614.0,50.84,Computers&Accessories,Accessories&Peripherals,South,Corporate,"HP X1000 Wired USB Mouse with 3 Handy Buttons, Fast-Moving Scroll Wheel and Optical Sensor works on most Surfaces (H2C21AA, Black/Grey)",269.0,6,59,4.3,54315
ORD-00010,2023-01-06,9450.0,122.85,Computers&Accessories,Accessories&Peripherals,West,Consumer,"Lenovo 300 FHD Webcam with Full Stereo Dual Built-in mics | FHD 1080P 2.1 Megapixel CMOS Camera |Privacy Shutter | Ultra-Wide 95 Lens | 360 Rotation | Flexible Mount, Plug-n-Play | Cloud Grey",1890.0,5,66,4.1,10976
ORD-00011,2023-01-08,5396.0,612.45,Home&Kitchen,Kitchen&HomeAppliances,East,Home Office,"Tesora - Inspired by you Large Premium Electric Kettle 1.8L, Stainless Steel Inner Body - Auto Power Cut, Boil Dry Protection & Cool Touch Double Wall, Portable | 1500 Watts |1 Year Warranty | (White)",1349.0,4,27,4.4,638
ORD-00012,2023-01-08,44995.0,2722.2,Electronics,Mobiles&Accessories,South,Corporate,"Redmi 10A (Sea Blue, 4GB RAM, 64GB Storage) | 2 Ghz Octa Core Helio G25 | 5000 mAh Battery | Finger Print Sensor | Upto 5GB RAM with RAM Booster",8999.0,5,25,4.0,12796
ORD-00013,2023-01-09,7495.0,738.26,Home&Kitchen,Kitchen&HomeAppliances,West,Consumer,KENT 16044 Hand Blender Stainless Steel 400 W | Variable Speed Control | Easy to Clean and Store | Low Noise Operation,1499.0,5,29,4.1,6355
ORD-00014,2023-01-10,26994.0,1957.07,Electronics,Cameras&Photography,East,Corporate,"MI 360° Home Security Wireless Camera 2K Pro with Bluetooth Gateway BLE 4.2 l Dual Band Wi-fi Connection l 3 Million 1296p| Full Color in Low-Light | AI Human Detection, White",4499.0,6,25,4.3,44696
ORD-00015,2023-01-10,4245.0,171.92,Computers&Accessories,Accessories&Peripherals,North,Corporate,"Amazon Basics New Release Nylon USB-A to Lightning Cable Cord, Fast Charging MFi Certified Charger for Apple iPhone, iPad (3-Ft, Rose Gold)",849.0,5,53,4.3,6547
ORD-00016,2023-01-11,770.0,18.87,Computers&Accessories,Accessories&Peripherals,East,Corporate,"Portronics Konnect L 1.2M Fast Charging 3A 8 Pin USB Cable with Charge & Sync Function for iPhone, iPad (Grey)",154.0,5,61,4.2,16905
ORD-00017,2023-01-11,770.0,18.87,Computers&Accessories,Accessories&Peripherals,East,Corporate,"Portronics Konnect L 1.2M Fast Charging 3A 8 Pin USB Cable with Charge & Sync Function for iPhone, iPad (Grey)",154.0,5,61,4.2,16905
ORD-00018,2023-01-11,770.0,18.87,Computers&Accessories,Accessories&Peripherals,East,Corporate,"Portronics Konnect L 1.2M Fast Charging 3A 8 Pin USB Cable with Charge & Sync Function for iPhone, iPad (Grey)",154.0,5,61,4.2,16905
ORD-00019,2023-01-12,5650.0,824.9,Home&Kitchen,Kitchen&HomeAppliances,East,Corporate,HUL Pureit Germkill kit for Classic 23 L water purifier - 3000 L Capacity,1130.0,5,0,4.2,13250
ORD-00020,2023-01-13,4053.0,127.67,Computers&Accessories,ExternalDevices&DataStorage,Central,Corporate,SanDisk Ultra Dual 64 GB USB 3.0 OTG Pen Drive (Black),579.0,7,59,4.3,189104
ORD-00021,2023-01-13,10125.0,70.88,Electronics,Mobiles&Accessories,East,Corporate,"Tukzer Stylus Pen, iPad Pencil with Palm Rejection Tilt Sensor| 2nd Gen for 2018-2022 iPad 6/7/8/9th Gen; iPad 10.2"", Pro 12.9/11"", Mini 6/5th, Air 5/4/3rd, Precise for Writing/Drawing (3 Spare Tips)",2025.0,5,66,4.2,6233
ORD-00022,2023-01-14,1053.0,44.75,Home&Kitchen,HomeStorage&Organization,West,Consumer,"Tom & Jerry Folding Laundry Basket for Clothes with Lid & Handle, Toys Organiser, 75 Litre, Green",351.0,3,61,3.9,296
ORD-00023,2023-01-14,289.45,0.43,Computers&Accessories,Accessories&Peripherals,South,Corporate,"FLiX (Beetel Flow USB to Micro USB PVC Data Sync & 12W(2.4A) Fast Charging Cable,Made in India,480Mbps Data Sync,Solid Cable,1 Meter Long cable for all Andriod & Micro USB Devices (Black)(XCD-FPM01)",57.89,5,71,4.0,9378
ORD-00024,2023-01-15,1745.0,-13.09,Electronics,Mobiles&Accessories,West,Home Office,"Tukzer Capacitive Stylus Pen for Touch Screens Devices, Fine Point, Lightweight Metal Body with Magnetism Cover Cap for Smartphones/Tablets/iPad/iPad Pro/iPhone (Grey)",349.0,5,65,3.8,16557
ORD-00025,2023-01-15,33996.0,1342.84,Electronics,"HomeTheater,TV&Video",South,Home Office,VW 80 cm (32 inches) Playwall Frameless Series HD Ready Android Smart LED TV VW3251 (Black),8499.0,4,47,4.3,592
ORD-00026,2023-01-15,1745.0,-13.09,Electronics,Mobiles&Accessories,West,Home Office,"Tukzer Capacitive Stylus Pen for Touch Screens Devices, Fine Point, Lightweight Metal Body with Magnetism Cover Cap for Smartphones/Tablets/iPad/iPad Pro/iPhone (Grey)",349.0,5,65,3.8,16557
ORD-00027,2023-01-15,2884.0,69.22,Home&Kitchen,Kitchen&HomeAppliances,North,Corporate,"akiara - Makes life easy Electric Handy Sewing/Stitch Handheld Cordless Portable White Sewing Machine for Home Tailoring, Hand Machine | Mini Silai | White Hand Machine with Adapter",721.0,4,52,3.1,2449
ORD-00028,2023-01-15,3897.0,302.02,Home&Kitchen,Kitchen&HomeAppliances,North,Home Office,"Wipro Vesta 1.8 litre Cool touch electric Kettle with Auto cut off | Double Layer outer body | Triple Protection - Dry Boil, Steam & Over Heat |Stainless Steel Inner Body | (Black, 1500 Watt)",1299.0,3,35,3.8,311
ORD-00029,2023-01-16,1407.0,11.96,Computers&Accessories,Accessories&Peripherals,West,Corporate,"Portronics Ruffpad 12E Re-Writable LCD Writing Pad with 30.4cm (12 inch) Writing Area, Single Tap Erase, Smart Lock, Long Battery Life, India's first notepad to save and share your child's first creatives via Ruffpad app on your Smartphone(Black)",469.0,3,69,4.1,352
ORD-00030,2023-01-18,2436.0,71.86,Electronics,"HomeTheater,TV&Video",North,Home Office,"AmazonBasics 10.2 Gbps High-Speed 4K HDMI Cable with Braided Cord (10-Foot, Dark Grey)",609.0,4,59,4.5,1029
ORD-00031,2023-01-19,1196.0,25.71,Computers&Accessories,Accessories&Peripherals,West,Corporate,Storite High Speed Micro USB 3.0 Cable A to Micro B for External & Desktop Hard Drives 45cm,299.0,4,63,4.2,2117
ORD-00032,2023-01-19,3825.0,437.96,Home&Kitchen,Kitchen&HomeAppliances,East,Home Office,Orpat HHB-100E 250-Watt Hand Blender (White),765.0,5,21,4.2,6055
ORD-00033,2023-01-19,6396.0,227.06,Electronics,"HomeTheater,TV&Video",South,Home Office,"Model-P4 6 Way Swivel Tilt Wall Mount 32-55-inch Full Motion Cantilever for LED,LCD and Plasma TV's",1599.0,4,47,4.2,2727
ORD-00034,2023-01-22,27996.0,1749.75,Home&Kitchen,Kitchen&HomeAppliances,East,Consumer,"KENT 16068 Zoom Vacuum Cleaner for Home and Car 130 W | Cordless, Hoseless, Rechargeable HEPA Filters Vacuum Cleaner with Cyclonic Technology | Bagless Design and Multi Nozzle Operation | Blue",6999.0,4,53,4.1,1728
ORD-00035,2023-01-23,44995.0,6254.3,Home&Kitchen,Kitchen&HomeAppliances,Central,Corporate,Philips PowerPro FC9352/01 Compact Bagless Vacuum Cleaner (Blue),8999.0,5,10,4.4,17994
ORD-00036,2023-01-24,10796.0,879.87,Home&Kitchen,"Heating,Cooling&AirQuality",South,Consumer,V-Guard Zio Instant Water Geyser | 3 Litre | 3000 W Heating | White-Blue | | 2 Year Warranty,2699.0,4,43,4.2,1296
ORD-00037,2023-01-26,1116.0,42.97,Home&Kitchen,Kitchen&HomeAppliances,East,Corporate,"Bulfyss Plastic Sticky Lint Roller Hair Remover Cleaner Set of 5 Rolls 150 Sheets, 30 Sheets Each roll Lint Roller Remover for Clothes, Furniture, Carpet, Dog Fur, Sweater, Dust & Dirt",279.0,4,53,3.5,1367
ORD-00038,2023-01-26,6245.0,259.17,Computers&Accessories,Accessories&Peripherals,North,Corporate,Lenovo GX20L29764 65W Laptop Adapter/Charger with Power Cord for Select Models of Lenovo (Round pin) (Black),1249.0,5,55,4.4,4598
ORD-00039,2023-01-27,40396.0,1999.6,Computers&Accessories,Monitors,West,Home Office,"Samsung 24-inch(60.46cm) FHD Monitor, IPS, 75 Hz, Bezel Less Design, AMD FreeSync, Flicker Free, HDMI, D-sub, (LF24T350FHWXXL, Dark Blue Gray)",10099.0,4,47,4.3,2623
ORD-00040,2023-01-28,77495.0,4882.19,Electronics,Mobiles&Accessories,South,Corporate,"iQOO Z6 44W by vivo (Raven Black, 6GB RAM, 128GB Storage) | 6.44"" FHD+ AMOLED Display | 50% Charge in just 27 mins | in-Display Fingerprint Scanning",15499.0,5,26,4.1,19253
ORD-00041,2023-01-30,4788.0,38.3,MusicalInstruments,Microphones,East,Corporate,Boya ByM1 Auxiliary Omnidirectional Lavalier Condenser Microphone with 20ft Audio Cable (Black),798.0,6,60,4.0,68664
ORD-00042,2023-02-01,322.0,4.19,Home&Kitchen,Kitchen&HomeAppliances,West,Home Office,Green Tales Heat Seal Mini Food Sealer-Impulse Machine for Sealing Plastic Bags Packaging,161.0,2,46,2.6,24
ORD-00043,2023-02-01,3996.0,139.86,Electronics,Mobiles&Accessories,West,Consumer,MI 33W SonicCharge 2.0 USB Charger for Cellular Phones - White,999.0,4,50,4.3,1777
ORD-00044,2023-02-02,5997.0,626.69,Home&Kitchen,Kitchen&HomeAppliances,North,Consumer,Libra Roti Maker Electric Automatic | chapati Maker Electric Automatic | roti Maker Machine with 900 Watts for Making Roti/Chapati/Parathas - Stainless Steel,1999.0,3,33,4.4,388
ORD-00045,2023-02-02,1047.0,-2.09,Electronics,"HomeTheater,TV&Video",East,Home Office,7SEVEN® Compatible for Mi tv Remote Control Original Suitable with Smart Android 4K LED Non Voice Command Xiaomi Redmi Remote of 4A Model 32 43 55 65 inches,349.0,3,56,3.6,323
ORD-00046,2023-02-03,1745.0,32.28,Computers&Accessories,Accessories&Peripherals,West,Corporate,"Wayona Nylon Braided USB Data Sync and Fast Charging 3A Short Power Bank Cable For iPhones, iPad Air, iPad mini, iPod Nano and iPod Touch (Grey)",349.0,5,65,4.2,13120
ORD-00047,2023-02-05,3725.0,331.52,Electronics,"Headphones,Earbuds&Accessories",East,Corporate,Logitech H111 Wired On Ear Headphones With Mic Black,745.0,5,6,4.0,13797
ORD-00048,2023-02-05,25996.0,2807.57,Home&Kitchen,Kitchen&HomeAppliances,Central,Consumer,Philips Viva Collection HR1832/00 1.5-Litre400-Watt Juicer (Ink Black),6499.0,4,28,4.3,2810
ORD-00049,2023-02-08,4196.0,54.55,Electronics,HomeAudio,North,Home Office,"ZEBRONICS Zeb-Astra 20 Wireless BT v5.0 Portable Speaker with 10W RMS Output, TWS, 10H Backup Approx, Built in Rechargeable Battery FM Radio, AUX, mSD, USB, Call Function and Dual 52mm Drivers Multi",1049.0,4,54,3.9,1779
ORD-00050,2023-02-08,7450.0,1013.2,Home&Kitchen,Kitchen&HomeAppliances,East,Consumer,"Philips GC026/30 Fabric Shaver, Lint Remover for Woolen Sweaters, Blankets, Jackets/Burr Remover Pill Remover from Carpets, Curtains (White)",1490.0,5,12,4.4,3543
ORD-00051,2023-02-08,867.0,4.77,Computers&Accessories,Accessories&Peripherals,East,Corporate,"Amazon Basics Magic Slate 8.5-inch LCD Writing Tablet with Stylus Pen, for Drawing, Playing, Noting by Kids & Adults, Black",289.0,3,71,4.1,401
ORD-00052,2023-02-10,1190.0,29.75,Computers&Accessories,Accessories&Peripherals,Central,Corporate,"Quantum RJ45 Ethernet Patch Cable/LAN Router Cable with Heavy Duty Gold Plated Connectors Supports Hi-Speed Gigabit Upto 1000Mbps, Waterproof and Durable,1-Year Warranty-32.8 Feet (10 Meters)(White)",238.0,5,66,4.4,8372
ORD-00053,2023-02-11,19295.0,762.15,Home&Kitchen,Kitchen&HomeAppliances,South,Corporate,"Inalsa Vacuum Cleaner Wet and Dry Micro WD10 with 3in1 Multifunction Wet/Dry/Blowing| 14KPA Suction and Impact Resistant Polymer Tank,(Yellow/Black)",3859.0,5,63,3.9,8095
ORD-00054,2023-02-13,10794.0,107.94,Electronics,HomeAudio,East,Home Office,"boAt Stone 650 10W Bluetooth Speaker with Upto 7 Hours Playback, IPX5 and Integrated Controls (Blue)",1799.0,6,64,4.2,41226
ORD-00055,2023-02-15,164995.0,10477.18,Electronics,"HomeTheater,TV&Video",North,Home Office,Acer 139 cm (55 inches) I Series 4K Ultra HD Android Smart LED TV AR55AR2851UDFL (Black),32999.0,5,31,4.3,4703
ORD-00056,2023-02-15,5394.0,302.06,Computers&Accessories,Accessories&Peripherals,South,Corporate,HP Z3700 Wireless Optical Mouse with USB Receiver and 2.4GHz Wireless Connection/ 1200DPI / 16 Months Long Battery Life /Ambidextrous and Slim Design (Modern Gold),899.0,6,40,4.2,23174
ORD-00057,2023-02-16,3594.0,388.15,Computers&Accessories,Accessories&Peripherals,South,Home Office,OFIXO Multi-Purpose Laptop Table/Study Table/Bed Table/Foldable and Portable Wooden/Writing Desk (Wooden),599.0,6,0,4.0,26423
ORD-00058,2023-02-17,1745.0,-20.07,Electronics,Mobiles&Accessories,Central,Consumer,"pTron Bullet Pro 36W PD Quick Charger, 3 Port Fast Car Charger Adapter - Compatible with All Smartphones & Tablets (Black)",349.0,5,73,4.0,14282
ORD-00059,2023-02-17,1745.0,-20.07,Electronics,Mobiles&Accessories,Central,Consumer,"pTron Bullet Pro 36W PD Quick Charger, 3 Port Fast Car Charger Adapter - Compatible with All Smartphones & Tablets (Black)",349.0,5,73,4.0,14283
ORD-00060,2023-02-18,9914.2,812.96,Home&Kitchen,"Heating,Cooling&AirQuality",East,Home Office,"AmazonBasics High Speed 55 Watt Oscillating Pedestal Fan, 400mm Sweep Length, White (Without Remote)",1982.84,5,40,4.1,5873
ORD-00061,2023-02-19,3036.0,173.05,Home&Kitchen,Kitchen&HomeAppliances,East,Home Office,Themisto TH-WS20 Digital Kitchen Weighing Scale Stainless Steel (5Kg),759.0,4,62,4.3,532
ORD-00062,2023-02-19,1145.0,19.47,Electronics,"HomeTheater,TV&Video",South,Consumer,AmazonBasics 3 Feet High Speed HDMI Male to Female 2.0 Extension Cable,229.0,5,62,4.3,12835
ORD-00063,2023-02-19,840.0,34.86,Computers&Accessories,Accessories&Peripherals,South,Consumer,Portronics Konnect L POR-1403 Fast Charging 3A Type-C Cable 1.2 Meter with Charge & Sync Function for All Type-C Devices (White),210.0,4,47,4.1,1717
ORD-00064,2023-02-20,199.0,-10.35,Computers&Accessories,Accessories&Peripherals,East,Corporate,"Amazon Brand - Solimo 65W Fast Charging Braided Type C to C Data Cable | Suitable For All Supported Mobile Phones (1 Meter, Black)",199.0,1,80,3.0,0
ORD-00065,2023-02-21,2645.0,11.9,Electronics,Mobiles&Accessories,North,Corporate,"Portronics Adapto 20 Type C 20W Fast PD/Type C Adapter Charger with Fast Charging for iPhone 12/12 Pro/12 Mini/12 Pro Max/11/XS/XR/X/8/Plus, iPad Pro/Air/Mini, Galaxy 10/9/8 (Adapter Only) White",529.0,5,65,4.1,8599
ORD-00066,2023-02-21,11245.0,927.71,Home&Kitchen,"Heating,Cooling&AirQuality",West,Corporate,"Allin Exporters J66 Ultrasonic Humidifier Cool Mist Air Purifier for Dryness, Cold & Cough Large Capacity for Room, Baby, Plants, Bedroom (2.4 L) (1 Year Warranty)",2249.0,5,37,4.0,3973
ORD-00067,2023-02-22,7996.0,895.55,Home&Kitchen,Kitchen&HomeAppliances,South,Corporate,"InstaCuppa Portable Blender for Smoothie, Milk Shakes, Crushing Ice and Juices, USB Rechargeable Personal Blender Machine for Kitchen with 2000 mAh Rechargeable Battery, 150 Watt Motor, 400 ML",1999.0,4,20,4.1,1034
ORD-00068,2023-02-22,1160.0,81.78,Computers&Accessories,NetworkingDevices,East,Consumer,"ZEBRONICS ZEB-USB150WF1 WiFi USB Mini Adapter Supports 150 Mbps Wireless Data, Comes with Advanced Security WPA/WPA2 encryption Standards",290.0,4,17,3.7,1977
ORD-00069,2023-02-23,17997.0,1547.74,Home&Kitchen,Kitchen&HomeAppliances,West,Home Office,Shakti Technology S5 High Pressure Car Washer Machine 1900 Watts and Pressure 125 Bar with 10 Meter Hose Pipe,5999.0,3,40,4.2,170
ORD-00070,2023-02-23,15900.0,1367.4,Home&Kitchen,Kitchen&HomeAppliances,West,Corporate,Prestige PIC 15.0+ 1900-Watt Induction Cooktop (Black),3180.0,5,40,4.2,6919
ORD-00071,2023-02-24,2535.0,63.37,Computers&Accessories,NetworkingDevices,Central,Home Office,D-Link DWA-131 300 Mbps Wireless Nano USB Adapter (Black),507.0,5,58,4.1,8131
ORD-00072,2023-02-24,2535.0,63.37,Computers&Accessories,NetworkingDevices,Central,Home Office,D-Link DWA-131 300 Mbps Wireless Nano USB Adapter (Black),507.0,5,58,4.1,8131
ORD-00073,2023-02-26,1540.0,118.58,Home&Kitchen,Kitchen&HomeAppliances,West,Corporate,ATOM Selves-MH 200 GM Digital Pocket Scale,308.0,5,38,3.9,4584
ORD-00074,2023-02-26,1200.0,115.2,OfficeProducts,OfficePaperProducts,North,Home Office,"Classmate Pulse 1 Subject Notebook - 240mm x 180mm , Soft Cover, 180 Pages, Single Line, Pack of 4",300.0,4,0,4.2,419
ORD-00075,2023-02-26,11996.0,17.99,Electronics,WearableTechnology,Central,Consumer,"Fire-Boltt Tank 1.85"" Bluetooth Calling Smart Watch, 123 Sports Mode, 8 UI Interactions, Built in Speaker & Mic, 7 Days Battery & Fire-Boltt Health Suite",2999.0,4,75,4.4,768
ORD-00076,2023-02-28,3894.0,17.52,Electronics,Accessories,West,Corporate,"SanDisk Ultra microSD UHS-I Card 64GB, 120MB/s R",649.0,6,73,4.4,67260
ORD-00077,2023-03-04,738.0,12.92,Electronics,"HomeTheater,TV&Video",West,Corporate,Shopoflux Silicone Remote Cover for Mi Smart TV and Mi TV Stick/MI Box S / 3S / MI 4X / 4A Smart LED TV (Black),246.0,3,59,4.2,143
ORD-00078,2023-03-05,43995.0,4465.49,Home&Kitchen,"Heating,Cooling&AirQuality",Central,Consumer,"Philips AC1215/20 Air purifier, removes 99.97% airborne pollutants, 4-stage filtration with True HEPA filter (white)",8799.0,5,27,4.1,4157
ORD-00079,2023-03-05,1393.0,72.44,Home&Kitchen,Kitchen&Dining,East,Home Office,"Pigeon Polypropylene Mini Handy and Compact Chopper with 3 Blades for Effortlessly Chopping Vegetables and Fruits for Your Kitchen (12420, Green, 400 ml)",199.0,7,60,4.1,270563
ORD-00080,2023-03-06,1996.0,92.81,Electronics,"HomeTheater,TV&Video",North,Corporate,"Amazon Basics 10.2 Gbps High-Speed 4K HDMI Cable with Braided Cord, 1.8 Meter, Dark Grey",499.0,4,45,4.4,2165
ORD-00081,2023-03-07,6252.0,268.84,Home&Kitchen,Kitchen&HomeAppliances,North,Home Office,"akiara - Makes life easy Mini Sewing Machine for Home Tailoring use | Mini Silai Machine with Sewing Kit Set Sewing Box with Thread Scissors, Needle All in One Sewing Accessories (White & Purple)",1563.0,4,50,3.5,2283
ORD-00082,2023-03-07,1516.0,31.84,Computers&Accessories,Accessories&Peripherals,East,Home Office,"Wayona Usb C 65W Fast Charging Cable Compatible For Tablets Samsung S22 S20 S10 S20Fe S21 S21 Ultra A70 A51 A71 A50S M31 M51 M31S M53 5G (1M, Black)",379.0,4,66,4.3,2806
ORD-00083,2023-03-07,600.0,-22.8,Electronics,"Headphones,Earbuds&Accessories",Central,Corporate,"Sounce Gold Plated 3.5 mm Headphone Splitter for Computer 2 Male to 1 Female 3.5mm Headphone Mic Audio Y Splitter Cable Smartphone Headset to PC Adapter – (Black,20cm)",120.0,5,88,3.9,6491
ORD-00084,2023-03-07,600.0,-22.8,Electronics,"Headphones,Earbuds&Accessories",Central,Corporate,"Sounce Gold Plated 3.5 mm Headphone Splitter for Computer 2 Male to 1 Female 3.5mm Headphone Mic Audio Y Splitter Cable Smartphone Headset to PC Adapter – (Black,20cm)",120.0,5,88,3.9,6491
ORD-00085,2023-03-08,101994.0,7496.56,Electronics,Mobiles&Accessories,Central,Home Office,"Redmi Note 11T 5G (Matte Black, 6GB RAM, 128GB ROM)| Dimensity 810 5G | 33W Pro Fast Charging | Charger Included | Additional Exchange Offers|Get 2 Months of YouTube Premium Free!",16999.0,6,19,4.1,31822
ORD-00086,2023-03-09,101994.0,5456.68,Electronics,"HomeTheater,TV&Video",South,Corporate,MI 80 cm (32 inches) HD Ready Smart Android LED TV 5A Pro | L32M7-EAIN (Black),16999.0,6,35,4.2,32840
ORD-00087,2023-03-09,1745.0,-20.07,Electronics,HomeAudio,South,Consumer,"Saifsmart Outlet Wall Mount Hanger Holder for Dot 3rd Gen, Compact Bracket Case Plug and Built-in Cable Management for Kitchen Bathroom, Bedroom (Black)",349.0,5,73,4.0,3295
ORD-00088,2023-03-09,5995.0,542.55,Home&Kitchen,Kitchen&HomeAppliances,South,Corporate,"Cello Quick Boil Popular Electric Kettle 1 Litre 1200 Watts | Stainless Steel body | Boiler for Water, Silver",1199.0,5,37,4.2,3858
ORD-00089,2023-03-11,1500.0,43.5,Home&Kitchen,Kitchen&HomeAppliances,North,Corporate,"Milk Frother, Immersion Blender Cordlesss Foam Maker USB Rechargeable Small Mixer Handheld with 2 Stainless Whisks，Wisker for Stirring 3-Speed Adjustable Mini Frother for Cappuccino Latte Coffee Egg",375.0,4,62,3.6,1988
ORD-00090,2023-03-11,1125.0,103.5,OfficeProducts,OfficePaperProducts,West,Corporate,Camlin Elegante Fountain Pen - Black/Blue/Red,225.0,5,0,4.1,4798
ORD-00091,2023-03-14,7770.0,660.45,Home&Kitchen,"Heating,Cooling&AirQuality",East,Consumer,"Crompton Insta Delight Fan Circulator Room Heater with 3 Heat Settings (Slate Grey & Black, 2000 Watt)",2590.0,3,38,4.1,63
ORD-00092,2023-03-15,1675.0,132.32,Home&Kitchen,"Heating,Cooling&AirQuality",Central,Corporate,ESN 999 Supreme Quality 1500W Immersion Water Heater Rod (Black),335.0,5,34,3.8,3195
ORD-00093,2023-03-16,2745.0,8.24,Computers&Accessories,Accessories&Peripherals,Central,Consumer,Robustrion Smart Trifold Hard Back Flip Stand Case Cover for Apple iPad 10.2 Cover iPad 9th Generation Cover 2021 8th Gen 2020 7th Gen 2019 Generation Case - Black,549.0,5,78,4.3,5556
ORD-00094,2023-03-16,384.93,-4.43,Computers&Accessories,Accessories&Peripherals,South,Consumer,"Zebronics CU3100V Fast charging Type C cable with QC 18W support, 3A max capacity, 1 meter braided cable, Data transfer and Superior durability (Braided Black )",128.31,3,77,3.9,61
ORD-00095,2023-03-17,3996.0,-143.86,Electronics,"Headphones,Earbuds&Accessories",Central,Home Office,"ZEBRONICS Zeb-Sound Bomb N1 True Wireless in Ear Earbuds with Mic ENC, Gaming Mode (up to 50ms), up to 18H Playback, BT V5.2, Fidget Case, Voice Assistant, Splash Proof, Type C (Midnight Black)",999.0,4,76,3.5,1913
ORD-00096,2023-03-17,7794.0,541.68,Electronics,Mobiles&Accessories,South,Corporate,"Nokia 105 Single SIM, Keypad Mobile Phone with Wireless FM Radio | Charcoal",1299.0,6,19,4.0,128311
ORD-00097,2023-03-18,24588.0,2483.39,Computers&Accessories,ExternalDevices&DataStorage,Central,Home Office,"Seagate Expansion 1TB External HDD - USB 3.0 for Windows and Mac with 3 yr Data Recovery Services, Portable Hard Drive (STKM1000400)",4098.0,6,18,4.5,50810
ORD-00098,2023-03-19,42495.0,2103.5,Electronics,Mobiles&Accessories,Central,Corporate,"Tecno Spark 8T (Turquoise Cyan, 4GB RAM,64GB Storage) | 50MP AI Camera | 7GB Expandable RAM",8499.0,5,35,4.1,6662
ORD-00099,2023-03-20,3995.0,107.87,Computers&Accessories,Accessories&Peripherals,South,Corporate,"AmazonBasics New Release Nylon USB-A to Lightning Cable Cord, Fast Charging MFi Certified Charger for Apple iPhone, iPad (6-Ft, Rose Gold)",799.0,5,62,4.3,8188
ORD-00100,2023-03-20,3995.0,107.87,Computers&Accessories,Accessories&Peripherals,South,Corporate,"AmazonBasics New Release Nylon USB-A to Lightning Cable Cord, Fast Charging MFi Certified Charger for Apple iPhone, iPad (6-Ft, Rose Gold)",799.0,5,62,4.3,8188
ORD-00101,2023-03-20,3995.0,107.87,Computers&Accessories,Accessories&Peripherals,South,Corporate,"AmazonBasics New Release Nylon USB-A to Lightning Cable Cord, Fast Charging MFi Certified Charger for Apple iPhone, iPad (6-Ft, Rose Gold)",799.0,5,62,4.3,8188
ORD-00102,2023-03-21,1674.0,135.59,Computers&Accessories,Accessories&Peripherals,East,Consumer,"Logitech B100 Wired USB Mouse, 3 yr Warranty, 800 DPI Optical Tracking, Ambidextrous PC/Mac/Laptop - Black",279.0,6,26,4.3,31534
ORD-00103,2023-03-21,885.0,111.07,Home&Kitchen,HomeStorage&Organization,North,Corporate,"Kuber Industries Waterproof Round Non Wovan Laundry Bag/Hamper|Metalic Printed With Handles|Foldable Bin & 45 Liter Capicity|Size 37 x 37 x 49, Pack of 1 (Beige & Brown)-KUBMART11450",177.0,5,11,4.1,3688
ORD-00104,2023-03-24,7194.0,-327.33,Electronics,"Headphones,Earbuds&Accessories",West,Home Office,"Boult Audio Truebuds with 30H Playtime, IPX7 Waterproof, Lightning Boult™ Type C Fast Charging (10 Min=100Mins), BoomX™ Tech Rich Bass, Pro+ Calling HD Mic, Touch Controls in Ear Earbuds TWS (Grey)",1199.0,6,85,3.6,25910
ORD-00105,2023-03-25,2910.0,138.23,Computers&Accessories,Accessories&Peripherals,Central,Consumer,"Duracell USB C To Lightning Apple Certified (Mfi) Braided Sync & Charge Cable For Iphone, Ipad And Ipod. Fast Charging Lightning Cable, 3.9 Feet (1.2M) - Black",970.0,3,51,4.4,184
ORD-00106,2023-03-25,836.0,14.21,Computers&Accessories,Accessories&Peripherals,Central,Home Office,"SWAPKART Fast Charging Cable and Data Sync USB Cable Compatible for iPhone 6/6S/7/7+/8/8+/10/11, 12, 13 Pro max iPad Air/Mini, iPod and iOS Devices (White)",209.0,4,58,3.9,536
ORD-00107,2023-03-25,2910.0,138.23,Computers&Accessories,Accessories&Peripherals,Central,Consumer,"Duracell USB C To Lightning Apple Certified (Mfi) Braided Sync & Charge Cable For Iphone, Ipad And Ipod. Fast Charging Lightning Cable, 3.9 Feet (1.2M) - Black",970.0,3,51,4.4,184
ORD-00108,2023-03-25,836.0,14.21,Computers&Accessories,Accessories&Peripherals,Central,Home Office,"SWAPKART Fast Charging Cable and Data Sync USB Cable Compatible for iPhone 6/6S/7/7+/8/8+/10/11, 12, 13 Pro max iPad Air/Mini, iPod and iOS Devices (White)",209.0,4,58,3.9,536
ORD-00109,2023-03-25,2910.0,138.23,Computers&Accessories,Accessories&Peripherals,Central,Consumer,"Duracell USB C To Lightning Apple Certified (Mfi) Braided Sync & Charge Cable For Iphone, Ipad And Ipod. Fast Charging Lightning Cable, 3.9 Feet (1.2M) - Black",970.0,3,51,4.4,184
ORD-00110,2023-03-26,10396.0,675.74,Home&Kitchen,"Heating,Cooling&AirQuality",North,Home Office,Crompton Highspeed Markle Prime 1200 mm (48 inch) Anti-Dust Ceiling Fan with Energy Efficient 55W Motor (Burgundy),2599.0,4,46,3.9,898
ORD-00111,2023-03-28,27980.0,1119.2,Electronics,"HomeTheater,TV&Video",North,Consumer,WANBO X1 Pro (Upgraded) | Native 1080P Full HD | Android 9 | Projector for Home | LED Cinema | 350ANSI | 3900 lumens | WiFi Bluetooth | HDMI ARC | Dolby DTS | 4D Keystone Correction (Global Version),13990.0,2,52,4.5,7
ORD-00112,2023-03-29,1796.0,45.8,Computers&Accessories,Accessories&Peripherals,East,Corporate,"STRIFF Laptop Tabletop Stand, Fold-Up, Adjustable, Ventilated, Portable Holder for Desk, Aluminum Foldable Laptop Ergonomic Compatibility with up to 15.6-inch Laptop, All Mac, Tab, and Mobile (Silver)",449.0,4,55,4.0,2102
ORD-00113,2023-03-30,1196.0,-2.99,Electronics,"HomeTheater,TV&Video",South,Home Office,Isoelite Remote Compatible for Samsung LED/LCD Remote Control Works with All Samsung LED/LCD TV Model No :- BN59-607A (Please Match The Image with Your Old Remote),299.0,4,67,4.0,1588
ORD-00114,2023-03-30,110994.0,6493.15,Electronics,Mobiles&Accessories,South,Home Office,"Samsung Galaxy M33 5G (Mystique Green, 8GB, 128GB Storage) | 6000mAh Battery | Upto 16GB RAM with RAM Plus | Travel Adapter to be Purchased Separately",18499.0,6,29,4.1,22318
ORD-00115,2023-04-01,10194.0,606.54,Home&Kitchen,Kitchen&HomeAppliances,Central,Corporate,Pigeon by Stovekraft Cruise 1800 watt Induction Cooktop (Black),1699.0,6,47,3.8,54032
ORD-00116,2023-04-01,14495.0,1565.46,Home&Kitchen,"Heating,Cooling&AirQuality",North,Home Office,Havells Festiva 1200mm Dust Resistant Ceiling Fan (Gold Mist),2899.0,5,28,4.3,7140
ORD-00117,2023-04-02,2997.0,169.33,Home&Kitchen,Kitchen&HomeAppliances,East,Corporate,KENT 16088 Vogue Electric Kettle 1.8 Litre 1500 W | Stainless Steel body | Auto shut off over heating protection | 1 Year Warranty,999.0,3,49,3.8,305
ORD-00118,2023-04-02,1996.0,37.92,Computers&Accessories,Accessories&Peripherals,East,Corporate,"PC SQUARE Laptop Tabletop Stand/ Computer Tablet Stand 6 Angles Adjustable Aluminum Ergonomic Foldable Portable Desktop Holder Compatible with MacBook, HP, Dell, Lenovo & All Other Notebook (Silver)",499.0,4,62,4.1,2740
ORD-00119,2023-04-02,14315.0,1674.86,Home&Kitchen,Kitchen&HomeAppliances,East,Home Office,Borosil Jumbo 1000-Watt Grill Sandwich Maker (Black),2863.0,5,22,4.3,6987
ORD-00120,2023-04-03,5996.0,518.65,Computers&Accessories,Accessories&Peripherals,South,Home Office,"Belkin Apple Certified Lightning To Type C Cable, Fast Charging For Iphone, Ipad, Air Pods, 3.3 Feet (1 Meters)    White",1499.0,4,25,4.4,1951
ORD-00121,2023-04-05,13490.0,1214.1,Home&Kitchen,Kitchen&HomeAppliances,Central,Home Office,Prestige PIC 16.0+ 1900W Induction Cooktop with Soft Touch Push Buttons (Black),2698.0,5,32,4.0,15034
ORD-00122,2023-04-05,516.0,-7.48,Computers&Accessories,Accessories&Peripherals,North,Consumer,"STRIFF Mpad Mouse Mat 230X190X3mm Gaming Mouse Pad, Non-Slip Rubber Base, Waterproof Surface, Premium-Textured, Compatible with Laser and Optical Mice(Universe Black)",129.0,4,87,4.2,491
ORD-00123,2023-04-05,7944.0,516.36,Electronics,Mobiles&Accessories,South,Home Office,"Nokia 105 Plus Single SIM, Keypad Mobile Phone with Wireless FM Radio, Memory Card Slot and MP3 Player | Charcoal",1324.0,6,22,4.0,128311
ORD-00124,2023-04-05,1396.0,31.41,Computers&Accessories,Accessories&Peripherals,South,Consumer,"Synqe Type C to Type C Short Fast Charging 60W Cable Compatible with Samsung Galaxy Z Fold3 5G, Z Flip3 5G, S22 5G, S22 Ultra, S21, S20, S20FE, A52, A73, A53 (0.25M, Black)",349.0,4,65,4.3,838
ORD-00125,2023-04-05,745.0,49.92,Home&Kitchen,Kitchen&HomeAppliances,Central,Home Office,Abode Kitchen Essential Measuring Cup & Spoon for Spices | for Cooking and Baking Cake | Multipurpose Tablespoon Cups with Ring Holder | (Black),149.0,5,50,4.1,4074
ORD-00126,2023-04-05,6245.0,256.04,Electronics,"HomeTheater,TV&Video",South,Corporate,TATA SKY HD Connection with 1 month basic package and free installation,1249.0,5,46,4.3,7636
ORD-00127,2023-04-06,26196.0,1532.47,Home&Kitchen,"Heating,Cooling&AirQuality",East,Home Office,"Morphy Richards OFR Room Heater, 09 Fin 2000 Watts Oil Filled Room Heater , ISI Approved (OFR 9 Grey)",6549.0,4,53,4.0,2961
ORD-00128,2023-04-07,2445.0,-39.12,Electronics,Mobiles&Accessories,South,Consumer,"WeCool C1 Car Mobile Holder with One Click Technology,360° Rotational, Strong Suction Cup,Compatible with 4 to 6 Inch Devices, Wildshield and Dashboard Mobile Holder for Car, and Use",489.0,5,76,4.0,3626
ORD-00129,2023-04-08,4995.0,59.94,Electronics,HomeAudio,Central,Corporate,"boAt Stone 180 5W Bluetooth Speaker with Upto 10 Hours Playback, 1.75"" Driver, IPX7 & TWS Feature(Black)",999.0,5,60,4.1,18331
ORD-00130,2023-04-08,74940.0,5470.62,Electronics,Mobiles&Accessories,South,Home Office,"OPPO A31 (Mystery Black, 6GB RAM, 128GB Storage) with No Cost EMI/Additional Exchange Offers",12490.0,6,22,4.2,58506
ORD-00131,2023-04-08,796.0,53.33,Home&Kitchen,Kitchen&HomeAppliances,West,Consumer,Eco Crystal J 5 inch Cartridge (Pack of 2),199.0,4,50,4.1,1379
ORD-00132,2023-04-09,1374.0,117.48,Computers&Accessories,Accessories&Peripherals,Central,Consumer,MI Usb Type-C Cable Smartphone (Black),229.0,6,23,4.3,30411
ORD-00133,2023-04-09,1374.0,117.48,Computers&Accessories,Accessories&Peripherals,Central,Consumer,MI Usb Type-C Cable Smartphone (Black),229.0,6,23,4.3,30411
ORD-00134,2023-04-09,1374.0,117.48,Computers&Accessories,Accessories&Peripherals,Central,Consumer,MI Usb Type-C Cable Smartphone (Black),229.0,6,23,4.3,30411
ORD-00135,2023-04-10,2868.0,5.74,Electronics,"HomeTheater,TV&Video",South,Consumer,Firestick Remote,1434.0,2,64,4.0,32
ORD-00136,2023-04-11,4745.0,211.15,Computers&Accessories,Accessories&Peripherals,East,Consumer,"AmazonBasics USB C to Lightning Aluminum with Nylon Braided MFi Certified Charging Cable (Grey, 1.2 meter)",949.0,5,53,4.4,13552
ORD-00137,2023-04-11,750.0,90.0,Toys&Games,Arts&Crafts,Central,Corporate,Faber-Castell Connector Pen Set - Pack of 25 (Assorted),150.0,5,0,4.3,15867
ORD-00138,2023-04-11,10796.0,1020.22,Home&Kitchen,"Heating,Cooling&AirQuality",North,Consumer,NEXOMS Instant Heating Water Tap Wall Mounted with 3 Pin Indian Plug (16Amp),2699.0,4,29,4.0,727
ORD-00139,2023-04-12,4803.0,276.17,Home&Kitchen,Kitchen&HomeAppliances,Central,Home Office,"iBELL Induction Cooktop, 2000W with Auto Shut Off and Overheat Protection, BIS Certified, Black",1601.0,3,59,4.2,156
ORD-00140,2023-04-13,6654.0,199.62,Computers&Accessories,ExternalDevices&DataStorage,West,Corporate,"SanDisk Ultra Dual Drive Go USB Type C Pendrive for Mobile (Black, 128 GB, 5Y - SDDDC3-128G-I35)",1109.0,6,60,4.3,53464
ORD-00141,2023-04-13,5996.0,482.68,Home&Kitchen,"Heating,Cooling&AirQuality",Central,Corporate,Campfire Spring Chef Prolix Instant Portable Water Heater Geyser 1Ltr. for Use Home Stainless Steel Baking Rack | Restaurant | Office | Labs | Clinics | Saloon | with Installation Kit (With MCB),1499.0,4,57,4.7,2591
ORD-00142,2023-04-14,2495.0,200.85,Electronics,Mobiles&Accessories,South,Home Office,Mi 10W Wall Charger for Mobile Phones with Micro USB Cable (Black),499.0,5,17,4.2,21916
ORD-00143,2023-04-15,1512.0,28.73,Computers&Accessories,Accessories&Peripherals,North,Consumer,"Portronics Ruffpad 8.5M Multicolor LCD Writing Pad with Screen 21.5cm (8.5-inch) for Drawing, Playing, Handwriting Gifts for Kids & Adults, India's first notepad to save and share your child's first creatives via Ruffpad app on your Smartphone(Black)",378.0,4,62,4.1,1779
ORD-00144,2023-04-15,8475.0,1237.35,Home&Kitchen,Kitchen&HomeAppliances,West,Home Office,"PHILIPS HL1655/00 Hand Blender, White Jar 250W",1695.0,5,0,4.2,14290
ORD-00145,2023-04-16,6995.0,377.73,Computers&Accessories,Accessories&Peripherals,North,Home Office,TABLE MAGIC Multipurpose Laptop Table Mat Finish Top Work at Home Study Table (TM Regular- Black) (Alloy Steel),1399.0,5,44,4.3,11074
ORD-00146,2023-04-16,14997.0,569.89,Home&Kitchen,Kitchen&HomeAppliances,Central,Corporate,"Aqua d pure Active Copper 12-L RO+UV Water Filter Purifier for Home, Kitchen Fully Automatic UF+TDS Controller",4999.0,3,80,4.5,287
ORD-00147,2023-04-17,6995.0,500.14,Home&Kitchen,"Heating,Cooling&AirQuality",South,Consumer,Bajaj Frore 1200 mm Ceiling Fan (Brown),1399.0,5,47,4.1,9349
ORD-00148,2023-04-17,1497.0,29.94,Electronics,"HomeTheater,TV&Video",Central,Home Office,7SEVEN® Compatible Vu Smart Tv Remote Control Suitable for Original 4K Android LED Ultra HD UHD Vu Tv Remote with Non Voice Feature without google assistant,499.0,3,44,3.7,185
ORD-00149,2023-04-17,8725.0,920.49,Home&Kitchen,Kitchen&HomeAppliances,North,Home Office,KENT 16051 Hand Blender 300 W | 5 Variable Speed Control | Multiple Beaters & Dough Hooks | Turbo Function,1745.0,5,27,4.2,14160
ORD-00150,2023-04-18,1745.0,14.83,Electronics,Cameras&Photography,North,Home Office,"DIGITEK® (DTR-200MT) (18 CM) Portable & Flexible Mini Tripod with Mobile Holder & 360 Degree Ball Head, For Smart Phones, Compact Cameras, GoPro, Maximum Operating Height: 7.87 Inch, Maximum Load Upto: 1 kgs",349.0,5,65,4.2,6676
ORD-00151,2023-04-21,4745.0,690.4,Home&Kitchen,Kitchen&HomeAppliances,Central,Home Office,"Philips Hi113 1000-Watt Plastic Body Ptfe Coating Dry Iron, Pack of 1",949.0,5,3,4.3,7223
ORD-00152,2023-04-21,445.0,64.97,Home&Kitchen,Kitchen&HomeAppliances,West,Corporate,"VR 18 Pcs - 3 Different Size Plastic Food Snack Bag Pouch Clip Sealer Large, Medium, Small Plastic Snack Seal Sealing Bag Clips Vacuum Sealer (Set of 18, Multi-Color) (Multicolor)",89.0,5,0,4.2,19621
ORD-00153,2023-04-22,399.0,11.17,Computers&Accessories,Accessories&Peripherals,West,Home Office,"Syncwire LTG to USB Cable for Fast Charging Compatible with Phone 5/ 5C/ 5S/ 6/ 6S/ 7/8/ X/XR/XS Max/ 11/12/ 13 Series and Pad Air/Mini, Pod & Other Devices (1.1 Meter, White)",399.0,1,80,5.0,5
ORD-00154,2023-04-23,795.0,17.49,Computers&Accessories,Accessories&Peripherals,North,Corporate,Portronics Konnect L 1.2M POR-1401 Fast Charging 3A 8 Pin USB Cable with Charge & Sync Function (White),159.0,5,60,4.1,4768
ORD-00155,2023-04-23,795.0,17.49,Computers&Accessories,Accessories&Peripherals,North,Corporate,Portronics Konnect L 1.2M POR-1401 Fast Charging 3A 8 Pin USB Cable with Charge & Sync Function (White),159.0,5,60,4.1,4768
ORD-00156,2023-04-23,795.0,17.49,Computers&Accessories,Accessories&Peripherals,North,Corporate,Portronics Konnect L 1.2M POR-1401 Fast Charging 3A 8 Pin USB Cable with Charge & Sync Function (White),159.0,5,60,4.1,4768
ORD-00157,2023-04-24,6605.0,852.04,Home&Kitchen,Kitchen&HomeAppliances,West,Home Office,"Philips GC181 Heavy Weight 1000-Watt Dry Iron, Pack of 1",1321.0,5,14,4.3,15453
ORD-00158,2023-04-27,8995.0,494.73,Home&Kitchen,Kitchen&HomeAppliances,West,Consumer,Pigeon By Stovekraft ABS Plastic Acer Plus Induction Cooktop 1800 Watts With Feather Touch Control - Black,1799.0,5,50,3.8,9791
ORD-00159,2023-04-27,6995.0,-129.41,Electronics,"Headphones,Earbuds&Accessories",East,Corporate,"Boult Audio Airbass Z20 True Wireless, 40H Battery Life, Zen ENC Mic, Type-C Lightning Boult Fast Charging (10Mins=100Mins), BoomX Tech Bass, ENC, IPX5 in Ear Earbuds with mic (Green)",1399.0,5,75,3.9,9504
ORD-00160,2023-04-27,2275.0,138.78,Home&Kitchen,Kitchen&HomeAppliances,Central,Home Office,"StyleHouse Lint Remover for Woolen Clothes, Electric Lint Remover, Best Lint Shaver for Clothes",455.0,5,54,4.1,3578
ORD-00161,2023-04-28,27495.0,1622.21,Home&Kitchen,"Heating,Cooling&AirQuality",South,Home Office,"Bajaj New Shakti Neo 15L Vertical Storage Water Heater (Geyser 15 litres) 4 Star BEE Rated Heater For Water Heating with Titanium Armour, Swirl Flow Technology, Glasslined Tank (White), 1 Yr Warranty",5499.0,5,58,4.2,6398
ORD-00162,2023-04-29,895.0,14.32,Computers&Accessories,Accessories&Peripherals,East,Consumer,Gizga Essentials Laptop Power Cable Cord- 3 Pin Adapter Isi Certified(1 Meter/3.3 Feet),179.0,5,64,4.1,10174
ORD-00163,2023-04-29,14495.0,862.45,Home&Kitchen,Kitchen&HomeAppliances,West,Home Office,"Wonderchef Nutri-blend Mixer, Grinder & Blender | Powerful 400W 22000 RPM motor | Stainless steel Blades | 3 unbreakable jars | 2 Years warranty | Online recipe book by Chef Sanjeev Kapoor | Black",2899.0,5,47,3.8,8958
ORD-00164,2023-04-30,3270.0,71.94,Home&Kitchen,"Heating,Cooling&AirQuality",South,Consumer,"Candes BlowHot All in One Silent Blower Fan Room Heater (ABS Body, White, Brown) 2000 Watts",1090.0,3,64,3.5,57
ORD-00165,2023-05-02,21996.0,1231.78,Home&Kitchen,"Heating,Cooling&AirQuality",Central,Consumer,"Bajaj New Shakti Neo Plus 15 Litre 4 Star Rated Storage Water Heater (Geyser) with Multiple Safety System, White",5499.0,4,52,3.9,959
ORD-00166,2023-05-02,1194.0,69.85,Computers&Accessories,Accessories&Peripherals,Central,Home Office,"Ambrane Unbreakable 60W / 3A Fast Charging 1.5m Braided Micro USB Cable for Smartphones, Tablets, Laptops & Other Micro USB Devices, 480Mbps Data Sync, Quick Charge 3.0 (RCM15, Black)",199.0,6,33,4.0,43994
ORD-00167,2023-05-02,1194.0,69.85,Computers&Accessories,Accessories&Peripherals,Central,Home Office,"Ambrane Unbreakable 60W / 3A Fast Charging 1.5m Braided Micro USB Cable for Smartphones, Tablets, Laptops & Other Micro USB Devices, 480Mbps Data Sync, Quick Charge 3.0 (RCM15, Black)",199.0,6,33,4.0,43994
ORD-00168,2023-05-03,7497.0,-11.25,Electronics,WearableTechnology,Central,Corporate,"boAt Newly Launched Wave Electra with 1.81"" HD Display, Smart Calling Ultra-Seamless BT Calling Chip, 20 Built-in Watch Faces, 100 + Sports Modes, Menu Personalization, in-Built Games(Cherry Blossom)",2499.0,3,69,4.1,154
ORD-00169,2023-05-06,2245.0,84.19,Computers&Accessories,Accessories&Peripherals,East,Consumer,"AirCase Protective Laptop Bag Sleeve fits Upto 14.1"" Laptop/ MacBook, Wrinkle Free, Padded, Waterproof Light Neoprene case Cover Pouch, for Men & Women, Black- 6 Months Warranty",449.0,5,55,4.3,9701
ORD-00170,2023-05-08,4245.0,-70.04,Computers&Accessories,Accessories&Peripherals,Central,Consumer,"Callas Multipurpose Foldable Laptop Table with Cup Holder | Drawer | Mac Holder | Table Holder Study Table, Breakfast Table, Foldable and Portable/Ergonomic & Rounded Edges/Non-Slip Legs (WA-27-Black)",849.0,5,83,4.0,20457
ORD-00171,2023-05-09,2397.0,143.82,Home&Kitchen,"Heating,Cooling&AirQuality",South,Home Office,"Room Heater Warmer Wall-Outlet 400 Watts Electric Handy Room Heater (Room Heaters Home for Bedroom, Reading Books, Work, bathrooms, Rooms, Offices, Home Offices,2022",799.0,3,60,4.3,70
ORD-00172,2023-05-11,13710.0,1473.83,Home&Kitchen,Kitchen&HomeAppliances,North,Home Office,"INALSA Hand Blender 1000 Watt with Chopper, Whisker, 600 ml Multipurpose Jar|Variable Speed And Turbo Speed Function |100% Copper Motor |Low Noise |ANTI-SPLASH TECHNOLOGY|2 Year Warranty",2742.0,5,31,4.4,11148
ORD-00173,2023-05-12,111741.0,5698.79,Computers&Accessories,Laptops,West,Home Office,"Lenovo IdeaPad 3 11th Gen Intel Core i3 15.6"" FHD Thin & Light Laptop(8GB/512GB SSD/Windows 11/Office 2021/2Yr Warranty/3months Xbox Game Pass/Platinum Grey/1.7Kg), 81X800LGIN",37247.0,3,38,4.0,323
ORD-00174,2023-05-12,4740.0,381.57,Home&Kitchen,"Heating,Cooling&AirQuality",South,Corporate,"BAJAJ PYGMY MINI 110 MM 10 W HIGH SPEED OPERATION, USB CHARGING, MULTI-CLIP FUNCTION PERSONAL FAN",948.0,5,41,4.1,4370
ORD-00175,2023-05-13,258.0,-2.71,Computers&Accessories,Accessories&Peripherals,Central,Home Office,"Lava Charging Adapter Elements D3 2A Fast Charging Speed Usb Type C Data Cable, White",129.0,2,71,3.7,41
ORD-00176,2023-05-14,695.0,13.21,Computers&Accessories,Accessories&Peripherals,North,Home Office,"ZEBRONICS Zeb-Comfort Wired USB Mouse, 3-Button, 1000 DPI Optical Sensor, Plug & Play, for Windows/Mac, Black",139.0,5,54,3.8,3044
ORD-00177,2023-05-15,4794.0,321.2,Computers&Accessories,Accessories&Peripherals,South,Corporate,"Logitech M221 Wireless Mouse, Silent Buttons, 2.4 GHz with USB Mini Receiver, 1000 DPI Optical Tracking, 18-Month Battery Life, Ambidextrous PC / Mac / Laptop - Charcoal Grey",799.0,6,38,4.4,34852
ORD-00178,2023-05-16,7495.0,1124.25,Home&Kitchen,Kitchen&HomeAppliances,West,Consumer,Bajaj ATX 4 750-Watt Pop-up Toaster (White),1499.0,5,0,4.3,9331
ORD-00179,2023-05-17,716.0,-22.2,Electronics,"HomeTheater,TV&Video",West,Corporate,"Airtel DigitalTV DTH Television, Setup Box Remote Compatible for SD and HD Recording (Black)",179.0,4,78,3.7,2201
ORD-00180,2023-05-17,3495.0,122.33,Electronics,Mobiles&Accessories,West,Home Office,"Oraimo 18W USB & Type-C Dual Output Super Fast Charger Wall Adapter PE2.0&Quick Charge 3.0 & Power Delivery 3.0 Compatible for iPhone 13/13 Mini/13 Pro Max/12/12 Pro Max, iPad Mini/Pro, Pixel, Galaxy, Airpods Pro",699.0,5,42,4.0,14403
ORD-00181,2023-05-17,1685.0,47.18,Electronics,Mobiles&Accessories,West,Corporate,"Portronics CarPower Mini Car Charger with Dual Output, Fast Charging (Type C PD 18W + QC 3.0A) Compatible with All Smartphones(Black)",337.0,5,52,4.2,4969
ORD-00182,2023-05-17,3495.0,122.33,Electronics,Mobiles&Accessories,West,Home Office,"Oraimo 18W USB & Type-C Dual Output Super Fast Charger Wall Adapter PE2.0&Quick Charge 3.0 & Power Delivery 3.0 Compatible for iPhone 13/13 Mini/13 Pro Max/12/12 Pro Max, iPad Mini/Pro, Pixel, Galaxy, Airpods Pro",699.0,5,42,4.0,14404
ORD-00183,2023-05-18,1196.0,-31.69,Electronics,"HomeTheater,TV&Video",Central,Home Office,LOHAYA Television Remote Compatible for VU LED LCD HD Tv Remote Control Model No :- EN2B27V,299.0,4,75,3.7,490
ORD-00184,2023-05-20,10780.0,1660.12,Home&Kitchen,Kitchen&HomeAppliances,East,Consumer,Philips HD9306/06 1.5-Litre Electric Kettle (Multicolor),2695.0,4,0,4.4,2518
ORD-00185,2023-05-25,214995.0,12899.7,Electronics,"HomeTheater,TV&Video",Central,Consumer,OnePlus 138.7 cm (55 inches) U Series 4K LED Smart Android TV 55U1S (Black),42999.0,5,28,4.1,6753
ORD-00186,2023-05-27,6995.0,143.4,OfficeProducts,OfficePaperProducts,Central,Corporate,"Portronics Ruffpad 15 Re-Writable LCD Screen 38.1cm (15-inch) Writing Pad for Drawing, Playing, Handwriting Gifts for Kids & Adults (Grey)",1399.0,5,53,4.3,3530
ORD-00187,2023-05-27,2996.0,260.65,Home&Kitchen,"Heating,Cooling&AirQuality",North,Consumer,"Bajaj Minor 1000 Watts Radiant Room Heater (Steel, ISI Approved)",749.0,4,34,4.0,2446
ORD-00188,2023-05-29,2214.0,96.31,Electronics,Accessories,Central,Corporate,"SanDisk Ultra microSD UHS-I Card 32GB, 120MB/s R",369.0,6,47,4.4,67259
ORD-00189,2023-05-29,69995.0,3989.72,Electronics,Mobiles&Accessories,South,Consumer,"iQOO Z6 44W by vivo (Lumina Blue, 4GB RAM, 128GB Storage) | 6.44"" FHD+ AMOLED Display | 50% Charge in just 27 mins | in-Display Fingerprint Scanning",13999.0,5,30,4.1,19252
ORD-00190,2023-05-30,3995.0,103.87,Computers&Accessories,Accessories&Peripherals,South,Corporate,"Amazon Basics USB C to Lightning TPE MFi Certified Charging Cable (White, 1.2 meter)",799.0,5,60,4.2,8583
ORD-00191,2023-06-01,2980.0,289.06,Computers&Accessories,"Printers,Inks&Accessories",Central,Consumer,HP GT 53 XL Cartridge Ink,596.0,5,18,4.4,3219
ORD-00192,2023-06-01,14994.0,1049.58,Electronics,Cameras&Photography,West,Corporate,TP-Link Tapo 360° 2MP 1080p Full HD Pan/Tilt Home Security Wi-Fi Smart Camera| Alexa Enabled| 2-Way Audio| Night Vision| Motion Detection| Sound and Light Alarm| Indoor CCTV (Tapo C200) White,2499.0,6,24,4.2,93112
ORD-00193,2023-06-02,995.0,21.89,Computers&Accessories,Accessories&Peripherals,South,Corporate,"boAt Type C A325 Tangle-free, Sturdy Type C Cable with 3A Rapid Charging & 480mbps Data Transmission(Black)",199.0,5,60,4.1,13045
ORD-00194,2023-06-02,7794.0,268.89,Computers&Accessories,ExternalDevices&DataStorage,West,Consumer,"SanDisk Ultra Dual Drive Luxe USB Type C Flash Drive (Silver, 128 GB, 5Y - SDDDC4-128G-I35)",1299.0,6,57,4.3,23022
ORD-00195,2023-06-02,995.0,21.89,Computers&Accessories,Accessories&Peripherals,South,Corporate,"boAt Type C A325 Tangle-free, Sturdy Type C Cable with 3A Rapid Charging & 480mbps Data Transmission(Black)",199.0,5,60,4.1,13045
ORD-00196,2023-06-03,14990.0,404.73,Electronics,WearableTechnology,South,Home Office,"Noise ColorFit Pro 4 Advanced Bluetooth Calling Smart Watch with 1.72"" TruView Display, Fully-Functional Digital Crown, 311 PPI, 60Hz Refresh Rate, 500 NITS Brightness (Charcoal Black)",2998.0,5,50,4.1,5179
ORD-00197,2023-06-03,14990.0,404.73,Electronics,WearableTechnology,South,Home Office,"Noise ColorFit Pro 4 Advanced Bluetooth Calling Smart Watch with 1.72"" TruView Display, Fully-Functional Digital Crown, 311 PPI, 60Hz Refresh Rate, 500 NITS Brightness (Charcoal Black)",2998.0,5,50,4.1,5179
ORD-00198,2023-06-04,1614.0,-8.07,Electronics,Mobiles&Accessories,Central,Consumer,"ELV Aluminum Adjustable Mobile Phone Foldable Tabletop Stand Dock Mount for All Smartphones, Tabs, Kindle, iPad (Black)",269.0,6,82,4.5,28978
ORD-00199,2023-06-04,49996.0,2049.84,Electronics,"HomeTheater,TV&Video",South,Consumer,Acer 80 cm (32 inches) S Series HD Ready Android Smart LED TV AR32AR2841HDSB (Black),12499.0,4,46,4.3,1611
ORD-00200,2023-06-04,10445.0,772.93,Home&Kitchen,Kitchen&HomeAppliances,North,Corporate,Usha CookJoy (CJ1600WPC) 1600 Watt Induction cooktop (Black),2089.0,5,48,4.2,11199
ORD-00201,2023-06-04,11994.0,725.64,Electronics,HomeAudio,Central,Corporate,"JBL Go 2, Wireless Portable Bluetooth Speaker with Mic, JBL Signature Sound, Vibrant Color Options with IPX7 Waterproof & AUX (Blue)",1999.0,6,33,4.3,63899
ORD-00202,2023-06-05,685.0,56.86,OfficeProducts,OfficePaperProducts,West,Home Office,"Classmate 2100117 Soft Cover 6 Subject Spiral Binding Notebook, Single Line, 300 Pages",137.0,5,14,4.4,6537
ORD-00203,2023-06-05,995.0,-0.5,Computers&Accessories,Accessories&Peripherals,East,Home Office,"CARECASE® Optical Bay 2nd Hard Drive Caddy, 9.5 mm CD/DVD Drive Slot for SSD and HDD",199.0,5,75,4.1,7333
ORD-00204,2023-06-05,450.0,62.55,Home&Kitchen,CraftMaterials,North,Consumer,Classmate Octane Colour Burst-Multicolour Gel Pens (Pack of 10) | Gold & Silver Glitter Sparkle Pens|10 colour ink shades for art lovers and kids|Fun at home essentials,90.0,5,10,4.4,10718
ORD-00205,2023-06-06,627.0,-3.13,Electronics,Mobiles&Accessories,East,Consumer,"EN LIGNE Adjustable Cell Phone Stand, Foldable Portable Phone Stand Phone Holder for Desk, Desktop Tablet Stand Compatible with Mobile Phone/iPad/Tablet (Black)",209.0,3,58,3.6,104
ORD-00206,2023-06-07,2795.0,208.23,Home&Kitchen,Kitchen&HomeAppliances,South,Consumer,"Morphy Richards Daisy 1000W Dry Iron with American Heritage Non-Stick Coated Soleplate, White",559.0,5,45,4.1,17325
ORD-00207,2023-06-07,3585.0,354.92,Computers&Accessories,"Printers,Inks&Accessories",West,Consumer,HP 805 Black Original Ink Cartridge,717.0,5,6,4.0,7199
ORD-00208,2023-06-07,10794.0,64.76,Electronics,"Headphones,Earbuds&Accessories",North,Consumer,"boAt Rockerz 550 Over Ear Bluetooth Headphones with Upto 20 Hours Playback, 50MM Drivers, Soft Padded Ear Cushions and Physical Noise Isolation, Without Mic (Black)",1799.0,6,64,4.1,55192
ORD-00209,2023-06-08,1356.0,22.37,Computers&Accessories,Accessories&Peripherals,East,Corporate,"Zoul USB Type C Fast Charging 3A Nylon Braided Data Cable Quick Charger Cable QC 3.0 for Samsung Galaxy M31s M30 S10 S9 S20 Plus, Note 10 9 8, A20e A40 A50 A70 (1M, Grey)",339.0,4,69,4.3,974
ORD-00210,2023-06-10,16245.0,958.46,Home&Kitchen,Kitchen&HomeAppliances,South,Corporate,"Morphy Richards Icon Superb 750W Mixer Grinder, 4 Jars, Silver and Black",3249.0,5,58,4.2,4664
ORD-00211,2023-06-11,1745.0,-13.09,Electronics,Mobiles&Accessories,North,Home Office,"Tukzer Capacitive Stylus Pen for Touch Screens Devices, Fine Point, Lightweight Metal Body with Magnetism Cover Cap for Smartphones/Tablets/iPad/iPad Pro/iPhone (White)",349.0,5,65,3.8,16557
ORD-00212,2023-06-11,695.0,29.19,Computers&Accessories,Accessories&Peripherals,South,Consumer,"FLiX (Beetel) USB to Type C PVC Data Sync & 2A Smartphone Fast Charging Cable, Made in India, 480Mbps Data Sync, Tough Cable, 1 Meter Long USB Cable for USB Type C Devices Black XCD-C12",139.0,5,44,4.0,9377
ORD-00213,2023-06-11,7195.0,381.34,Computers&Accessories,Accessories&Peripherals,South,Home Office,"Lenovo 600 Bluetooth 5.0 Silent Mouse: Compact, Portable, Dongle-Free Multi-Device connectivity with Microsoft Swift Pair | 3-Level Adjustable DPI up to 2400 | Battery Life: up to 1 yr",1439.0,5,50,4.5,4099
ORD-00214,2023-06-11,11994.0,-119.94,Electronics,WearableTechnology,Central,Home Office,"Fire-Boltt Phoenix Smart Watch with Bluetooth Calling 1.3"",120+ Sports Modes, 240*240 PX High Res with SpO2, Heart Rate Monitoring & IP67 Rating",1999.0,6,80,4.3,27696
ORD-00215,2023-06-12,5995.0,467.61,Home&Kitchen,"Heating,Cooling&AirQuality",West,Consumer,"Amazon Brand - Solimo 2000/1000 Watts Room Heater with Adjustable Thermostat (ISI certified, White colour, Ideal for small to medium room/area)",1199.0,5,40,4.0,18543
ORD-00216,2023-06-13,498.0,2.74,Electronics,WearableTechnology,North,Corporate,Noise_Colorfit Smart Watch Charger 2 Pin USB Fast Charger Magnetic Charging Cable Adapter (Smart Watch Charger 2 pin),249.0,2,75,4.5,38
ORD-00217,2023-06-14,4396.0,516.53,Home&Kitchen,Kitchen&HomeAppliances,West,Consumer,"Cafe JEI French Press Coffee and Tea Maker 600ml with 4 Level Filtration System, Heat Resistant Borosilicate Glass (Black, 600ml)",1099.0,4,27,4.5,1065
ORD-00218,2023-06-14,69995.0,4199.7,Electronics,Mobiles&Accessories,North,Home Office,"Samsung Galaxy M13 5G (Aqua Green, 6GB, 128GB Storage) | 5000mAh Battery | Upto 12GB RAM with RAM Plus",13999.0,5,28,4.1,18998
ORD-00219,2023-06-16,5550.0,52.73,Electronics,"HomeTheater,TV&Video",North,Consumer,"PROLEGEND® PL-T002 Universal TV Stand Table Top for Most 22 to 65 inch LCD Flat Screen TV, VESA up to 800 by 400mm",1850.0,3,59,4.0,184
ORD-00220,2023-06-17,297.0,-6.24,Electronics,Mobiles&Accessories,South,Home Office,"LAPSTER 12pcs Spiral Cable Protectors for Charger, Wires, Data Charger Cable Protector for Computers, Cell Phones etc.(Grey)",99.0,3,90,4.4,305
ORD-00221,2023-06-17,1047.0,45.02,Electronics,"HomeTheater,TV&Video",West,Home Office,7SEVEN® Compatible Lg Smart Tv Remote Suitable for Any LG LED OLED LCD UHD Plasma Android Television and AKB75095303 replacement of Original Lg Tv Remote Control,349.0,3,42,4.2,284
ORD-00222,2023-06-17,1099.0,53.85,Home&Kitchen,"Heating,Cooling&AirQuality",West,Consumer,"Lifelong LLQH925 Dyno Quartz Heater 2 Power settings Tip Over Cut-off Switch 800 Watt Silent operation Power Indicator 2 Rod Room Heater (1 Year Warranty, Grey)",1099.0,1,54,3.8,4
ORD-00223,2023-06-18,4250.0,507.88,Home&Kitchen,Kitchen&HomeAppliances,West,Home Office,"Crompton InstaGlide 1000-Watts Dry Iron with American Heritage Coating, Pack of 1 Iron",850.0,5,15,4.1,7619
ORD-00224,2023-06-19,6645.0,245.86,Electronics,Accessories,South,Home Office,"SanDisk Extreme microSD UHS I Card 128GB for 4K Video on Smartphones,Action Cams 190MB/s Read,90MB/s Write",1329.0,5,54,4.5,19624
ORD-00225,2023-06-19,10794.0,-140.32,Electronics,WearableTechnology,Central,Corporate,"boAt Flash Edition Smart Watch with Activity Tracker, Multiple Sports Modes, 1.3"" Screen, 170+ Watch Faces, Sleep Monitor, Gesture, Camera & Music Control, IP68 & 7 Days Battery Life(Lightning Black)",1799.0,6,74,4.0,26880
ORD-00226,2023-06-19,1695.0,35.6,Computers&Accessories,Accessories&Peripherals,West,Home Office,"Wayona Type C Cable Nylon Braided USB C QC 3.0 Fast Charging Short Power Bank Cable for Samsung Galaxy S10e/S10+/S10/S9/S9+/Note 9/S8/Note 8, LG G7 G5 G6, Moto G6 G7 (0.25M, Black)",339.0,5,66,4.3,6255
ORD-00227,2023-06-19,10794.0,-140.32,Electronics,WearableTechnology,Central,Corporate,"boAt Flash Edition Smart Watch with Activity Tracker, Multiple Sports Modes, 1.3"" Screen, 170+ Watch Faces, Sleep Monitor, Gesture, Camera & Music Control, IP68 & 7 Days Battery Life(Lightning Black)",1799.0,6,74,4.0,26880
ORD-00228,2023-06-20,5400.0,10.8,Electronics,Mobiles&Accessories,East,Consumer,"URBN 10000 mAh Lithium Power Bank UPR10K with 12 Watt Fast Charging, Blue",900.0,6,64,4.0,36384
ORD-00229,2023-06-23,10475.0,1655.05,Home&Kitchen,Kitchen&HomeAppliances,Central,Consumer,Philips Daily Collection HD2582/00 830-Watt 2-Slice Pop-up Toaster (White),2095.0,5,0,4.5,7949
ORD-00230,2023-06-23,636.0,58.51,Electronics,GeneralPurposeBatteries&BatteryChargers,East,Home Office,Eveready Red 1012 AAA Batteries - Pack of 10,159.0,4,12,4.3,989
ORD-00231,2023-06-24,4995.0,134.86,Electronics,Mobiles&Accessories,South,Home Office,Spigen EZ Fit Tempered Glass Screen Protector for iPhone 14 Pro Max - 2 Pack (Sensor Protection),999.0,5,66,4.7,7779
ORD-00232,2023-06-25,23460.0,2733.09,Home&Kitchen,Kitchen&HomeAppliances,East,Corporate,"SUJATA Powermatic Plus, Juicer Mixer Grinder, 900 Watts, 2 Jars (White)",5865.0,4,25,4.4,2737
ORD-00233,2023-06-25,6495.0,-305.27,Electronics,WearableTechnology,Central,Consumer,"PTron Newly Launched Force X10 Bluetooth Calling Smartwatch with 1.7"" Full Touch Color Display, Real Heart Rate Monitor, SpO2, Watch Faces, 5 Days Runtime, Fitness Trackers & IP68 Waterproof (Blue)",1299.0,5,78,3.3,4415
ORD-00234,2023-06-25,500.0,-16.0,Computers&Accessories,Accessories&Peripherals,West,Corporate,Zodo 8. 5 inch LCD E-Writer Electronic Writing Pad/Tablet Drawing Board (Paperless Memo Digital Tablet),100.0,5,80,3.5,9638
ORD-00235,2023-06-25,1596.0,-12.77,Electronics,"HomeTheater,TV&Video",West,Consumer,7SEVEN® Compatible for Samsung Smart 4K Ultra HD TV Monitor Remote Control Replacement of Original Samsung TV Remote for LED OLED UHD QLED and Suitable for 6 7 8 Series Samsung TV with Hot Keys BN59-01259E,399.0,4,60,3.6,493
ORD-00236,2023-06-25,14840.0,1558.2,Home&Kitchen,Kitchen&HomeAppliances,East,Corporate,"Prestige PWG 07 Wet Grinder, 2L (Multicolor) with Coconut Scraper and Atta Kneader Attachments, 200 Watt",3710.0,4,14,3.7,1662
ORD-00237,2023-06-26,44995.0,1822.3,Electronics,Mobiles&Accessories,Central,Consumer,"Tecno Spark 9 (Sky Mirror, 6GB RAM,128GB Storage) | 11GB Expandable RAM | Helio G37 Gaming Processor",8999.0,5,33,3.8,3145
ORD-00238,2023-06-27,1396.0,0.7,Electronics,"HomeTheater,TV&Video",Central,Consumer,Cotbolt Silicone Case Cover Compatible for Samsung BN59-01312A QLED 8K 4K Smart TV Remote Shockproof Protective Remote Cover (Black),349.0,4,65,4.0,839
ORD-00239,2023-06-28,464.0,21.81,Electronics,GeneralPurposeBatteries&BatteryChargers,South,Home Office,"Duracell CR2016 3V Lithium Coin Battery, 5 pcs, 2016 Coin Button Cell Battery, DL2016",116.0,4,42,4.3,485
ORD-00240,2023-06-28,11160.0,775.62,Home&Kitchen,"Heating,Cooling&AirQuality",West,Home Office,"Orient Electric Aura Neo Instant 3L Water Heater (Geyser), 5-level Safety Shield, Stainless Steel Tank (White & Turquoise)",2790.0,4,43,3.9,588
ORD-00241,2023-06-28,63960.0,3869.58,Electronics,"HomeTheater,TV&Video",Central,Home Office,LG 80 cm (32 inches) HD Ready Smart LED TV 32LQ576BPSA (Ceramic Black),15990.0,4,33,4.3,1035
ORD-00242,2023-06-29,2396.0,237.2,Computers&Accessories,Accessories&Peripherals,East,Home Office,"HP M270 Backlit USB Wired Gaming Mouse with 6 Buttons, 4-Speed Customizable 2400 DPI, Ergonomic Design, Breathing LED Lighting, Metal Scroll Wheel, Lightweighted / 3 Years Warranty (7ZZ87AA), Black",599.0,4,14,4.3,2301
ORD-00243,2023-06-30,14097.0,1663.45,Electronics,HomeAudio,North,Corporate,Realme Smart TV Stick 4K,4699.0,3,0,4.5,224
ORD-00244,2023-07-01,2163.0,133.02,Electronics,"HomeTheater,TV&Video",West,Consumer,"Amazon Basics High-Speed HDMI Cable, 6 Feet - Supports Ethernet, 3D, 4K video,Black",309.0,7,35,4.4,426973
ORD-00245,2023-07-02,745.0,35.76,Computers&Accessories,Accessories&Peripherals,East,Corporate,"Zebronics Zeb-Power Wired USB Mouse, 3-Button, 1200 DPI Optical Sensor, Plug & Play, for Windows/Mac",149.0,5,40,4.0,5057
ORD-00246,2023-07-02,9495.0,522.22,Home&Kitchen,"Heating,Cooling&AirQuality",South,Consumer,ACTIVA Instant 3 LTR 3 KVA SPECIAL Anti Rust Coated Tank Geyser with Full ABS Body with 5 Year Warranty Premium (White),1899.0,5,50,3.8,3842
ORD-00247,2023-07-02,1380.0,-2.07,Computers&Accessories,Accessories&Peripherals,North,Home Office,"Gilary Multi Charging Cable, 3 in 1 Nylon Braided Fast Charging Cable for iPhone Micro USB Type C Mobile Phone | Colour May Vary |",345.0,4,65,3.7,1097
ORD-00248,2023-07-03,3894.0,241.43,Home&Kitchen,Kitchen&HomeAppliances,East,Home Office,"Pigeon by Stovekraft Amaze Plus Electric Kettle (14289) with Stainless Steel Body, 1.5 litre, used for boiling Water, making tea and coffee, instant noodles, soup etc. 1500 Watt (Silver)",649.0,6,48,3.9,123365
ORD-00249,2023-07-04,122495.0,2143.66,Electronics,"HomeTheater,TV&Video",Central,Corporate,AmazonBasics 108 cm (43 inches) 4K Ultra HD Smart LED Fire TV AB43U20PS (Black),24499.0,5,51,3.9,3518
ORD-00250,2023-07-05,4995.0,312.19,Computers&Accessories,Accessories&Peripherals,North,Home Office,"Belkin Apple Certified Lightning to USB Charge and Sync Cable for iPhone, iPad, Air Pods, 39.6 inch (100cm) – Black",999.0,5,41,4.4,7318
ORD-00251,2023-07-05,7960.0,350.24,Electronics,"HomeTheater,TV&Video",East,Consumer,"Cubetek 3 in 1 LCD Display V5.0 Bluetooth Transmitter Receiver, Bypass Audio Adapter with Aux, Optical, Dual Link Support for TV, Home Stereo, PC, Headphones, Speakers, Model: CB-BT27",1990.0,4,36,4.0,897
ORD-00252,2023-07-06,4878.0,663.41,Home&Kitchen,"Heating,Cooling&AirQuality",West,Home Office,Havells Bero Quartz Heater Black 800w 2 Heat Settings 2 Year Product Warranty,2439.0,2,4,4.1,25
ORD-00253,2023-07-06,1794.0,82.52,Electronics,Cameras&Photography,South,Consumer,"Gizga Essentials Professional 3-in-1 Cleaning Kit for Camera, Lens, Binocular, Laptop, TV, Monitor, Smartphone, Tablet (Includes: Cleaning Liquid 100ml, Plush Microfiber Cloth, Dust Removal Brush)",299.0,6,40,4.2,24432
ORD-00254,2023-07-07,7495.0,824.45,Home&Kitchen,Kitchen&HomeAppliances,Central,Home Office,"Pigeon Kessel Multipurpose Kettle (12173) 1.2 litres with Stainless Steel Body, used for boiling Water and milk, Tea, Coffee, Oats, Noodles, Soup etc. 600 Watt (Black & Silver)",1499.0,5,16,3.9,14667
ORD-00255,2023-07-07,1250.0,117.5,Electronics,GeneralPurposeBatteries&BatteryChargers,North,Corporate,"ENVIE® (AA10004PLNi-CD) AA Rechargeable Batteries, Low Self Discharge, AA 1000mAh Ni-CD (Pack of 4)",250.0,5,0,3.9,13971
ORD-00256,2023-07-08,144995.0,12832.06,Electronics,Mobiles&Accessories,North,Consumer,"iQOO Neo 6 5G (Dark Nova, 8GB RAM, 128GB Storage) | Snapdragon® 870 5G | 80W FlashCharge",28999.0,5,17,4.4,20311
ORD-00257,2023-07-08,2805.0,199.16,OfficeProducts,OfficePaperProducts,South,Home Office,"Classmate Long Notebook - 140 Pages, Single Line, 297mm x 210mm (Pack of 12)",561.0,5,22,4.4,3182
ORD-00258,2023-07-08,50436.0,4211.41,Home&Kitchen,Kitchen&HomeAppliances,South,Consumer,AGARO Imperial 240-Watt Slow Juicer with Cold Press Technology,12609.0,4,47,4.4,2288
ORD-00259,2023-07-08,2694.0,12.12,Electronics,"Headphones,Earbuds&Accessories",East,Home Office,boAt Bassheads 152 in Ear Wired Earphones with Mic(Active Black),449.0,6,65,4.1,91770
ORD-00260,2023-07-09,396.0,-17.82,Electronics,"Headphones,Earbuds&Accessories",North,Consumer,"Silicone Rubber Earbuds Tips, Eartips, Earpads, Earplugs, for Replacement in Earphones and Bluetooth Medium Size (10 Pcs Black)",99.0,4,90,3.8,594
ORD-00261,2023-07-10,13200.0,1353.0,Computers&Accessories,Accessories&Peripherals,East,Consumer,"Logitech K380 Wireless Multi-Device Keyboard for Windows, Apple iOS, Apple TV Android or Chrome, Bluetooth, Compact Space-Saving Design, PC/Mac/Laptop/Smartphone/Tablet (Dark Grey)",2640.0,5,17,4.5,16146
ORD-00262,2023-07-13,11055.0,1022.59,Home&Kitchen,Kitchen&HomeAppliances,East,Home Office,"AGARO Regal Electric Rice Cooker, 3L Ceramic Inner Bowl, Cooks Up to 600 Gms Raw Rice, SS Steamer, Preset Cooking Functions, Preset Timer, Keep Warm Function, LED Display, Black",3685.0,3,33,4.1,290
ORD-00263,2023-07-13,34000.0,2737.0,Home&Kitchen,"Heating,Cooling&AirQuality",West,Home Office,Crompton Amica 15-L 5 Star Rated Storage Water Heater (Geyser) with Free Installation (White),6800.0,5,41,4.1,10308
ORD-00264,2023-07-15,1495.0,37.38,Computers&Accessories,Accessories&Peripherals,East,Corporate,"Quantum QHM-7406 Full-Sized Keyboard with (₹) Rupee Symbol, Hotkeys and 3-pieces LED function for Desktop/Laptop/Smart TV Spill-Resistant Wired USB Keyboard with 10 million keystrokes lifespan (Black)",299.0,5,50,3.8,3066
ORD-00265,2023-07-16,6354.0,-6.35,Electronics,Accessories,North,Consumer,"Samsung EVO Plus 128GB microSDXC UHS-I U3 130MB/s Full HD & 4K UHD Memory Card with Adapter (MB-MC128KA), Blue",1059.0,6,74,4.3,140035
ORD-00266,2023-07-16,6894.0,24.13,Electronics,Accessories,North,Consumer,"Samsung EVO Plus 128GB microSDXC UHS-I U3 130MB/s Full HD & 4K UHD Memory Card with Adapter (MB-MC128KA), Blue",1149.0,6,71,4.3,140036
ORD-00267,2023-07-16,1495.0,101.66,Computers&Accessories,Accessories&Peripherals,Central,Corporate,"AirCase Rugged Hard Drive Case for 2.5-inch Western Digital, Seagate, Toshiba, Portable Storage Shell for Gadget Hard Disk USB Cable Power Bank Mobile Charger Earphone, Waterproof (Black)",299.0,5,40,4.5,21010
ORD-00268,2023-07-16,440.0,0.66,Computers&Accessories,Accessories&Peripherals,East,Consumer,"FLiX (Beetel USB to Type C PVC Data Sync & 15W(3A) TPE Fast Charging Cable, Made in India, 480Mbps Data Sync, 1 Meter Long cable for all Andriod & all Type C Devices (Black)(XCD - FPC02)",88.0,5,71,4.0,9378
ORD-00269,2023-07-18,29450.0,3681.25,Home&Kitchen,Kitchen&HomeAppliances,West,Consumer,Sujata Powermatic Plus 900 Watts Juicer Mixer Grinder,5890.0,5,22,4.5,7241
ORD-00270,2023-07-19,29196.0,-554.72,Electronics,"HomeTheater,TV&Video",West,Corporate,SKYWALL 81.28 cm (32 inches) HD Ready Smart LED TV 32SWELS-PRO (Black),7299.0,4,62,3.4,902
ORD-00271,2023-07-19,1596.0,150.02,Electronics,"HomeTheater,TV&Video",North,Home Office,LRIPL Compatible Sony Bravia LCD/led Remote Works with Almost All Sony led/LCD tv's,399.0,4,0,3.9,1951
ORD-00272,2023-07-19,687.0,25.42,Home&Kitchen,Kitchen&HomeAppliances,South,Consumer,"Ikea Little Loved Corner PRODUKT Milk-frother, Coffee/Tea Frother, Handheld Milk Wand Mixer Frother, Black",229.0,3,54,3.5,185
ORD-00273,2023-07-20,396.0,-11.09,Computers&Accessories,Accessories&Peripherals,South,Home Office,"pTron Solero T241 2.4A Type-C Data & Charging USB Cable, Made in India, 480Mbps Data Sync, Durable 1-Meter Long USB Cable for Smartphone, Type-C USB Devices (White)",99.0,4,88,3.9,1075
ORD-00274,2023-07-20,9995.0,-224.89,Electronics,WearableTechnology,Central,Consumer,"boAt Wave Call Smart Watch, Smart Talk with Advanced Dedicated Bluetooth Calling Chip, 1.69” HD Display with 550 NITS & 70% Color Gamut, 150+ Watch Faces, Multi-Sport Modes, HR, SpO2, IP68(Deep Blue)",1999.0,5,75,3.8,17831
ORD-00275,2023-07-21,144995.0,15949.45,Electronics,Mobiles&Accessories,North,Home Office,"OnePlus Nord 2T 5G (Gray Shadow, 8GB RAM, 128GB Storage)",28999.0,5,0,4.3,17415
ORD-00276,2023-07-21,1395.0,27.9,Electronics,"HomeTheater,TV&Video",Central,Consumer,"tizum HDMI to VGA Adapter Cable 1080P for Projector, Computer, Laptop, TV, Projectors & TV",279.0,5,44,3.7,10962
ORD-00277,2023-07-21,1395.0,27.9,Electronics,"HomeTheater,TV&Video",Central,Consumer,"tizum HDMI to VGA Adapter Cable 1080P for Projector, Computer, Laptop, TV, Projectors & TV",279.0,5,44,3.7,10962
ORD-00278,2023-07-22,20550.0,1428.22,Home&Kitchen,"Heating,Cooling&AirQuality",East,Home Office,Kenstar 2400 Watts 9 Fins Oil Filled Radiator with PTC Fan Heater (BLACK GOLD),6850.0,3,43,3.9,144
ORD-00279,2023-07-23,8394.0,37.77,Electronics,"Headphones,Earbuds&Accessories",Central,Consumer,"boAt Rockerz 255 Pro+ in-Ear Bluetooth Neckband with Upto 40 Hours Playback, ASAP  Charge, IPX7, Dual Pairing, BT v5.0, with Mic (Active Black)",1399.0,6,65,4.1,141841
ORD-00280,2023-07-24,1278.0,72.21,Home&Kitchen,Kitchen&HomeAppliances,West,Consumer,"KNOWZA Electric Handheld Milk Wand Mixer Frother for Latte Coffee Hot Milk, Milk Frother for Coffee, Egg Beater, Hand Blender, Coffee Beater (BLACK COFFEE BEATER)",426.0,3,57,4.1,222
ORD-00281,2023-07-24,996.0,36.85,Computers&Accessories,Accessories&Peripherals,Central,Corporate,"Portronics Konnect L 60W PD Type C to Type C Mobile Charging Cable, 1.2M, Fast Data Sync, Tangle Resistant, TPE+Nylon Braided(Grey)",249.0,4,50,4.1,1508
ORD-00282,2023-07-24,2745.0,-48.04,Computers&Accessories,Accessories&Peripherals,West,Corporate,"Gizga Essentials Multi-Purpose Portable & Foldable Wooden Desk for Bed Tray, Laptop Table, Study Table (Black)",549.0,5,73,3.6,6422
ORD-00283,2023-07-25,2653.0,23.88,Electronics,"Headphones,Earbuds&Accessories",North,Corporate,boAt Bassheads 100 in Ear Wired Earphones with Mic(Furious Red),379.0,7,62,4.1,363713
ORD-00284,2023-07-25,6450.0,425.7,Home&Kitchen,Kitchen&HomeAppliances,North,Corporate,"Croma 500W Mixer Grinder with 3 Stainless Steel Leak-proof Jars, 3 speed & Pulse function, 2 years warranty (CRAK4184, White & Purple)",1290.0,5,48,4.0,6530
ORD-00285,2023-07-25,4650.0,602.18,Home&Kitchen,Kitchen&HomeAppliances,East,Corporate,"Bajaj DX-7 1000W Dry Iron with Advance Soleplate and Anti-bacterial German Coating Technology, White",775.0,6,11,4.2,46647
ORD-00286,2023-07-26,9995.0,119.94,Electronics,WearableTechnology,West,Corporate,"Noise Pulse Go Buzz Smart Watch Bluetooth Calling with 1.69"" Display, 550 NITS, 150+ Cloud Watch Face, SPo2, Heart Rate Tracking, 100 Sports Mode with Auto Detection, Longer Battery (Jet Black)",1999.0,5,60,4.1,10689
ORD-00287,2023-07-26,1180.0,72.57,Home&Kitchen,Kitchen&HomeAppliances,West,Consumer,Ionix Jewellery Scale | Weight Scale | Digital Weight Machine | weight machine for gold | Electronic weighing machines for Jewellery 0.01G to 200G Small Weight Machine for Shop - Silver,295.0,4,51,4.0,1644
ORD-00288,2023-07-26,1556.0,119.81,Home&Kitchen,"Heating,Cooling&AirQuality",South,Consumer,"KNYUC MART Mini Electric Handy Room Heater Compact Plug-in, The Wall Outlet 400 Watts, Handy Air Warmer Blower Adjustable Timer Digital Display",778.0,2,22,3.3,8
ORD-00289,2023-07-26,9490.0,85.41,Electronics,WearableTechnology,West,Corporate,"Noise Pulse Go Buzz Smart Watch Bluetooth Calling with 1.69"" Display, 550 NITS, 150+ Cloud Watch Face, SPo2, Heart Rate Tracking, 100 Sports Mode with Auto Detection, Longer Battery (Jet Black)",1898.0,5,62,4.1,10689
ORD-00290,2023-07-27,2188.0,-28.44,Electronics,"HomeTheater,TV&Video",Central,Corporate,Caldipree Silicone Case Cover Compatible for 2022 Samsung Smart TV Remote QLED TV BN68-13897A TM2280E (2022-BLACK),547.0,4,82,4.3,407
ORD-00291,2023-07-27,1299.0,-18.19,Home&Kitchen,"Heating,Cooling&AirQuality",Central,Corporate,Khaitan ORFin Fan heater for Home and kitchen-K0 2215,1299.0,1,48,2.0,2
ORD-00292,2023-07-27,7495.0,374.75,Electronics,Mobiles&Accessories,North,Corporate,"MI 10000mAh Lithium Ion, Lithium Polymer Power Bank Pocket Pro with 22.5 Watt Fast Charging, Dual Input Ports(Micro-USB and Type C), Triple Output Ports, (Black)",1499.0,5,40,4.3,15970
ORD-00293,2023-07-30,2396.0,155.74,Home&Kitchen,Kitchen&HomeAppliances,North,Corporate,"Saiyam Stainless Steel Espresso Maker Stovetop Coffee Percolator Italian Coffee Maker Moka Pot (4 Cup - 200 ml, Silver)",599.0,4,54,4.2,590
ORD-00294,2023-07-30,639.0,0.32,Electronics,"HomeTheater,TV&Video",Central,Home Office,Remote Compatible for Samsung LED/LCD Remote Control Works with Samsung LED/LCD TV by Trend Trail,213.0,3,57,3.7,246
ORD-00295,2023-07-31,9995.0,1234.38,Home&Kitchen,"Heating,Cooling&AirQuality",Central,Corporate,Havells Ventil Air DX 200mm Exhaust Fan (White),1999.0,5,15,4.2,7801
ORD-00296,2023-08-01,920.0,52.9,Home&Kitchen,Kitchen&HomeAppliances,East,Corporate,Dynore Stainless Steel Set of 4 Measuring Cup and 4 Measuring Spoon,184.0,5,59,4.2,4971
ORD-00297,2023-08-01,6495.0,-3.25,Electronics,"Headphones,Earbuds&Accessories",West,Consumer,"Noise Buds Vs104 Bluetooth Truly Wireless in Ear Earbuds with Mic, 30-Hours of Playtime, Instacharge, 13Mm Driver and Hyper Sync (Charcoal Black)",1299.0,5,63,3.9,12452
ORD-00298,2023-08-02,1734.0,82.37,Computers&Accessories,Accessories&Peripherals,East,Home Office,"Lenovo 300 Wired Plug & Play USB Mouse, High Resolution 1600 DPI Optical Sensor, 3-Button Design with clickable Scroll Wheel, Ambidextrous, Ergonomic Mouse for Comfortable All-Day Grip (GX30M39704)",289.0,6,51,4.4,25886
ORD-00299,2023-08-04,8994.0,-58.46,Electronics,"Headphones,Earbuds&Accessories",East,Corporate,"boAt Airdopes 141 Bluetooth Truly Wireless in Ear Earbuds with mic, 42H Playtime, Beast Mode(Low Latency Upto 80ms) for Gaming, ENx Tech, ASAP Charge, IWP, IPX4 Water Resistance (Bold Black)",1499.0,6,67,3.9,136954
ORD-00300,2023-08-06,595.0,7.14,Electronics,Mobiles&Accessories,Central,Corporate,"Gizga Essentials Spiral Cable Protector Cord Saver for Mac Charger, iPhone Charger, Wire Protector, Lightweight Durable Flexible Wire Winder for Charging Cables, Data Cables, Earphones, Pack of 10",119.0,5,60,4.1,5999
ORD-00301,2023-08-06,2876.0,97.78,Computers&Accessories,Accessories&Peripherals,West,Home Office,"Wayona Type C to Lightning MFI Certified 20W Fast charging Nylon Braided USB C Cable for iPhone 14, 14 Pro, 14 Pro Max, 14 Plus, 13, 13 Pro, 13 Pro Max, 13 Mini, 12, 12 Pro, 11, 11 Pro Max iPhone 12 Mini, X, 8 (2M, Grey)",719.0,4,52,4.1,1045
ORD-00302,2023-08-06,33594.0,2956.27,Computers&Accessories,ExternalDevices&DataStorage,Central,Home Office,"Western Digital WD 2TB My Passport Portable Hard Disk Drive, USB 3.0 with  Automatic Backup, 256 Bit AES Hardware Encryption,Password Protection,Compatible with Windows and Mac, External HDD-Black",5599.0,6,24,4.4,73005
ORD-00303,2023-08-06,595.0,7.14,Electronics,Mobiles&Accessories,Central,Corporate,"Gizga Essentials Spiral Cable Protector Cord Saver for Mac Charger, iPhone Charger, Wire Protector, Lightweight Durable Flexible Wire Winder for Charging Cables, Data Cables, Earphones, Pack of 10",119.0,5,60,4.1,5999
ORD-00304,2023-08-07,450.0,34.65,OfficeProducts,OfficePaperProducts,Central,Home Office,"Pilot Frixion Clicker Roller Pen (Blue), (9000019529)",90.0,5,10,4.1,6199
ORD-00305,2023-08-08,8995.0,-274.35,Electronics,WearableTechnology,Central,Corporate,"Fire-Boltt Ninja Call Pro Plus 1.83"" Smart Watch with Bluetooth Calling, AI Voice Assistance, 100 Sports Modes IP67 Rating, 240*280 Pixel High Resolution",1799.0,5,91,4.2,13937
ORD-00306,2023-08-09,7825.0,281.7,Computers&Accessories,NetworkingDevices,South,Consumer,"Xiaomi Mi 4A Dual_Band Ethernet 1200Mbps Speed Router| 2.4GHz & 5GHz Frequency|128MB RAM | DualCore 4 Thread CPU|4 Omni Directional Antenna|Mi Wi-Fi app-Parental Control & Anti Hacking|Repeater, White",1565.0,5,48,4.0,11113
ORD-00307,2023-08-09,12245.0,1175.52,Home&Kitchen,Kitchen&HomeAppliances,Central,Consumer,USHA RapidMix 500-Watt Copper Motor Mixer Grinder with 3 Jars and 5 Years Warranty(Sea Green/White),2449.0,5,28,4.0,5206
ORD-00308,2023-08-11,1794.0,60.1,Computers&Accessories,Accessories&Peripherals,West,Corporate,"AmazonBasics USB 2.0 Extension Cable for Personal Computer, Printer, 2-Pack - A-Male to A-Female - 3.3 Feet (1 Meter, Black)",299.0,6,63,4.5,74977
ORD-00309,2023-08-12,4734.0,115.98,Computers&Accessories,Accessories&Peripherals,Central,Home Office,"Amazon Basics USB A to Lightning PVC Molded Nylon MFi Certified Charging Cable (Black, 1.2 meter)",789.0,6,61,4.2,34540
ORD-00310,2023-08-15,1245.0,43.58,Home&Kitchen,Kitchen&HomeAppliances,West,Consumer,PRO365 Indo Mocktails/Coffee Foamer/Cappuccino/Lemonade/Milk Frother (6 Months Warranty),249.0,5,50,3.3,8427
ORD-00311,2023-08-15,1400.0,34.3,Computers&Accessories,Accessories&Peripherals,South,Home Office,"Portronics Konnect CL 20W POR-1067 Type-C to 8 Pin USB 1.2M Cable with Power Delivery & 3A Quick Charge Support, Nylon Braided for All Type-C and 8 Pin Devices, Green",350.0,4,61,4.2,2262
ORD-00312,2023-08-15,31180.0,2650.3,Home&Kitchen,Kitchen&HomeAppliances,North,Consumer,"AGARO Ace 1600 Watts, 21.5 kPa Suction Power, 21 litres Wet & Dry Stainless Steel Vacuum Cleaner with Blower Function and Washable Dust Bag",6236.0,5,38,4.1,3552
ORD-00313,2023-08-15,87960.0,4793.82,Electronics,"HomeTheater,TV&Video",North,Home Office,Toshiba 108 cm (43 inches) V Series Full HD Smart Android LED TV 43V35KP (Silver),21990.0,4,37,4.3,1657
ORD-00314,2023-08-15,1400.0,34.3,Computers&Accessories,Accessories&Peripherals,South,Home Office,"Portronics Konnect CL 20W POR-1067 Type-C to 8 Pin USB 1.2M Cable with Power Delivery & 3A Quick Charge Support, Nylon Braided for All Type-C and 8 Pin Devices, Green",350.0,4,61,4.2,2262
ORD-00315,2023-08-15,1400.0,34.3,Computers&Accessories,Accessories&Peripherals,South,Home Office,"Portronics Konnect CL 20W POR-1067 Type-C to 8 Pin USB 1.2M Cable with Power Delivery & 3A Quick Charge Support, Nylon Braided for All Type-C and 8 Pin Devices, Green",350.0,4,61,4.2,2263
ORD-00316,2023-08-16,998.0,10.48,Home&Kitchen,Kitchen&HomeAppliances,South,Home Office,"ROYAL STEP Portable Electric USB Juice Maker Juicer Bottle Blender Grinder Mixer,6 Blades Rechargeable Bottle with (MULTII) (MULTI COLOUR 6 BLED JUICER MIXER)",499.0,2,77,3.7,53
ORD-00317,2023-08-17,2496.0,148.51,Electronics,"HomeTheater,TV&Video",South,Corporate,"BlueRigger Digital Optical Audio Toslink Cable (3.3 Feet / 1 Meter) With 8 Channel (7.1) Audio Support (for Home Theatre, Xbox, Playstation etc.)",416.0,6,31,4.2,30023
ORD-00318,2023-08-17,396.0,-7.13,Electronics,Mobiles&Accessories,South,Corporate,"STRIFF Multi Angle Tablet/Mobile Stand. Holder for iPhone, Android, Samsung, OnePlus, Xiaomi. Portable,Foldable Stand.Perfect for Bed,Office, Home,Gift and Desktop (Black)",99.0,4,80,4.1,2451
ORD-00319,2023-08-17,54995.0,3382.19,Electronics,Mobiles&Accessories,North,Home Office,"Samsung Galaxy M13 (Midnight Blue, 4GB, 64GB Storage) | 6000mAh Battery | Upto 8GB RAM with RAM Plus",10999.0,5,27,4.1,18998
ORD-00320,2023-08-17,5636.0,591.78,Home&Kitchen,"Heating,Cooling&AirQuality",West,Home Office,"Bajaj Deluxe 2000 Watts Halogen Room Heater (Steel, ISI Approved), Multicolor",1409.0,4,14,3.7,787
ORD-00321,2023-08-18,995.0,50.75,Home&Kitchen,HomeStorage&Organization,South,Corporate,"Kuber Industries Nylon Mesh Laundry Basket|Sturdy Material & Durable Handles|Netted Lightweight Laundry Bag, Size 36 x 36 x 58, Capicity 30 Ltr (Pink)",199.0,5,50,3.7,7945
ORD-00322,2023-08-19,957.0,73.21,Home&Kitchen,Kitchen&HomeAppliances,East,Consumer,Lint Remover Woolen Clothes Lint Extractor Battery Lint Removing Machine Bhur Remover,319.0,3,57,4.6,124
ORD-00323,2023-08-19,7196.0,449.75,Home&Kitchen,Kitchen&HomeAppliances,South,Consumer,"INALSA Vaccum Cleaner Handheld 800W High Powerful Motor- Dura Clean with HEPA Filtration & Strong Powerful 16KPA Suction| Lightweight, Compact & Durable Body|Includes Multiple Accessories,(Grey/Black)",1799.0,4,45,3.8,687
ORD-00324,2023-08-21,191960.0,9598.0,Electronics,"HomeTheater,TV&Video",East,Consumer,LG 139 cm (55 inches) 4K Ultra HD Smart LED TV 55UQ7500PSF (Ceramic Black),47990.0,4,40,4.3,1376
ORD-00325,2023-08-21,12495.0,237.41,Electronics,WearableTechnology,West,Corporate,"Noise Pulse Buzz 1.69"" Bluetooth Calling Smart Watch with Call Function, 150 Watch Faces, 60 Sports Modes, Spo2 & Heart Rate Monitoring, Calling Smart Watch for Men & Women - Jet Black",2499.0,5,50,3.9,7571
ORD-00326,2023-08-21,10796.0,469.63,Electronics,"HomeTheater,TV&Video",North,Corporate,Irusu Play VR Plus Virtual Reality Headset with Headphones for Gaming (Black),2699.0,4,23,3.5,621
ORD-00327,2023-08-22,7194.0,143.88,Electronics,"Headphones,Earbuds&Accessories",Central,Consumer,"boAt Rockerz 370 On Ear Bluetooth Headphones with Upto 12 Hours Playtime, Cozy Padded Earcups and Bluetooth v5.0, with Mic (Buoyant Black)",1199.0,6,52,4.0,33584
ORD-00328,2023-08-23,9995.0,-224.89,Electronics,WearableTechnology,South,Consumer,"boAt Wave Call Smart Watch, Smart Talk with Advanced Dedicated Bluetooth Calling Chip, 1.69” HD Display with 550 NITS & 70% Color Gamut, 150+ Watch Faces, Multi-Sport Modes,HR,SpO2(Caribbean Green)",1999.0,5,75,3.8,17833
ORD-00329,2023-08-24,3596.0,199.58,Home&Kitchen,Kitchen&HomeAppliances,East,Consumer,"JIALTO Mini Waffle Maker 4 Inch- 350 Watts: Stainless Steel Non-Stick Electric Iron Machine for Individual Belgian Waffles, Pan Cakes, Paninis or Other Snacks - Aqua blue",899.0,4,55,4.0,832
ORD-00330,2023-08-24,77495.0,5812.13,Electronics,Mobiles&Accessories,West,Home Office,"iQOO Z6 Lite 5G by vivo (Stellar Green, 6GB RAM, 128GB Storage) | World's First Snapdragon 4 Gen 1 | 120Hz Refresh Rate | 5000mAh Battery | Travel Adapter to be Purchased Separately",15499.0,5,18,4.1,19252
ORD-00331,2023-08-24,27495.0,1718.44,Home&Kitchen,Kitchen&HomeAppliances,West,Consumer,"Eureka Forbes Wet & Dry Ultimo 1400 Watts Multipurpose Vacuum Cleaner,Power Suction & Blower with 20 litres Tank Capacity,6 Accessories,1 Year Warranty,Compact,Light Weight & Easy to use (Red)",5499.0,5,45,3.8,4353
ORD-00332,2023-08-24,1828.0,156.29,Home&Kitchen,Kitchen&HomeAppliances,Central,Home Office,Syska SDI-07 1000 W Stellar with Golden American Heritage Soleplate Dry Iron (Blue),457.0,4,43,4.3,1868
ORD-00333,2023-08-26,89995.0,6389.65,Electronics,Mobiles&Accessories,North,Corporate,"iQOO vivo Z6 5G (Chromatic Blue, 8GB RAM, 128GB Storage) | Snapdragon 695-6nm Processor | 120Hz FHD+ Display | 5000mAh Battery",17999.0,5,18,4.0,21350
ORD-00334,2023-08-26,1995.0,7.98,Electronics,Cameras&Photography,West,Corporate,"DIGITEK® (DTR 260 GT) Gorilla Tripod/Mini 33 cm (13 Inch) Tripod for Mobile Phone with Phone Mount & Remote, Flexible Gorilla Stand for DSLR & Action Cameras",399.0,5,60,3.9,21372
ORD-00335,2023-08-26,10396.0,992.82,Home&Kitchen,Kitchen&HomeAppliances,West,Consumer,"Balzano High Speed Nutri Blender/Mixer/Smoothie Maker - 500 Watt - Silver, 2 Jar",2599.0,4,39,4.4,2116
ORD-00336,2023-08-28,9594.0,163.1,Electronics,Mobiles&Accessories,East,Consumer,"URBN 20000 mAh lithium_polymer Power Bank with 12 Watt Fast Charging, Camo",1599.0,6,54,4.0,36384
ORD-00337,2023-08-28,3245.0,-55.16,Electronics,"Headphones,Earbuds&Accessories",North,Consumer,"Boult Audio Bass Buds Q2 Lightweight Stereo Wired Over Ear Headphones Set with Mic with Deep Bass, Comfortable Ear Cushions, & Long Cord (Black)",649.0,5,74,3.9,13049
ORD-00338,2023-08-29,5094.0,35.66,Electronics,"Headphones,Earbuds&Accessories",South,Consumer,boAt BassHeads 900 On-Ear Wired Headphones with Mic (White),849.0,6,66,4.2,91188
ORD-00339,2023-08-29,495.0,-11.39,Computers&Accessories,Accessories&Peripherals,Central,Corporate,LAPSTER Spiral Charger Spiral Charger Cable Protectors for Wires Data Cable Saver Charging Cord Protective Cable Cover Set of 3 (12 Pieces),99.0,5,90,4.1,8751
ORD-00340,2023-08-29,1300.0,123.5,Home&Kitchen,Kitchen&HomeAppliances,East,Corporate,Tosaa T2STSR Sandwich Gas Toaster Regular (Black),260.0,5,26,3.9,13127
ORD-00341,2023-08-30,3716.0,336.3,Home&Kitchen,Kitchen&HomeAppliances,Central,Consumer,"Lifelong LLSM120G Sandwich Griller , Classic Pro 750 W Sandwich Maker with 4 Slice Non-Stick Fixed Plates for Sandwiches at Home with 1 Year Warranty (Black)",929.0,4,29,3.9,1672
ORD-00342,2023-08-31,75996.0,6573.65,Home&Kitchen,Kitchen&HomeAppliances,West,Home Office,"Mi Robot Vacuum-Mop P, Best-in-class Laser Navigation in 10-20K INR price band, Intelligent mapping, Robotic Floor Cleaner with 2 in 1 Mopping and Vacuum, App Control (WiFi, Alexa,GA), Strong suction",18999.0,4,37,4.1,2536
ORD-00343,2023-09-03,4748.0,261.14,Computers&Accessories,Accessories&Peripherals,East,Home Office,"Verilux® USB C Hub Multiport Adapter- 6 in 1 Portable Aluminum Type C Hub with 4K HDMI Output, USB 2.0/3.0 Ports, SD/Micro SD Card Reader Compatible for MacBook Pro 2016-2020, MacBook Air 2018-2020, Type-C Devices",1187.0,4,38,4.1,1662
ORD-00344,2023-09-03,2214.0,-38.74,Electronics,Accessories,South,Corporate,HP 32GB Class 10 MicroSD Memory Card (U1 TF Card 32GB),369.0,6,77,4.0,32625
ORD-00345,2023-09-03,2214.0,-38.74,Electronics,Accessories,South,Corporate,HP 32GB Class 10 MicroSD Memory Card (U1 TF Card 32GB),369.0,6,77,4.0,32625
ORD-00346,2023-09-03,6396.0,793.1,Home&Kitchen,Kitchen&HomeAppliances,South,Home Office,"Brayden Chopro, Electric Vegetable Chopper for Kitchen with 500 ML Capacity, 400 Watts Copper Motor and 4 Bi-Level SS Blades (Black)",1599.0,4,20,4.4,1558
ORD-00347,2023-09-03,1625.0,17.88,Computers&Accessories,Accessories&Peripherals,North,Corporate,"Wayona Nylon Braided Usb Type C 3Ft 1M 3A Fast Charger Cable For Samsung Galaxy S9 S8 (Wc3Cb1, Black)",325.0,5,70,4.2,10576
ORD-00348,2023-09-06,1392.0,0.7,Computers&Accessories,Accessories&Peripherals,East,Home Office,"Wecool Unbreakable 3 in 1 Charging Cable with 3A Speed, Fast Charging Multi Purpose Cable 1.25 Mtr Long, Type C cable, Micro Usb Cable and Cable for iPhone, White",348.0,4,77,4.2,656
ORD-00349,2023-09-06,9845.0,497.17,Home&Kitchen,Kitchen&HomeAppliances,West,Corporate,NutriPro Juicer Mixer Grinder - Smoothie Maker - 500 Watts (3 Jars 2 Blades),1969.0,5,61,4.1,4927
ORD-00350,2023-09-06,1392.0,0.7,Computers&Accessories,Accessories&Peripherals,East,Home Office,"Wecool Unbreakable 3 in 1 Charging Cable with 3A Speed, Fast Charging Multi Purpose Cable 1.25 Mtr Long, Type C cable, Micro Usb Cable and Cable for iPhone, White",348.0,4,77,4.2,656
ORD-00351,2023-09-09,996.0,19.42,Computers&Accessories,Accessories&Peripherals,North,Consumer,"TVARA LCD Writing Tablet 8.5 Inch E-Note Pad LCD Writing Tablet, Kids Drawing Pad 8.5 Inch Doodle Board, Toddler Boy and Girl Learning Gift for 3 4 5 6 Years Old, Black",249.0,4,59,4.0,1208
ORD-00352,2023-09-10,980.0,112.7,Home&Kitchen,Kitchen&HomeAppliances,South,Consumer,"Lint Roller with 40 Paper Sheets, 22 x 5 cm (Grey)",245.0,4,18,4.1,1660
ORD-00353,2023-09-10,8495.0,131.67,Computers&Accessories,Accessories&Peripherals,South,Corporate,"Artis AR-45W-MG2 45 Watts MG2 Laptop Adapter/Charger Compatible with MB Air 13” & MB Air 11” (14.5 V, 3.1 A) Connector: MG2 (T Tip Connector)",1699.0,5,51,3.6,7689
ORD-00354,2023-09-11,7194.0,406.46,Computers&Accessories,NetworkingDevices,South,Corporate,"TP-Link AC600 600 Mbps WiFi Wireless Network USB Adapter for Desktop PC with 2.4GHz/5GHz High Gain Dual Band 5dBi Antenna Wi-Fi, Supports Windows 11/10/8.1/8/7/XP, Mac OS 10.15 and earlier (Archer T2U Plus)",1199.0,6,45,4.4,24780
ORD-00355,2023-09-11,995.0,-36.82,Electronics,Mobiles&Accessories,North,Corporate,Sounce Protective Case Cover Compatible Boat Xtend Overall Protective Case TPU HD Clear Ultra-Thin Cover with Unbreakable Screen Guard,199.0,5,90,4.0,4740
ORD-00356,2023-09-11,7194.0,406.46,Computers&Accessories,NetworkingDevices,South,Corporate,"TP-Link AC600 600 Mbps WiFi Wireless Network USB Adapter for Desktop PC with 2.4GHz/5GHz High Gain Dual Band 5dBi Antenna Wi-Fi, Supports Windows 11/10/8.1/8/7/XP, Mac OS 10.15 and earlier (Archer T2U Plus)",1199.0,6,45,4.4,24780
ORD-00357,2023-09-12,1750.0,71.75,Computers&Accessories,Accessories&Peripherals,South,Corporate,POPIO Type C Dash Charging USB Data Cable for OnePlus Devices,350.0,5,42,3.9,8314
ORD-00358,2023-09-12,1996.0,2.0,Electronics,"Headphones,Earbuds&Accessories",Central,Corporate,Boult Audio BassBuds Oak in-Ear Wired Earphones with 10mm Extra Bass Driver and HD Sound with mic(Brown),499.0,4,62,3.9,1173
ORD-00359,2023-09-14,1996.0,99.8,Computers&Accessories,Accessories&Peripherals,South,Consumer,"Ambrane Fast 100W Output Cable with Type-C to Type-C for Mobile, Laptop, Macbook & Table Charging, 480mbps Data Sync Speed, Braided Cable, 1.5m Length (ABCC-100, Black-Grey)",499.0,4,44,4.2,919
ORD-00360,2023-09-15,1404.0,33.7,Home&Kitchen,HomeStorage&Organization,North,Home Office,"PrettyKrafts Laundry Basket for clothes with Lid & Handles, Toys Organiser, 75 Ltr Grey",351.0,4,68,3.7,1470
ORD-00361,2023-09-15,1974.0,128.31,Computers&Accessories,Accessories&Peripherals,Central,Consumer,Zebronics ZEB-KM2100 Multimedia USB Keyboard Comes with 114 Keys Including 12 Dedicated Multimedia Keys & with Rupee Key,329.0,6,18,3.6,33735
ORD-00362,2023-09-15,795.0,8.35,Computers&Accessories,Accessories&Peripherals,North,Corporate,Agaro Blaze USBA to micro +Type C 2in1 Braided 1.2M Cable,159.0,5,73,4.3,14184
ORD-00363,2023-09-16,8796.0,800.44,Home&Kitchen,"Heating,Cooling&AirQuality",North,Corporate,USHA Heat Convector 812 T 2000-Watt with Instant Heating Feature (Black),2199.0,4,26,3.8,1558
ORD-00364,2023-09-16,1745.0,70.67,Home&Kitchen,Kitchen&HomeAppliances,South,Corporate,"Simxen Egg Boiler Electric Automatic Off 7 Egg Poacher for Steaming, Cooking Also Boiling and Frying 400 W (Blue, Pink)",349.0,5,65,4.0,15646
ORD-00365,2023-09-16,1497.0,109.28,Home&Kitchen,Kitchen&HomeAppliances,Central,Corporate,"Zuvexa USB Rechargeable Electric Foam Maker - Handheld Milk Wand Mixer Frother for Hot Milk, Hand Blender Coffee, Egg Beater (Black)",499.0,3,62,4.7,54
ORD-00366,2023-09-17,104995.0,6824.68,Electronics,Mobiles&Accessories,Central,Consumer,"iQOO Z6 Pro 5G by vivo (Legion Sky, 8GB RAM, 128GB Storage) | Snapdragon 778G 5G | 66W FlashCharge | 1300 nits Peak Brightness | HDR10+",20999.0,5,30,4.3,9499
ORD-00367,2023-09-18,6170.0,576.9,Computers&Accessories,Accessories&Peripherals,North,Consumer,"ESR Screen Protector Compatible with iPad Pro 11 Inch (2022/2021/2020/2018) and iPad Air 5/4 (2022/2020, 10.9 Inch), Tempered-Glass Film with Alignment Frame, Scratch Resistant, HD Clarity, 2 Pack",1234.0,5,23,4.5,16680
ORD-00368,2023-09-19,3285.0,226.67,Computers&Accessories,ExternalDevices&DataStorage,Central,Corporate,"Orico 2.5""(6.3cm) USB 3.0 HDD Enclosure Case Cover for SATA SSD HDD | SATA SSD HDD Enclosure High Speed USB 3.0 | Tool Free Installation | Black",657.0,5,34,4.3,13944
ORD-00369,2023-09-19,3556.0,78.23,Electronics,"Headphones,Earbuds&Accessories",West,Home Office,"Wecool Moonwalk M1 ENC True Wireless in Ear Earbuds with Mic, Titanium Drivers for Rich Bass Experience, 40+ Hours Play Time, Type C Fast Charging, Low Latency, BT 5.3, IPX5, Deep Bass (Black)",889.0,4,56,4.2,2284
ORD-00370,2023-09-20,4396.0,382.45,Home&Kitchen,Kitchen&HomeAppliances,South,Consumer,"MILTON Smart Egg Boiler 360-Watts (Transparent and Silver Grey), Boil Up to 7 Eggs",1099.0,4,42,4.3,1811
ORD-00371,2023-09-22,8814.0,480.36,Computers&Accessories,NetworkingDevices,North,Consumer,"TP-Link TL-WA850RE Single_Band 300Mbps RJ45 Wireless Range Extender, Broadband/Wi-Fi Extender, Wi-Fi Booster/Hotspot with 1 Ethernet Port, Plug and Play, Built-in Access Point Mode, White",1469.0,6,41,4.2,156638
ORD-00372,2023-09-22,1460.0,117.53,Home&Kitchen,Kitchen&HomeAppliances,North,Corporate,"Kitchen Mart Stainless Steel South Indian Filter Coffee Drip Maker, Madras Kappi, Drip Decotion Maker160ml (2 Cup)",292.0,5,41,4.1,4238
ORD-00373,2023-09-22,4995.0,462.04,Home&Kitchen,"Heating,Cooling&AirQuality",Central,Consumer,"Luminous Vento Deluxe 150 mm Exhaust Fan for Kitchen, Bathroom with Strong Air Suction, Rust Proof Body and Dust Protection Shutters (2-Year Warranty, White)",999.0,5,33,4.1,12999
ORD-00374,2023-09-22,2443.0,10.99,Electronics,"Headphones,Earbuds&Accessories",East,Home Office,boAt Bassheads 100 in Ear Wired Earphones with Mic(Taffy Pink),349.0,7,65,4.1,363713
ORD-00375,2023-09-23,3236.0,147.24,Home&Kitchen,Kitchen&HomeAppliances,East,Corporate,"iBELL SEK170BM Premium Electric Kettle, 1.7 Litre, Stainless Steel with Coating,1500W Auto Cut-Off, Silver with Black",809.0,4,59,3.9,710
ORD-00376,2023-09-24,6076.0,209.62,Computers&Accessories,Accessories&Peripherals,South,Corporate,"HP GK320 Wired Full Size RGB Backlight Mechanical Gaming Keyboard, 4 LED Indicators, Mechanical Switches, Double Injection Key Caps, and Windows Lock Key(4QN01AA)",1519.0,4,57,4.3,408
ORD-00377,2023-09-24,883.15,12.81,Computers&Accessories,Accessories&Peripherals,North,Corporate,"boAt Micro USB 55 Tangle-free, Sturdy Micro USB Cable with 3A Fast Charging & 480mbps Data Transmission (Black)",176.63,5,65,4.1,15189
ORD-00378,2023-09-24,883.15,12.81,Computers&Accessories,Accessories&Peripherals,North,Corporate,"boAt Micro USB 55 Tangle-free, Sturdy Micro USB Cable with 3A Fast Charging & 480mbps Data Transmission (Black)",176.63,5,65,4.1,15188
ORD-00379,2023-09-24,883.15,12.81,Computers&Accessories,Accessories&Peripherals,North,Corporate,"boAt Micro USB 55 Tangle-free, Sturdy Micro USB Cable with 3A Fast Charging & 480mbps Data Transmission (Black)",176.63,5,65,4.1,15189
ORD-00380,2023-09-26,37497.0,3243.49,Home&Kitchen,"Heating,Cooling&AirQuality",North,Consumer,Havells OFR 13 Wave Fin with PTC Fan Heater 2900 Watts (Black),12499.0,3,37,4.1,322
ORD-00381,2023-09-27,7245.0,557.87,Home&Kitchen,"Heating,Cooling&AirQuality",South,Consumer,"Crompton Sea Sapphira 1200 mm Ultra High Speed 3 Blade Ceiling Fan (Lustre Brown, Pack of 1)",1449.0,5,38,3.9,9019
ORD-00382,2023-09-28,12320.0,659.12,Home&Kitchen,Kitchen&HomeAppliances,South,Home Office,"Cookwell Bullet Mixer Grinder (5 Jars, 3 Blades, Silver)",2464.0,5,59,4.1,8866
ORD-00383,2023-09-30,1298.0,100.6,Home&Kitchen,"Heating,Cooling&AirQuality",West,Corporate,HOMEPACK 750W Radiant Room Home Office Heaters For Winter,649.0,2,35,3.8,49
ORD-00384,2023-09-30,860.0,4.3,Home&Kitchen,Kitchen&HomeAppliances,South,Corporate,"Macmillan Aquafresh 5 Micron PS-05 10"" in PP Spun Filter Candle Set for All Type RO Water Purifier 10 inch (4)",215.0,4,86,3.9,1004
ORD-00385,2023-10-01,1045.0,17.24,Electronics,HomeAudio,South,Corporate,"Amazon Basics HDMI Coupler,Black",209.0,5,65,4.4,18872
ORD-00386,2023-10-02,8325.0,886.61,Home&Kitchen,Kitchen&HomeAppliances,East,Consumer,"AGARO Regal 800 Watts Handheld Vacuum Cleaner, Lightweight & Durable Body, Small/Mini Size ( Black)",1665.0,5,21,4.0,14368
ORD-00387,2023-10-03,2995.0,113.81,Electronics,Mobiles&Accessories,Central,Consumer,Portronics CLAMP X Car-Vent Mobile Holder 360 Degree Rotational(Black),599.0,5,40,4.0,18654
ORD-00388,2023-10-04,10074.0,785.77,Electronics,"Headphones,Earbuds&Accessories",South,Home Office,"realme Buds Wireless in Ear Bluetooth Earphones with mic, 11.2mm Bass Boost Driver, Magnetic Fast Pair, Fast Charging and 12 Hrs Playtime (Yellow)",1679.0,6,16,4.1,72563
ORD-00389,2023-10-05,8994.0,103.43,Electronics,"Headphones,Earbuds&Accessories",West,Home Office,"Infinity (JBL Glide 510, 72 Hrs Playtime with Quick Charge, Wireless On Ear Headphone with Mic, Deep Bass, Dual Equalizer, Bluetooth 5.0 with Voice Assistant Support (Black)",1499.0,6,63,4.2,42775
ORD-00390,2023-10-06,9093.0,40.92,Electronics,"Headphones,Earbuds&Accessories",South,Consumer,"boAt Airdopes 121v2 in-Ear True Wireless Earbuds with Upto 14 Hours Playback, 8MM Drivers, Battery Indicators, Lightweight Earbuds & Multifunction Controls (Active Black, with Mic)",1299.0,7,57,3.8,180998
ORD-00391,2023-10-07,9174.0,605.48,Computers&Accessories,NetworkingDevices,West,Consumer,"TP-Link AC750 Dual Band Wireless Cable Router, 4 10/100 LAN + 10/100 WAN Ports, Support Guest Network and Parental Control, 750Mbps Speed Wi-Fi, 3 Antennas (Archer C20) Blue, 2.4 GHz",1529.0,6,36,4.3,68409
ORD-00392,2023-10-07,2994.0,317.36,Electronics,"Headphones,Earbuds&Accessories",East,Consumer,Samsung Ehs64 Ehs64Avfwecinu Hands-Free Wired In Ear Earphones With Mic With Remote Note (White),499.0,6,0,4.2,31539
ORD-00393,2023-10-09,1197.0,11.97,Electronics,"HomeTheater,TV&Video",Central,Corporate,7SEVEN® Compatible for Sony Bravia LCD LED UHD OLED QLED 4K Ultra HD TV remote control with YouTube and NETFLIX Hotkeys. Universal Replacement for Original Sony Smart Android tv Remote Control,399.0,3,56,3.9,254
ORD-00394,2023-10-10,41745.0,3360.47,Computers&Accessories,"Printers,Inks&Accessories",South,Corporate,"Canon E4570 All-in-One Wi-Fi Ink Efficient Colour Printer with FAX/ADF/Duplex Printing (Black)- Smart Speaker Compatible, Standard",8349.0,5,13,3.8,3652
ORD-00395,2023-10-10,8495.0,467.23,Home&Kitchen,Kitchen&HomeAppliances,North,Consumer,"Lifelong Power - Pro 500 Watt 3 Jar Mixer Grinder with 3 Speed Control and 1100 Watt Dry Non-Stick soleplate Iron Super Combo (White and Grey, 1 Year Warranty)",1699.0,5,50,3.8,7988
ORD-00396,2023-10-11,57495.0,2702.27,Electronics,"HomeTheater,TV&Video",Central,Consumer,Acer 80 cm (32 inches) I Series HD Ready Android Smart LED TV AR32AR2841HDFL (Black),11499.0,5,42,4.3,4703
ORD-00397,2023-10-12,537.0,0.54,Home&Kitchen,Kitchen&HomeAppliances,South,Corporate,"Portable Lint Remover Pet Fur Remover Clothes Fuzz Remover Pet Hairball Quick Epilator Shaver Removing Dust Pet Hair from Clothing Furniture Perfect for Clothing,Furniture,Couch,Carpet (Standard)",179.0,3,78,3.5,132
ORD-00398,2023-10-13,940.0,-25.85,Computers&Accessories,Accessories&Peripherals,South,Corporate,"Wembley LCD Writing Pad/Tab | Writing, Drawing, Reusable, Portable Pad with Colorful Letters | 9 Inch Graphic Tablet (Assorted)",235.0,4,85,3.8,1173
ORD-00399,2023-10-13,17995.0,881.76,Home&Kitchen,Kitchen&HomeAppliances,East,Home Office,"Preethi Blue Leaf Diamond MG-214 mixer grinder 750 watt (Blue/White), 3 jars & Flexi Lid, FBT motor with 2yr Guarantee & Lifelong Free Service",3599.0,5,62,4.1,11828
ORD-00400,2023-10-13,2850.0,39.9,Computers&Accessories,ExternalDevices&DataStorage,West,Corporate,"HP v236w USB 2.0 64GB Pen Drive, Metal",475.0,6,68,4.2,64273
ORD-00401,2023-10-16,2397.0,116.25,Home&Kitchen,Kitchen&HomeAppliances,East,Consumer,"Gadgetronics Digital Kitchen Weighing Scale & Food Weight Machine for Health, Fitness, Home Baking & Cooking (10 KGs,1 Year Warranty & Batteries Included)",799.0,3,73,4.5,63
ORD-00402,2023-10-16,77495.0,5812.13,Electronics,Mobiles&Accessories,North,Home Office,"iQOO Z6 Lite 5G by vivo (Mystic Night, 6GB RAM, 128GB Storage) | World's First Snapdragon 4 Gen 1 | 120Hz Refresh Rate | 5000mAh Battery | Travel Adapter to be Purchased Separately",15499.0,5,18,4.1,19252
ORD-00403,2023-10-17,6596.0,478.21,Home&Kitchen,Kitchen&HomeAppliances,West,Corporate,Solidaire 550-Watt Mixer Grinder with 3 Jars (Black) (SLD-550-B),1649.0,4,41,3.9,2162
ORD-00404,2023-10-18,4900.0,715.4,Home&Kitchen,Kitchen&HomeAppliances,North,Consumer,"HUL Pureit Germkill kit for Advanced 23 L water purifier - 3000 L Capacity, Sand, Multicolour",980.0,5,0,4.2,4740
ORD-00405,2023-10-18,125994.0,7685.63,Electronics,Mobiles&Accessories,West,Consumer,"Redmi Note 11 Pro + 5G (Phantom White, 8GB RAM, 128GB Storage) | 67W Turbo Charge | 120Hz Super AMOLED Display | Additional Exchange Offers | Charger Included",20999.0,6,22,3.9,25824
ORD-00406,2023-10-20,1052.0,-5.26,Computers&Accessories,Accessories&Peripherals,North,Home Office,SKE Bed Study Table Portable Wood Multifunction Laptop-Table Lapdesk for Children Bed Foldabe Table Work with Tablet Slot & Cup Holder Brown Black,263.0,4,62,3.5,690
ORD-00407,2023-10-22,11495.0,-17.24,Electronics,Cameras&Photography,Central,Consumer,"Imou 360° 1080P Full HD Security Camera, Human Detection, Motion Tracking, 2-Way Audio, Night Vision, Dome Camera with WiFi & Ethernet Connection, Alexa Google Assistant, Up to 256GB SD Card Support",2299.0,5,69,4.1,5554
ORD-00408,2023-10-22,2196.0,119.68,Home&Kitchen,Kitchen&HomeAppliances,Central,Consumer,"Lifelong LLEK15 Electric Kettle 1.5L with Stainless Steel Body, Easy and Fast Boiling of Water for Instant Noodles, Soup, Tea etc. (1 Year Warranty, Silver)",549.0,4,45,3.6,1074
ORD-00409,2023-10-24,1497.0,-38.17,Home&Kitchen,Kitchen&HomeAppliances,South,Home Office,"MR. BRAND Portable USB Juicer Electric USB Juice Maker Mixer Bottle Blender Grinder Mixer,6 Blades Rechargeable Bottle with (Multi color) (MULTI MIXER 6 BLED)",499.0,3,77,2.8,109
ORD-00410,2023-10-24,3796.0,127.17,Home&Kitchen,"Heating,Cooling&AirQuality",Central,Corporate,"Libra Room Heater for Home, Room Heaters Home for Winter, Electric Heater with 2000 Watts Power as per IS Specification for Small to Medium Rooms - FH12 (Grey)",949.0,4,59,3.6,550
ORD-00411,2023-10-26,28497.0,2123.03,Electronics,Mobiles&Accessories,West,Consumer,"Samsung Galaxy M04 Light Green, 4GB RAM, 64GB Storage | Upto 8GB RAM with RAM Plus | MediaTek Helio P35 | 5000 mAh Battery",9499.0,3,21,4.2,284
ORD-00412,2023-10-26,1996.0,69.86,Computers&Accessories,Accessories&Peripherals,West,Home Office,"SupCares Laptop Stand 7 Height Adjustable, Aluminium, Ventilated, Foldable, Portable Laptop Holder for Desk & Table Mount Upto 15.6 inch Laptop with Carry Pouch (Silver)",499.0,4,62,4.5,434
ORD-00413,2023-10-28,7450.0,592.28,Computers&Accessories,Accessories&Peripherals,Central,Corporate,"Logitech Pebble M350 Wireless Mouse with Bluetooth or USB - Silent, Slim Computer Mouse with Quiet Click for Laptop, Notebook, PC and Mac - Graphite",1490.0,5,35,4.6,10652
ORD-00414,2023-10-28,4796.0,4.8,Electronics,HomeAudio,Central,Corporate,"boAt Stone 250 Portable Wireless Speaker with 5W RMS Immersive Audio, RGB LEDs, Up to 8HRS Playtime, IPX7 Water Resistance, Multi-Compatibility Modes(Black)",1199.0,4,70,4.2,2908
ORD-00415,2023-10-28,995.0,27.36,Computers&Accessories,Accessories&Peripherals,South,Home Office,"Gizga Essentials Hard Drive Case Shell, 6.35cm/2.5-inch, Portable Storage Organizer Bag for Earphone USB Cable Power Bank Mobile Charger Digital Gadget Hard Disk, Water Resistance Material, Black",199.0,5,67,4.5,13568
ORD-00416,2023-10-29,1495.0,57.56,Computers&Accessories,Accessories&Peripherals,West,Corporate,"ZEBRONICS Zeb-Dash Plus 2.4GHz High Precision Wireless Mouse with up to 1600 DPI, Power Saving Mode, Nano Receiver and Plug & Play Usage - USB",299.0,5,33,3.5,11827
ORD-00417,2023-10-30,15995.0,1079.66,Home&Kitchen,Kitchen&HomeAppliances,East,Consumer,"AGARO 33398 Rapid 1000-Watt, 10-Litre Wet & Dry Vacuum Cleaner, with Blower Function (Red & Black)",3199.0,5,47,4.0,3242
ORD-00418,2023-10-30,7944.0,516.36,Electronics,Mobiles&Accessories,South,Home Office,"Nokia 105 Plus Single SIM, Keypad Mobile Phone with Wireless FM Radio, Memory Card Slot and MP3 Player | Red",1324.0,6,22,4.0,128311
ORD-00419,2023-10-31,1260.0,98.28,OfficeProducts,OfficePaperProducts,North,Consumer,"Luxor 5 Subject Single Ruled Notebook - A4, 70 GSM, 300 pages",252.0,5,20,4.5,3785
ORD-00420,2023-11-02,6573.0,302.36,Electronics,Accessories,Central,Home Office,SanDisk Extreme SD UHS I 64GB Card for 4K Video for DSLR and Mirrorless Cameras 170MB/s Read & 80MB/s Write,939.0,7,48,4.5,205052
ORD-00421,2023-11-02,796.0,41.39,Home&Kitchen,HomeStorage&Organization,East,Consumer,"Heart Home Waterproof Round Non Wovan Laundry Bag/Hamper|Metalic Printed With Handles|Foldable Bin & 45 Liter Capicity|Size 37 x 37 x 49, Pack of 1 (Grey & Black)-HEARTXY11447",199.0,4,60,4.1,1996
ORD-00422,2023-11-03,24995.0,399.92,Electronics,HomeAudio,West,Home Office,"Zebronics Zeb-JUKEBAR 3900, 80W Multimedia soundbar with subwoofer Supporting Bluetooth, HDMI(ARC), Coaxial Input, AUX, USB & Remote Control (Black)",4999.0,5,60,4.2,4541
ORD-00423,2023-11-04,36745.0,3545.89,Home&Kitchen,"Heating,Cooling&AirQuality",Central,Home Office,AO Smith HSE-VAS-X-015 Storage 15 Litre Vertical Water Heater (Geyser) White 4 Star,7349.0,5,33,4.2,11957
ORD-00424,2023-11-05,3765.0,459.33,Home&Kitchen,Kitchen&HomeAppliances,South,Corporate,Orpat HHB-100E WOB 250-Watt Hand Blender (White),753.0,5,16,4.2,18462
ORD-00425,2023-11-05,92940.0,6226.98,Electronics,Mobiles&Accessories,West,Corporate,"OPPO A74 5G (Fluid Black, 6GB RAM, 128GB Storage) with No Cost EMI/Additional Exchange Offers",15490.0,6,26,4.2,32916
ORD-00426,2023-11-05,5994.0,137.86,Electronics,Mobiles&Accessories,East,Home Office,Spigen EZ Fit Tempered Glass Screen Protector Guard for iPhone 14/13/13 Pro - 2 Pack,999.0,6,66,4.6,26603
ORD-00427,2023-11-05,5274.0,435.11,Electronics,GeneralPurposeBatteries&BatteryChargers,South,Home Office,"Duracell Rechargeable AA 2500mAh Batteries, 4 Pcs",879.0,6,21,4.4,31599
ORD-00428,2023-11-06,5745.0,445.24,Computers&Accessories,Accessories&Peripherals,Central,Home Office,"Portronics Key2 Combo Multimedia USB Wireless Keyboard and Mouse Set with 2.4 GHz Wireless Technology, Soft & Silent Button, Compact Size (Grey)",1149.0,5,23,4.1,10443
ORD-00429,2023-11-07,1255.0,-33.26,Electronics,Mobiles&Accessories,South,Consumer,"SWAPKART Flexible Mobile Tabletop Stand, Metal Built, Heavy Duty Foldable Lazy Bracket Clip Mount Multi Angle Clamp for All Smartphones (Pack of 1), Multi Color",251.0,5,75,3.7,3234
ORD-00430,2023-11-08,929.0,36.23,Home&Kitchen,"Heating,Cooling&AirQuality",Central,Corporate,"Longway Blaze 2 Rod Quartz Room Heater (White, Gray, 800 watts)",929.0,1,58,3.7,4
ORD-00431,2023-11-08,4193.0,176.11,Electronics,"Headphones,Earbuds&Accessories",North,Home Office,"JBL C100SI Wired In Ear Headphones with Mic, JBL Pure Bass Sound, One Button Multi-function Remote, Angled Buds for Comfort fit (Black)",599.0,7,40,4.1,192587
ORD-00432,2023-11-08,4193.0,176.11,Electronics,"Headphones,Earbuds&Accessories",North,Home Office,"JBL C100SI Wired In Ear Headphones with Mic, JBL Pure Bass Sound, One Button Multi-function Remote, Angled Buds for Comfort fit (Black)",599.0,7,40,4.1,192590
ORD-00433,2023-11-08,5995.0,578.52,Home&Kitchen,Kitchen&HomeAppliances,East,Home Office,"Prestige PSMFB 800 Watt Sandwich Toaster with Fixed Plates, Black",1199.0,5,33,4.2,5967
ORD-00434,2023-11-09,996.0,-5.48,Computers&Accessories,Accessories&Peripherals,South,Consumer,"pTron Solero 331 3.4Amps Multifunction Fast Charging Cable, 3-in-1 USB Cable Micro USB/Type-C/iOS, Made in India, Durable & Strong & Tangle-free 118cm in Length (Black)",249.0,4,73,3.9,1075
ORD-00435,2023-11-11,5995.0,-143.88,Electronics,"Headphones,Earbuds&Accessories",West,Home Office,"Boult Audio ZCharge Bluetooth Wireless in Ear Earphones with Mic, 40H Playtime and Super Fast Charging, Environmental Noise Cancellation for Pro+ Calling and IPX5 Water Resistant (Black)",1199.0,5,76,3.8,14961
ORD-00436,2023-11-13,796.0,-12.74,Computers&Accessories,Accessories&Peripherals,South,Consumer,"pTron Solero T351 3.5Amps Fast Charging Type-C to Type-C PD Data & Charging USB Cable, Made in India, 480Mbps Data Sync, Durable 1 Meter Long Cable for Type-C Smartphones, Tablets & Laptops (Black)",199.0,4,80,3.9,1075
ORD-00437,2023-11-13,796.0,-12.74,Computers&Accessories,Accessories&Peripherals,South,Consumer,"pTron Solero T351 3.5Amps Fast Charging Type-C to Type-C PD Data & Charging USB Cable, Made in India, 480Mbps Data Sync, Durable 1 Meter Long Cable for Type-C Smartphones, Tablets & Laptops (Black)",199.0,4,80,3.9,1075
ORD-00438,2023-11-14,82495.0,5485.92,Electronics,Mobiles&Accessories,West,Home Office,"iQOO vivo Z6 5G (Dynamo Black, 6GB RAM, 128GB Storage) | Snapdragon 695-6nm Processor | 120Hz FHD+ Display | 5000mAh Battery",16499.0,5,21,4.0,21350
ORD-00439,2023-11-15,716.0,8.59,Computers&Accessories,Accessories&Peripherals,South,Consumer,"Ambrane 60W / 3A Type C Fast Charging Unbreakable 1.5m L Shaped Braided Cable, PD Technology, 480Mbps Data Transfer for Smartphones, Tablet, Laptops & other type c devices (ABLC10, Black)",179.0,4,64,4.0,1933
ORD-00440,2023-11-15,716.0,8.59,Computers&Accessories,Accessories&Peripherals,South,Consumer,"Ambrane 60W / 3A Type C Fast Charging Unbreakable 1.5m L Shaped Braided Cable, PD Technology, 480Mbps Data Transfer for Smartphones, Tablet, Laptops & other type c devices (ABLC10, Black)",179.0,4,64,4.0,1934
ORD-00441,2023-11-16,1345.0,128.45,Electronics,GeneralPurposeBatteries&BatteryChargers,North,Home Office,"Duracell Ultra Alkaline AAA Battery, 8 Pcs",269.0,5,15,4.5,17810
ORD-00442,2023-11-16,1196.0,44.25,Computers&Accessories,Accessories&Peripherals,East,Consumer,"Portronics Toad 23 Wireless Optical Mouse with 2.4GHz, USB Nano Dongle, Optical Orientation, Click Wheel, Adjustable DPI(Black)",299.0,4,50,4.1,1597
ORD-00443,2023-11-17,77450.0,5498.95,Electronics,"HomeTheater,TV&Video",South,Corporate,Samsung 80 cm (32 inches) Wondertainment Series HD Ready LED Smart TV UA32TE40AAKBXL (Titan Gray),15490.0,5,26,4.3,16299
ORD-00444,2023-11-19,5334.0,128.02,Computers&Accessories,ExternalDevices&DataStorage,East,Home Office,SanDisk Ultra 128 GB USB 3.0 Pen Drive (Black),889.0,6,64,4.3,55747
ORD-00445,2023-11-19,5445.0,272.25,Electronics,"HomeTheater,TV&Video",Central,Consumer,AmazonBasics Digital Optical Coax to Analog RCA Audio Converter Adapter with Fiber Cable,1089.0,5,32,4.0,3565
ORD-00446,2023-11-20,131960.0,6202.12,Electronics,"HomeTheater,TV&Video",North,Corporate,Sansui 140cm (55 inches) 4K Ultra HD Certified Android LED TV with Dolby Audio & Dolby Vision JSW55ASUHD (Mystique Black),32990.0,4,42,4.3,567
ORD-00447,2023-11-21,2370.0,-75.84,Electronics,"HomeTheater,TV&Video",Central,Home Office,7SEVEN Compatible LG TV Remote Suitable for LG Non Magic Smart tv Remote Control (Mouse & Voice Non-Support) MR20GA Prime Video and Netflix Hotkeys,790.0,3,60,3.0,103
ORD-00448,2023-11-22,1074.0,21.48,Computers&Accessories,Accessories&Peripherals,East,Home Office,"AmazonBasics Micro USB Fast Charging Cable for Android Phones with Gold Plated Connectors (3 Feet, Black)",179.0,6,64,4.2,92595
ORD-00449,2023-11-22,17120.0,1480.88,Home&Kitchen,Kitchen&HomeAppliances,South,Corporate,"Philips Handheld Garment Steamer GC360/30 - Vertical & Horizontal Steaming, 1200 Watt, up to 22g/min",4280.0,4,29,3.8,2112
ORD-00450,2023-11-23,7196.0,543.3,Home&Kitchen,Kitchen&HomeAppliances,North,Corporate,"Wipro Vesta 1380W Cordless Steam Iron Quick heat up with 20gm/ min Steam Burst, Scratch resistant Ceramic soleplate ,Vertical and Horizontal Ironing, Steam burst of upto .8g/ shot",1799.0,4,31,3.6,771
ORD-00451,2023-11-24,3495.0,216.69,Home&Kitchen,Kitchen&HomeAppliances,East,Consumer,"Pigeon by Stovekraft Amaze Plus Electric Kettle (14313) with Stainless Steel Body, 1.8 litre, used for boiling Water, making tea and coffee, instant noodles, soup etc. 1500 Watt (Silver)",699.0,5,48,3.9,8446
ORD-00452,2023-11-25,14343.0,1427.13,Electronics,Mobiles&Accessories,Central,Consumer,MI Power Bank 3i 20000mAh Lithium Polymer 18W Fast Power Delivery Charging | Input- Type C | Micro USB| Triple Output | Sandstone Black,2049.0,7,7,4.3,178912
ORD-00453,2023-11-26,995.0,-15.92,Computers&Accessories,Accessories&Peripherals,South,Corporate,"Sounce Fast Phone Charging Cable & Data Sync USB Cable Compatible for iPhone 13, 12,11, X, 8, 7, 6, 5, iPad Air, Pro, Mini & iOS Devices",199.0,5,80,3.9,7928
ORD-00454,2023-11-26,995.0,-15.92,Computers&Accessories,Accessories&Peripherals,South,Corporate,"Sounce Fast Phone Charging Cable & Data Sync USB Cable Compatible for iPhone 13, 12,11, X, 8, 7, 6, 5, iPad Air, Pro, Mini & iOS Devices",199.0,5,80,3.9,7928
ORD-00455,2023-11-26,1596.0,150.02,Electronics,GeneralPurposeBatteries&BatteryChargers,West,Home Office,"Duracell Ultra Alkaline AA Battery, 8 Pcs",266.0,6,16,4.5,28030
ORD-00456,2023-11-26,995.0,-30.84,Computers&Accessories,Accessories&Peripherals,South,Corporate,"Sounce Fast Phone Charging Cable & Data Sync USB Cable Compatible for iPhone 13, 12,11, X, 8, 7, 6, 5, iPad Air, Pro, Mini & iOS Devices",199.0,5,90,3.9,7928
ORD-00457,2023-11-26,845.0,50.28,Computers&Accessories,Accessories&Peripherals,South,Home Office,"Tizum Mouse Pad/ Computer Mouse Mat with Anti-Slip Rubber Base | Smooth Mouse Control | Spill-Resistant Surface for Laptop, Notebook, MacBook, Gaming, Laser/ Optical Mouse, 9.4”x 7.9”, Multicolored",169.0,5,43,4.4,5176
ORD-00458,2023-11-27,5040.0,539.28,Home&Kitchen,Kitchen&HomeAppliances,Central,Home Office,"AGARO Esteem Multi Kettle 1.2 Litre, 600W with 3 Heating Modes & Rapid Boil Technology",1260.0,4,26,4.2,2891
ORD-00459,2023-11-28,2845.0,113.8,Computers&Accessories,Accessories&Peripherals,Central,Corporate,"Dell WM118 Wireless Mouse, 2.4 Ghz with USB Nano Receiver, Optical Tracking, 12-Months Battery Life, Ambidextrous, Pc/Mac/Laptop - Black.",569.0,5,56,4.4,9275
ORD-00460,2023-11-29,796.0,4.78,Computers&Accessories,NetworkingDevices,East,Consumer,"Skadioo WiFi Adapter for pc | Car Accessories, WiFi Dongle for pc | USB WiFi Adapter for pc | Wi-Fi Receiver 2.4GHz, 802.11b/g/n UNano Size WiFi Dongle Compatible Adapter,WiFi dongle for pc",199.0,4,60,3.7,612
ORD-00461,2023-11-29,595.0,-2.38,Electronics,"Headphones,Earbuds&Accessories",East,Home Office,"Gizga Essentials Earphone Carrying Case, Multi-Purpose Pocket Storage Travel Organizer for Earphones, Headset, Pen Drives, SD Cards, Shock-Proof Ballistic Nylon, Soft Fabric, Mesh Pocket, Green",119.0,5,76,4.3,15032
ORD-00462,2023-11-29,1150.0,181.7,Home&Kitchen,CraftMaterials,North,Home Office,Camel Oil Pastel with Reusable Plastic Box - 50 Shades,230.0,5,0,4.5,9427
ORD-00463,2023-12-01,756.0,68.42,Home&Kitchen,HomeStorage&Organization,West,Home Office,"Vedini Transparent Empty Refillable Reusable Fine Mist Spray Bottle for Perfume, Travel with DIY Sticker Set ( 100ml, Pack of 4)",189.0,4,37,4.2,2737
ORD-00464,2023-12-06,1192.0,17.88,Computers&Accessories,Accessories&Peripherals,North,Home Office,"SWAPKART Portable Flexible Adjustable Eye Protection USB LED Desk Light Table Lamp for Reading, Working on PC, Laptop, Power Bank, Bedroom ( Multicolour )",298.0,4,70,4.3,1552
ORD-00465,2023-12-06,309995.0,26504.57,Electronics,"HomeTheater,TV&Video",Central,Corporate,OnePlus 163.8 cm (65 inches) U Series 4K LED Smart Android TV 65U1S (Black),61999.0,5,11,4.1,6753
ORD-00466,2023-12-06,77994.0,4211.68,Electronics,Mobiles&Accessories,Central,Home Office,"Redmi Note 11 (Space Black, 6GB RAM, 64GB Storage) | 90Hz FHD+ AMOLED Display | Qualcomm® Snapdragon™ 680-6nm | 33W Charger Included",12999.0,6,32,4.1,50772
ORD-00467,2023-12-08,1017.0,-26.95,Electronics,"HomeTheater,TV&Video",South,Consumer,Electvision Remote Control Compatible with Kodak/Thomson Smart led tv (Without Voice) Before Placing Order for verification Contact Our coustmer Care 7738090464,339.0,3,83,4.0,343
ORD-00468,2023-12-09,4140.0,455.4,Computers&Accessories,"Printers,Inks&Accessories",East,Home Office,HP 682 Black Original Ink Cartridge,828.0,5,4,4.2,4567
ORD-00469,2023-12-10,6995.0,692.5,Home&Kitchen,"Heating,Cooling&AirQuality",Central,Corporate,Havells Ventil Air DSP 230mm Exhaust Fan (Pista Green),1399.0,5,26,4.0,8031
ORD-00470,2023-12-11,149994.0,8924.64,Electronics,"HomeTheater,TV&Video",East,Home Office,MI 108 cm (43 inches) 5A Series Full HD Smart Android LED TV L43M7-EAIN (Black),24999.0,6,31,4.2,32840
ORD-00471,2023-12-11,2574.0,154.44,Electronics,"Headphones,Earbuds&Accessories",North,Home Office,Xiaomi Mi Wired in Ear Earphones with Mic Basic with Ultra Deep Bass & Aluminum Alloy Sound Chamber (Black),429.0,6,28,4.1,119466
ORD-00472,2023-12-12,3594.0,253.38,Computers&Accessories,NetworkingDevices,West,Consumer,"TP-Link USB Bluetooth Adapter for PC, 5.0 Bluetooth Dongle Receiver (UB500) Supports Windows 11/10/8.1/7 for Desktop, Laptop, Mouse, Keyboard, Printers, Headsets, Speakers, PS4/ Xbox Controllers",599.0,6,33,4.3,95116
ORD-00473,2023-12-12,1197.0,2.99,Electronics,"Headphones,Earbuds&Accessories",North,Corporate,"boAt BassHeads 122 Wired Earphones with Heavy Bass, Integrated Controls and Mic (Gun Metal)",399.0,3,69,4.2,206
ORD-00474,2023-12-12,195.0,19.5,Computers&Accessories,Accessories&Peripherals,West,Home Office,"E-COSMOS 5V 1.2W Portable Flexible USB LED Light (Colours May Vary, Small, EC-POF1)",39.0,5,0,3.8,3344
ORD-00475,2023-12-13,695.0,29.19,Computers&Accessories,Accessories&Peripherals,East,Home Office,"Flix (Beetel) Usb To Type C Pvc Data Sync And 2A 480Mbps Data Sync, Tough Fast Charging Long Cable For Usb Type C Devices, Charging Adapter (White, 1 Meter) - Xcd-C12",139.0,5,44,4.0,9378
ORD-00476,2023-12-13,21960.0,2679.12,Home&Kitchen,Kitchen&HomeAppliances,Central,Corporate,"Sujata Supermix, Mixer Grinder, 900 Watts, 3 Jars (White)",5490.0,4,24,4.5,1408
ORD-00477,2023-12-13,4445.0,460.06,Home&Kitchen,Kitchen&HomeAppliances,East,Corporate,"Havells D'zire 1000 watt Dry Iron With American Heritage Sole Plate, Aerodynamic Design, Easy Grip Temperature Knob & 2 years Warranty. (Mint)",889.0,5,31,4.3,6400
ORD-00478,2023-12-14,199.0,-3.58,Home&Kitchen,Kitchen&HomeAppliances,North,Home Office,NGI Store 2 Pieces Pet Hair Removers for Your Laundry Catcher Lint Remover for Washing Machine Lint Remover Reusable Portable Silica Gel Clothes Washer Dryer Floating Ball,199.0,1,80,3.1,2
ORD-00479,2023-12-15,44995.0,832.41,Electronics,"HomeTheater,TV&Video",West,Home Office,VW 80 cm (32 inches) HD Ready Android Smart LED TV VW32PRO (Black),8999.0,5,53,4.0,6347
ORD-00480,2023-12-15,131960.0,5542.32,Electronics,"HomeTheater,TV&Video",North,Home Office,Hisense 126 cm (50 inches) Bezelless Series 4K Ultra HD Smart LED Google TV 50A6H (Black),32990.0,4,40,4.1,1555
ORD-00481,2023-12-16,3147.0,110.15,Home&Kitchen,"Heating,Cooling&AirQuality",South,Consumer,"CSI INTERNATIONAL® Instant Water Geyser, Water Heater, Portable Water Heater, Geyser Made of First Class ABS Plastic 3KW (White)",1049.0,3,58,3.6,328
ORD-00482,2023-12-16,57996.0,5393.63,Home&Kitchen,"Heating,Cooling&AirQuality",South,Home Office,"Philips Air Purifier Ac2887/20,Vitashield Intelligent Purification,Long Hepa Filter Life Upto 17000 Hours,Removes 99.9% Airborne Viruses & Bacteria,99.97% Airborne Pollutants,Ideal For Master Bedroom",14499.0,4,38,4.3,2026
ORD-00483,2023-12-17,8394.0,188.86,Electronics,"Headphones,Earbuds&Accessories",Central,Corporate,boAt Rockerz 400 Bluetooth On Ear Headphones With Mic With Upto 8 Hours Playback & Soft Padded Ear Cushions(Grey/Green),1399.0,6,53,4.1,97174
ORD-00484,2023-12-17,8394.0,188.86,Electronics,"Headphones,Earbuds&Accessories",Central,Corporate,boAt Rockerz 400 Bluetooth On Ear Headphones With Mic With Upto 8 Hours Playback & Soft Padded Ear Cushions(Grey/Green),1399.0,6,53,4.1,97175
ORD-00485,2023-12-18,2394.0,191.52,Electronics,GeneralPurposeBatteries&BatteryChargers,East,Consumer,Duracell Plus AAA Rechargeable Batteries (750 mAh) Pack of 4,399.0,6,20,4.3,27201
ORD-00486,2023-12-18,5396.0,256.31,Home&Kitchen,Kitchen&HomeAppliances,North,Consumer,"KENT Electric Chopper-B for Kitchen 250 Watt | Chop, Mince, Puree, Whisk, 400 ml Capacity | Stainless Steel Double Chopping Blades | Transparent Chopping Bowl | Anti-Skid | One Touch Operation | Black",1349.0,4,55,3.8,441
ORD-00487,2023-12-20,1596.0,47.88,Computers&Accessories,Accessories&Peripherals,Central,Consumer,"Wayona Usb Type C 65W 6Ft/2M Long Fast Charging Cable Compatible For Samsung S22 S20 Fe S21 Ultra A33 A53 A01 A73 A70 A51 M33 M53 M51 M31(2M, Black)",399.0,4,60,4.3,2806
ORD-00488,2023-12-22,8132.0,280.55,Home&Kitchen,Kitchen&HomeAppliances,East,Consumer,"Pigeon Zest Mixer Grinder 3 Speed Control 750 Watt Powerful Copper Motor with 3 Stainless Steel Jars for Dry Grinding, Wet Grinding and Making Chutney and 3 Polycarbonate lids - Blue",2033.0,4,53,3.4,422
ORD-00489,2023-12-23,1185.0,126.2,Home&Kitchen,HomeStorage&Organization,North,Consumer,Kuber Industries Round Non Woven Fabric Foldable Laundry Basket|Toy Storage Basket|Cloth Storage Basket With Handles| Capicity 45 Ltr (Grey & Black)-KUBMART11446,395.0,3,21,4.0,330
ORD-00490,2023-12-24,3294.0,159.76,Computers&Accessories,Accessories&Peripherals,East,Corporate,"AmazonBasics USB Type-C to USB Type-C 2.0 Cable for Charging Adapter, Smartphone - 9 Feet (2.7 Meters) - White",549.0,6,45,4.2,29746
ORD-00491,2023-12-24,705.0,-9.52,Electronics,"HomeTheater,TV&Video",Central,Consumer,7SEVEN® Compatible Tata Sky Remote Control Replacement of Original dth SD HD tata Play Set top Box Remote - IR Learning Universal Remote for Any Brand TV - Pairing Must,235.0,3,61,3.5,197
ORD-00492,2023-12-24,2245.0,158.27,Computers&Accessories,Accessories&Peripherals,South,Corporate,"Amkette 30 Pin to USB Charging & Data Sync Cable for iPhone 3G/3GS/4/4s/iPad 1/2/3, iPod Nano 5th/6th Gen and iPod Touch 3rd/4th Gen -1.5m (Black)",449.0,5,25,4.0,3231
ORD-00493,2023-12-26,14994.0,-157.44,Electronics,WearableTechnology,Central,Corporate,"Fire-Boltt India's No 1 Smartwatch Brand Ring Bluetooth Calling with SpO2 & 1.7” Metal Body with Blood Oxygen Monitoring, Continuous Heart Rate, Full Touch & Multiple Watch Faces",2499.0,6,75,4.1,42139
ORD-00494,2023-12-30,40995.0,2480.2,Home&Kitchen,Kitchen&HomeAppliances,North,Corporate,"Aquasure From Aquaguard Amaze RO+UV+MTDS,7L storage water purifier,suitable for borewell,tanker,municipal water (Grey) from Eureka Forbes",8199.0,5,49,3.9,18497
ORD-00495,2024-01-01,99995.0,6649.67,Electronics,Mobiles&Accessories,West,Corporate,"iQOO Z6 Pro 5G by vivo (Legion Sky, 6GB RAM, 128GB Storage) | Snapdragon 778G 5G | 66W FlashCharge | 1300 nits Peak Brightness | HDR10+",19999.0,5,29,4.3,9499
ORD-00496,2024-01-01,9594.0,76.75,Electronics,WearableTechnology,West,Consumer,"Noise ColorFit Pulse Grand Smart Watch with 1.69""(4.29cm) HD Display, 60 Sports Modes, 150 Watch Faces, Fast Charge, Spo2, Stress, Sleep, Heart Rate Monitoring & IP68 Waterproof (Jet Black)",1599.0,6,60,4.0,30254
ORD-00497,2024-01-01,9594.0,76.75,Electronics,WearableTechnology,West,Consumer,"Noise ColorFit Pulse Grand Smart Watch with 1.69""(4.29cm) HD Display, 60 Sports Modes, 150 Watch Faces, Fast Charge, Spo2, Stress, Sleep, Heart Rate Monitoring & IP68 Waterproof (Jet Black)",1599.0,6,60,4.0,30254
ORD-00498,2024-01-04,17994.0,161.95,Electronics,WearableTechnology,West,Corporate,"boAt Xtend Smartwatch with Alexa Built-in, 1.69” HD Display, Multiple Watch Faces, Stress Monitor, Heart & SpO2 Monitoring, 14 Sports Modes, Sleep Monitor, 5 ATM & 7 Days Battery(Pitch Black)",2999.0,6,62,4.1,48448
ORD-00499,2024-01-04,17994.0,161.95,Electronics,WearableTechnology,West,Corporate,"boAt Xtend Smartwatch with Alexa Built-in, 1.69” HD Display, Multiple Watch Faces, Stress Monitor, Heart & SpO2 Monitoring, 14 Sports Modes, Sleep Monitor, 5 ATM & 7 Days Battery(Pitch Black)",2999.0,6,62,4.1,48449
ORD-00500,2024-01-06,32495.0,3834.41,Home&Kitchen,"Heating,Cooling&AirQuality",South,Home Office,"V-Guard Divino 5 Star Rated 15 Litre Storage Water Heater (Geyser) with Advanced Safety Features, White",6499.0,5,24,4.4,5865
ORD-00501,2024-01-07,197994.0,12968.61,Electronics,"HomeTheater,TV&Video",West,Consumer,Redmi 126 cm (50 inches) 4K Ultra HD Android Smart LED TV X50 | L50M6-RA (Black),32999.0,6,27,4.2,45238
ORD-00502,2024-01-08,19374.0,1695.23,Home&Kitchen,Kitchen&HomeAppliances,West,Corporate,Philips Viva Collection HD4928/01 2100-Watt Induction Cooktop with Feather Touch Sensor and Crystal Glass Plate (Black),3229.0,6,39,4.2,39724
ORD-00503,2024-01-08,1596.0,25.54,Computers&Accessories,Accessories&Peripherals,North,Consumer,"Zoul Type C to Type C Fast Charging Cable 65W 2M/6ft USB C Nylon Braided Cord Compatible with MacBook Oneplus 9 9R Samsung Galaxy S21 Ultra S20+ (2M, Black)",399.0,4,64,4.1,2685
ORD-00504,2024-01-08,26970.0,391.07,Electronics,"HomeTheater,TV&Video",South,Corporate,Karbonn 80 cm (32 inches) Millenium Bezel-Less Series HD Ready Smart LED TV KJW32SKHD (Phantom Black),8990.0,3,53,3.9,350
ORD-00505,2024-01-09,4796.0,479.6,Home&Kitchen,Kitchen&HomeAppliances,South,Consumer,Brayden Fito Atom Rechargeable Smoothie Blender with 2000 mAh Battery and 3.7V Motor with 400ml Tritan Jar (Blue),1199.0,4,20,3.8,2206
ORD-00506,2024-01-10,386.0,16.98,Home&Kitchen,Kitchen&HomeAppliances,North,Corporate,AVNISH Tap Water Purifier Filter Faucet 6 Layer Carbon Activated Dust Chlorine Remover Water Softener for Drinking Cartridge Alkaline Taps for Kitchen Sink Bathroom Wash Basin (6-Layer Filtration),193.0,2,52,3.6,37
ORD-00507,2024-01-10,955.0,125.58,Home&Kitchen,CraftMaterials,East,Home Office,"PIDILITE Fevicryl Acrylic Colours Sunflower Kit (10 Colors x 15 ml) DIY Paint, Rich Pigment, Non-Craking Paint for Canvas, Wood, Leather, Earthenware, Metal, Diwali Gifts for Diwali",191.0,5,15,4.4,7203
ORD-00508,2024-01-10,3265.0,287.32,Home&Kitchen,"Heating,Cooling&AirQuality",East,Home Office,Bajaj Waterproof 1500 Watts Immersion Rod Heater,653.0,5,36,4.1,3366
ORD-00509,2024-01-10,1495.0,22.43,Computers&Accessories,Accessories&Peripherals,Central,Corporate,"boAt A400 USB Type-C to USB-A 2.0 Male Data Cable, 2 Meter (Black)",299.0,5,70,4.3,20850
ORD-00510,2024-01-10,1495.0,22.43,Computers&Accessories,Accessories&Peripherals,Central,Corporate,"boAt A400 USB Type-C to USB-A 2.0 Male Data Cable, 2 Meter (Black)",299.0,5,70,4.3,20850
ORD-00511,2024-01-10,1495.0,22.43,Computers&Accessories,Accessories&Peripherals,Central,Corporate,"boAt A400 USB Type-C to USB-A 2.0 Male Data Cable, 2 Meter (Black)",299.0,5,70,4.3,20850
ORD-00512,2024-01-11,99960.0,2798.88,Electronics,"HomeTheater,TV&Video",West,Corporate,TCL 108 cm (43 inches) 4K Ultra HD Certified Android Smart LED TV 43P615 (Black),24990.0,4,52,4.2,2951
ORD-00513,2024-01-11,1196.0,-22.13,Electronics,"HomeTheater,TV&Video",South,Corporate,LOHAYA Television Remote Compatible with Samsung Smart LED/LCD/HD TV Remote Control [ Compatible for All Samsung Tv Remote Control ],299.0,4,75,3.9,1193
ORD-00514,2024-01-12,2125.0,103.06,Computers&Accessories,Accessories&Peripherals,North,Consumer,"Tukzer Gel Mouse Pad Wrist Rest Memory-Foam Ergonomic Mousepad| Cushion Wrist Support & Pain Relief| Suitable for Gaming, Computer, Laptop, Home & Office Non-Slip Rubber Base (Blue)",425.0,5,53,4.5,4219
ORD-00515,2024-01-12,6495.0,29.23,Electronics,"Headphones,Earbuds&Accessories",Central,Corporate,Noise Buds VS201 V2 in-Ear Truly Wireless Earbuds with Dual Equalizer | with Mic | Total 14-Hour Playtime | Full Touch Control | IPX5 Water Resistance and Bluetooth v5.1 (Olive Green),1299.0,5,57,3.8,14629
ORD-00516,2024-01-14,10396.0,930.44,Home&Kitchen,"Heating,Cooling&AirQuality",South,Home Office,"Havells Instanio 1-Litre 3KW Instant Water Heater (Geyser), White Blue",2599.0,4,43,4.4,646
ORD-00517,2024-01-15,238.0,2.38,Computers&Accessories,Accessories&Peripherals,East,Consumer,Amazon Brand - Solimo 3A Fast Charging Tough Type C USB Data Cable  – 1 Meter,119.0,2,60,3.8,51
ORD-00518,2024-01-15,594.0,-5.94,Electronics,Mobiles&Accessories,North,Corporate,"STRIFF PS2_01 Multi Angle Mobile/Tablet Tabletop Stand. Phone Holder for iPhone, Android, Samsung, OnePlus, Xiaomi. Portable, Foldable Cell Phone Stand. Perfect for Bed, Office, Home & Desktop (Black)",99.0,6,80,4.3,42641
ORD-00519,2024-01-16,556.0,-11.68,Computers&Accessories,Accessories&Peripherals,South,Corporate,Lapster 1.5 mtr USB 2.0 Type A Male to USB A Male Cable for computer and laptop,139.0,4,86,4.0,1313
ORD-00520,2024-01-16,556.0,-11.68,Computers&Accessories,Accessories&Peripherals,South,Corporate,Lapster 1.5 mtr USB 2.0 Type A Male to USB A Male Cable for computer and laptop,139.0,4,86,4.0,1313
ORD-00521,2024-01-16,2997.0,62.94,Home&Kitchen,"Heating,Cooling&AirQuality",East,Consumer,"INDIAS®™ Electro-Instant Water Geyser A.B.S. Body Shock Proof Can be Used in Bathroom, Kitchen, wash Area, Hotels, Hospital etc.",999.0,3,62,3.4,252
ORD-00522,2024-01-17,7194.0,-187.04,Electronics,"Headphones,Earbuds&Accessories",West,Consumer,"boAt Airdopes 171 in Ear Bluetooth True Wireless Earbuds with Upto 13 Hours Battery, IPX4, Bluetooth v5.0, Dual Tone Finish with Mic (Mysterious Blue)",1199.0,6,80,3.9,47521
ORD-00523,2024-01-17,478.0,71.7,Home&Kitchen,Kitchen&HomeAppliances,South,Home Office,Kitchenwell Multipurpose Portable Electronic Digital Weighing Scale Weight Machine | Weight Machine | 10 Kg,239.0,2,0,4.3,7
ORD-00524,2024-01-18,8495.0,216.62,Electronics,Mobiles&Accessories,North,Consumer,"DIGITEK® (DRL-14C) Professional (31cm) Dual Temperature LED Ring Light with Tripod Stand & Mini Tripod for YouTube, Photo-Shoot, Video Shoot, Live Stream, Makeup, Vlogging & More",1699.0,5,51,4.1,14371
ORD-00525,2024-01-20,14995.0,404.87,Electronics,WearableTechnology,West,Corporate,"Noise Pulse 2 Max Advanced Bluetooth Calling Smart Watch with 1.85'' TFT and 550 Nits Brightness, Smart DND, 10 Days Battery, 100 Sports Mode, Smartwatch for Men and Women - (Jet Black)",2999.0,5,50,4.1,7148
ORD-00526,2024-01-23,1495.0,7.48,Electronics,Mobiles&Accessories,North,Consumer,OpenTech® Military-Grade Tempered Glass Screen Protector Compatible for iPhone 13/13 Pro / 14 with Edge to Edge Coverage and Easy Installation kit (6.1 Inches),299.0,5,70,4.3,8891
ORD-00527,2024-01-23,5394.0,105.18,Electronics,HomeAudio,East,Consumer,"Infinity (JBL Fuze Pint, Wireless Ultra Portable Mini Speaker with Mic, Deep Bass, Dual Equalizer, Bluetooth 5.0 with Voice Assistant Support for Mobiles (Black)",899.0,6,55,4.1,30469
ORD-00528,2024-01-24,741.0,27.42,Electronics,"HomeTheater,TV&Video",South,Consumer,"LUNAGARIYA®, Protective Case Compatible with JIO Settop Box Remote Control,PU Leather Cover Holder (Before Placing Order,Please Compare The Dimensions of The Product with Your Remote)",247.0,3,38,3.9,200
ORD-00529,2024-01-24,1335.0,90.11,Home&Kitchen,Kitchen&HomeAppliances,Central,Corporate,"Lint Remover For Clothes With 1 Year Warranty Fabric Shaver Lint Shaver for Woolen Clothes Blanket Jackets Stainless Steel Blades,Bedding, Clothes and Furniture Best Remover for Fabrics Portable Lint Shavers (White Orange)",445.0,3,55,4.3,229
ORD-00530,2024-01-25,11196.0,1433.09,Home&Kitchen,Kitchen&HomeAppliances,East,Corporate,"InstaCuppa Portable Blender for Smoothie, Milk Shakes, Crushing Ice and Juices, USB Rechargeable Personal Blender Machine for Kitchen with 4000 mAh Rechargeable Battery, 230 Watt Motor, 500 ML",2799.0,4,20,4.5,546
ORD-00531,2024-01-25,2546.97,100.61,Computers&Accessories,Accessories&Peripherals,South,Home Office,"boAt LTG 550v3 Lightning Apple MFi Certified Cable with Spaceship Grade Aluminium Housing,Stress Resistance, Rapid 2.4A Charging & 480mbps Data Sync, 1m Length & 10000+ Bends Lifespan(Mercurial Black)",848.99,3,43,3.9,356
ORD-00532,2024-01-26,10895.0,315.96,Electronics,Mobiles&Accessories,West,Consumer,"URBN 20000 mAh Lithium_Polymer 22.5W Super Fast Charging Ultra Compact Power Bank with Quick Charge & Power Delivery, Type C Input/Output, Made in India, Type C Cable Included (Camo)",2179.0,5,46,4.0,8380
ORD-00533,2024-01-26,44995.0,2722.2,Electronics,Mobiles&Accessories,West,Home Office,"Redmi 10A (Slate Grey, 4GB RAM, 64GB Storage) | 2 Ghz Octa Core Helio G25 | 5000 mAh Battery | Finger Print Sensor | Upto 5GB RAM with RAM Booster",8999.0,5,25,4.0,12796
ORD-00534,2024-01-27,7996.0,699.65,Home&Kitchen,Kitchen&HomeAppliances,West,Home Office,AmazonBasics Induction Cooktop 1600 Watt (Black),1999.0,4,39,4.2,780
ORD-00535,2024-01-27,4196.0,163.64,Home&Kitchen,"Heating,Cooling&AirQuality",South,Home Office,"CSI INTERNATIONAL® Instant Water Geyser, Water Heater, Portable Water Heater, Geyser Made of First Class ABS Plastic 3KW (Red)",1049.0,4,58,3.7,638
ORD-00536,2024-01-28,6475.0,650.74,Computers&Accessories,Accessories&Peripherals,West,Home Office,"Logitech M331 Silent Plus Wireless Mouse, 2.4GHz with USB Nano Receiver, 1000 DPI Optical Tracking, 3 Buttons, 24 Month Life Battery, PC/Mac/Laptop - Black",1295.0,5,21,4.6,12375
ORD-00537,2024-01-28,2245.0,41.53,Computers&Accessories,ExternalDevices&DataStorage,East,Home Office,HP v222w 64GB USB 2.0 Pen Drive (Silver),449.0,5,65,4.2,4959
ORD-00538,2024-01-30,1884.0,-0.94,Electronics,Mobiles&Accessories,South,Home Office,"Elv Aluminium Adjustable Mobile Phone Foldable Holder Tabletop Stand Dock Mount for All Smartphones, Tabs, Kindle, iPad (Moonlight Silver)",314.0,6,79,4.5,28978
ORD-00539,2024-01-31,3796.0,197.39,Home&Kitchen,Kitchen&HomeAppliances,West,Consumer,"Singer Aroma 1.8 Liter Electric Kettle High Grade Stainless Steel with Cool and Touch Body and Cordless Base, 1500 watts, Auto Shut Off with Dry Boiling (Silver/Black)",949.0,4,60,4.1,2311
ORD-00540,2024-02-01,575.0,-4.31,Computers&Accessories,Accessories&Peripherals,South,Consumer,"Pinnaclz Original Combo of 2 Micro USB Fast Charging Cable, USB Charging Cable for Data Transfer Perfect for Android Smart Phones White 1.2 Meter Made in India (Pack of 2)",115.0,5,77,4.0,7732
ORD-00541,2024-02-01,575.0,-4.31,Computers&Accessories,Accessories&Peripherals,South,Consumer,"Pinnaclz Original Combo of 2 Micro USB Fast Charging Cable, USB Charging Cable for Data Transfer Perfect for Android Smart Phones White 1.2 Meter Made in India (Pack of 2)",115.0,5,77,4.0,7732
ORD-00542,2024-02-01,2675.0,278.2,OfficeProducts,OfficeElectronics,North,Corporate,"Casio MJ-120D 150 Steps Check and Correct Desktop Calculator with Tax Keys, Black",535.0,5,0,4.4,4426
ORD-00543,2024-02-01,575.0,-4.31,Computers&Accessories,Accessories&Peripherals,South,Consumer,"Pinnaclz Original Combo of 2 Micro USB Fast Charging Cable, USB Charging Cable for Data Transfer Perfect for Android Smart Phones White 1.2 Meter Made in India (Pack of 2)",115.0,5,77,4.0,7732
ORD-00544,2024-02-03,5636.0,281.8,Computers&Accessories,Accessories&Peripherals,Central,Corporate,"HP 330 Wireless Black Keyboard and Mouse Set with Numeric Keypad, 2.4GHz Wireless Connection and 1600 DPI, USB Receiver, LED Indicators , Black(2V9E6AA)",1409.0,4,36,3.9,427
ORD-00545,2024-02-06,2395.0,191.6,Electronics,GeneralPurposeBatteries&BatteryChargers,North,Home Office,"Duracell Rechargeable AA 1300mAh Batteries, 4Pcs",479.0,5,20,4.3,11687
ORD-00546,2024-02-06,3495.0,150.29,Computers&Accessories,Accessories&Peripherals,North,Corporate,Zebronics Zeb-Companion 107 USB Wireless Keyboard and Mouse Set with Nano Receiver (Black),699.0,5,30,3.5,15295
ORD-00547,2024-02-06,796.0,0.0,Electronics,"HomeTheater,TV&Video",South,Corporate,"PRUSHTI COVER AND BAGS, Protective Case for Airtel Xstream settop Box Remote Remote Control Pouch Cover Holder PU Leather Cover Holder(only Cover for Selling Purpose)",199.0,4,60,3.8,538
ORD-00548,2024-02-08,10995.0,1137.98,Home&Kitchen,"Heating,Cooling&AirQuality",North,Home Office,Havells Ambrose 1200mm Ceiling Fan (Gold Mist Wood),2199.0,5,31,4.3,9650
ORD-00549,2024-02-09,1794.0,38.57,Computers&Accessories,Accessories&Peripherals,East,Consumer,boAt Rugged v3 Extra Tough Unbreakable Braided Micro USB Cable 1.5 Meter (Black),299.0,6,63,4.2,94363
ORD-00550,2024-02-09,123960.0,6569.88,Electronics,"HomeTheater,TV&Video",South,Corporate,LG 108 cm (43 inches) 4K Ultra HD Smart LED TV 43UQ7500PSF (Ceramic Black),30990.0,4,38,4.3,1376
ORD-00551,2024-02-09,1794.0,38.57,Computers&Accessories,Accessories&Peripherals,East,Consumer,boAt Rugged v3 Extra Tough Unbreakable Braided Micro USB Cable 1.5 Meter (Black),299.0,6,63,4.2,94364
ORD-00552,2024-02-10,7712.0,763.49,Home&Kitchen,Kitchen&HomeAppliances,Central,Consumer,Borosil Prime Grill Sandwich Maker (Grey),1928.0,4,26,4.0,2377
ORD-00553,2024-02-11,8995.0,-274.35,Electronics,WearableTechnology,West,Consumer,"Fire-Boltt Ninja Call Pro Plus 1.83"" Smart Watch with Bluetooth Calling, AI Voice Assistance, 100 Sports Modes IP67 Rating, 240*280 Pixel High Resolution",1799.0,5,91,4.2,13937
ORD-00554,2024-02-12,3705.0,426.08,Home&Kitchen,"Heating,Cooling&AirQuality",South,Home Office,"Maharaja Whiteline Nano Carbon Neo, 500 Watts Room Heater (Black, White), Standard (5200100986)",1235.0,3,18,4.1,203
ORD-00555,2024-02-13,387.0,-10.26,Computers&Accessories,Accessories&Peripherals,Central,Home Office,"Croma 3A Fast charge 1m Type-C to All Type-C Phones sync and charge cable, Made in India, 480Mbps Data transfer rate, Tested Durability with 8000+ bends (12 months warranty) - CRCMA0106sTC10, Black",129.0,3,87,3.9,295
ORD-00556,2024-02-13,5824.0,355.26,Home&Kitchen,Kitchen&HomeAppliances,South,Home Office,iBELL MPK120L Premium Stainless Steel Multi Purpose Kettle/Cooker with Inner Pot 1.2 Litre (Silver),1456.0,4,54,4.1,1776
ORD-00557,2024-02-13,770.0,28.88,Computers&Accessories,Accessories&Peripherals,South,Consumer,Portronics Konnect L POR-1081 Fast Charging 3A Type-C Cable 1.2Meter with Charge & Sync Function for All Type-C Devices (Grey),154.0,5,55,4.3,13391
ORD-00558,2024-02-13,995.0,-1.99,Electronics,"HomeTheater,TV&Video",South,Consumer,Tizum High Speed HDMI Cable with Ethernet | Supports 3D 4K | for All HDMI Devices Laptop Computer Gaming Console TV Set Top Box (1.5 Meter/ 5 Feet),199.0,5,72,4.2,12153
ORD-00559,2024-02-13,770.0,28.88,Computers&Accessories,Accessories&Peripherals,South,Consumer,Portronics Konnect L POR-1081 Fast Charging 3A Type-C Cable 1.2Meter with Charge & Sync Function for All Type-C Devices (Grey),154.0,5,55,4.3,13391
ORD-00560,2024-02-13,995.0,-1.99,Electronics,"HomeTheater,TV&Video",South,Consumer,Tizum High Speed HDMI Cable with Ethernet | Supports 3D 4K | for All HDMI Devices Laptop Computer Gaming Console TV Set Top Box (1.5 Meter/ 5 Feet),199.0,5,72,4.2,12153
ORD-00561,2024-02-13,770.0,28.88,Computers&Accessories,Accessories&Peripherals,South,Consumer,Portronics Konnect L POR-1081 Fast Charging 3A Type-C Cable 1.2Meter with Charge & Sync Function for All Type-C Devices (Grey),154.0,5,55,4.3,13391
ORD-00562,2024-02-15,8495.0,1015.15,Home&Kitchen,Kitchen&HomeAppliances,South,Corporate,"AGARO Marvel 9 Liters Oven Toaster Griller, Cake Baking OTG (Black)",1699.0,5,15,4.1,8873
ORD-00563,2024-02-16,597.0,-2.39,Computers&Accessories,Accessories&Peripherals,South,Corporate,"Lapster usb 2.0 mantra cable, mantra mfs 100 data cable (black)",199.0,3,80,4.2,85
ORD-00564,2024-02-17,4963.0,71.96,Computers&Accessories,Accessories&Peripherals,West,Corporate,"Amazon Basics USB A to Lightning MFi Certified Charging Cable (White, 1.2 meter)",709.0,7,65,4.1,178817
ORD-00565,2024-02-18,13194.0,-145.13,Electronics,WearableTechnology,Central,Corporate,"Fire-Boltt India's No 1 Smartwatch Brand Talk 2 Bluetooth Calling Smartwatch with Dual Button, Hands On Voice Assistance, 60 Sports Modes, in Built Mic & Speaker with IP68 Rating",2199.0,6,78,4.2,29472
ORD-00566,2024-02-19,1254.0,28.84,Computers&Accessories,Accessories&Peripherals,North,Home Office,"AmazonBasics USB 2.0 Cable - A-Male to B-Male - for Personal Computer, Printer- 6 Feet (1.8 Meters), Black",209.0,6,70,4.5,107686
ORD-00567,2024-02-19,1995.0,4.99,Computers&Accessories,Accessories&Peripherals,Central,Corporate,Robustrion Tempered Glass Screen Protector for iPad 10.2 inch 9th Gen Generation 2021 8th Gen 2020 7th Gen 2019,399.0,5,73,4.1,5730
ORD-00568,2024-02-19,1254.0,28.84,Computers&Accessories,Accessories&Peripherals,North,Home Office,"AmazonBasics USB 2.0 Cable - A-Male to B-Male - for Personal Computer, Printer- 6 Feet (1.8 Meters), Black",209.0,6,70,4.5,107687
ORD-00569,2024-02-19,2394.0,47.88,Computers&Accessories,Accessories&Peripherals,Central,Consumer,"Wayona Nylon Braided 3A Lightning to USB A Syncing and Fast Charging Data Cable for iPhone, Ipad (3 FT Pack of 1, Black)",399.0,6,64,4.2,24269
ORD-00570,2024-02-20,370.0,4.26,Electronics,"HomeTheater,TV&Video",Central,Home Office,Technotech High Speed HDMI Cable 5 Meter V1.4 - Supports Full HD 1080p (Color May Vary),185.0,2,63,4.2,25
ORD-00571,2024-02-20,174995.0,15924.55,Electronics,Mobiles&Accessories,West,Corporate,"OnePlus 10R 5G (Forest Green, 8GB RAM, 128GB Storage, 80W SuperVOOC)",34999.0,5,10,4.2,11029
ORD-00572,2024-02-21,2745.0,70.0,Computers&Accessories,Accessories&Peripherals,East,Home Office,"ProElite Faux Leather Smart Flip Case Cover for Apple iPad 10.2"" 9th Gen (2021) / 8th Gen / 7th Gen with Stylus Pen, Black",549.0,5,63,4.3,11006
ORD-00573,2024-02-21,7990.0,155.8,Electronics,"Headphones,Earbuds&Accessories",North,Consumer,"boAt Airdopes 181 in-Ear True Wireless Earbuds with ENx  Tech, Beast  Mode(Low Latency Upto 60ms) for Gaming, with Mic, ASAP  Charge, 20H Playtime, Bluetooth v5.2, IPX4 & IWP (Cool Grey)",1598.0,5,47,3.8,11015
ORD-00574,2024-02-22,2995.0,143.76,Computers&Accessories,Accessories&Peripherals,South,Home Office,"Zebronics, ZEB-NC3300 USB Powered Laptop Cooling Pad with Dual Fan, Dual USB Port and Blue LED Lights",599.0,5,40,4.0,7601
ORD-00575,2024-02-24,712.0,55.18,OfficeProducts,OfficePaperProducts,Central,Home Office,Pilot V7 Liquid Ink Roller Ball Pen (2 Blue + 1 Black),178.0,4,15,4.3,2450
ORD-00576,2024-02-25,575.0,-29.9,Computers&Accessories,Accessories&Peripherals,South,Corporate,"LS LAPSTER Quality Assured Universal Silicone 15.6"" Keyboard Protector Skin|| Keyboard Dust Cover|| Keyboard Skin for 15.6"" Laptop| 15.6"" Keyguard| (3.93 x 11.81 x 0.39 inches)",115.0,5,88,3.3,5692
ORD-00577,2024-02-26,4796.0,362.1,Home&Kitchen,Kitchen&HomeAppliances,East,Home Office,KENT 16026 Electric Kettle Stainless Steel 1.8 L | 1500W | Superfast Boiling | Auto Shut-Off | Boil Dry Protection | 360° Rotating Base | Water Level Indicator,1199.0,4,39,3.9,2832
ORD-00578,2024-02-28,22194.0,2685.47,Home&Kitchen,Kitchen&HomeAppliances,North,Consumer,"Philips HL7756/00 Mixer Grinder, 750W, 3 Jars (Black)",3699.0,6,14,4.1,26543
ORD-00579,2024-03-01,5745.0,379.17,Computers&Accessories,Accessories&Peripherals,North,Corporate,"HP K500F Backlit Membrane Wired Gaming Keyboard with Mixed Color Lighting, Metal Panel with Logo Lighting, 26 Anti-Ghosting Keys, and Windows Lock Key / 3 Years Warranty(7ZZ97AA)",1149.0,5,36,4.3,4723
ORD-00580,2024-03-02,8994.0,-139.41,Electronics,WearableTechnology,North,Home Office,"Fire-Boltt Ninja 3 Smartwatch Full Touch 1.69 "" & 60 Sports Modes with IP68, Sp02 Tracking, Over 100 Cloud based watch faces ( Green )",1499.0,6,81,4.2,22638
ORD-00581,2024-03-02,12980.0,590.59,Electronics,"HomeTheater,TV&Video",West,Home Office,"WZATCO Pixel | Portable LED Projector | Native 720p with Full HD 1080P Support | 2000 Lumens (200 ANSI) | 176"" Large Screen | Projector for Home and Outdoor | Compatible with TV Stick, PC, PS4",6490.0,2,35,4.0,27
ORD-00582,2024-03-04,3594.0,28.75,Electronics,Accessories,Central,Consumer,"Samsung EVO Plus 64GB microSDXC UHS-I U1 130MB/s Full HD & 4K UHD Memory Card with Adapter (MB-MC64KA), Blue",599.0,6,68,4.3,140036
ORD-00583,2024-03-05,1497.0,98.8,Computers&Accessories,ExternalDevices&DataStorage,South,Corporate,"Cablet 2.5 Inch SATA USB 3.0 HDD/SSD Portable External Enclosure for 7mm and 9.5mm, Tool-Free Design, Supports UASP Max 6TB",499.0,3,36,4.3,74
ORD-00584,2024-03-07,798.0,27.93,Electronics,"HomeTheater,TV&Video",East,Home Office,7SEVEN® Compatible for Tata Sky Remote Original Set Top HD Box and Suitable for SD Tata Play setup Box Remote Control,399.0,2,50,4.3,12
ORD-00585,2024-03-08,2094.0,9.42,Computers&Accessories,Accessories&Peripherals,North,Home Office,STRIFF Adjustable Laptop Tabletop Stand Patented Riser Ventilated Portable Foldable Compatible with MacBook Notebook Tablet Tray Desk Table Book with Free Phone Stand (Black),349.0,6,77,4.3,24791
ORD-00586,2024-03-08,1420.0,71.71,Home&Kitchen,HomeStorage&Organization,East,Home Office,"PrettyKrafts Folding Laundry Basket for Clothes with Lid & Handle, Toys Organiser, 75 Litre, (Pack of 1), Mushroom Print",355.0,4,61,4.1,1051
ORD-00587,2024-03-09,4720.0,561.68,Home&Kitchen,Kitchen&HomeAppliances,North,Corporate,"Borosil Rio 1.5 L Electric Kettle, Stainless Steel Inner Body, Boil Water For Tea, Coffee, Soup, Silver",1180.0,4,18,4.2,1527
ORD-00588,2024-03-11,2163.0,-6.49,Electronics,"HomeTheater,TV&Video",South,Corporate,"Amazon Basics High-Speed HDMI Cable, 6 Feet (2-Pack),Black",309.0,7,78,4.4,426973
ORD-00589,2024-03-12,1516.0,-0.76,Computers&Accessories,Accessories&Peripherals,North,Consumer,Robustrion Anti-Scratch & Smudge Proof Tempered Glass Screen Protector for Xiaomi Mi Pad 5 11 inch,379.0,4,75,4.1,670
ORD-00590,2024-03-12,3894.0,54.52,Computers&Accessories,Accessories&Peripherals,South,Consumer,"Wayona Nylon Braided Usb Syncing And Charging Cable Sync And Charging Cable For Iphone, Ipad (3 Ft, Black) - Pack Of 2",649.0,6,68,4.2,24269
ORD-00591,2024-03-12,684.0,-8.55,Computers&Accessories,Accessories&Peripherals,Central,Corporate,"Portronics Konnect Spydr 31 3-in-1 Multi Functional Cable with 3.0A Output, Tangle Resistant, 1.2M Length, Nylon Braided(Zebra)",228.0,3,75,3.8,132
ORD-00592,2024-03-12,5936.0,382.87,Home&Kitchen,Kitchen&HomeAppliances,East,Consumer,"Akiara® - Makes life easy Mini Sewing Machine with Table Set | Tailoring Machine | Hand Sewing Machine with extension table, foot pedal, adapter",1484.0,4,41,3.7,1067
ORD-00593,2024-03-13,2916.0,-23.33,Electronics,"HomeTheater,TV&Video",South,Consumer,"BlueRigger Digital Optical Audio Toslink Cable (6 Feet / 1.8 Meter) With 8 Channel (7.1) Audio Support (for Home Theatre, Xbox, Playstation etc.)",486.0,6,76,4.2,30023
ORD-00594,2024-03-13,255.0,14.41,Home&Kitchen,HomeStorage&Organization,West,Corporate,Empty Mist Trigger Plastic Spray Bottle for Multi use 200ml Pack of 2,85.0,3,57,4.1,212
ORD-00595,2024-03-14,21414.0,2216.35,Home&Kitchen,"Heating,Cooling&AirQuality",East,Corporate,atomberg Renesa 1200mm BLDC Motor with Remote 3 Blade Energy Saving Ceiling Fan (Matt Black),3569.0,6,31,4.3,28629
ORD-00596,2024-03-15,144995.0,15949.45,Electronics,Mobiles&Accessories,West,Consumer,"OnePlus Nord 2T 5G (Jade Fog, 8GB RAM, 128GB Storage)",28999.0,5,0,4.3,17415
ORD-00597,2024-03-15,1965.0,11.79,Electronics,"HomeTheater,TV&Video",North,Corporate,"LRIPL Mi Remote Control with Netflix & Prime Video Button Compatible for Mi 4X LED Android Smart TV 4A Remote Control (32""/43"") with Voice Command (Pairing Required)",655.0,3,40,3.2,285
ORD-00598,2024-03-16,807.0,12.11,Computers&Accessories,Accessories&Peripherals,Central,Home Office,"Anjaney Enterprise Smart Multipurpose Foldable Laptop Table with Cup Holder, Study Table, Bed Table, Breakfast Table, Foldable and Portable/Ergonomic & Rounded Edges/Non-Slip (Black)",269.0,3,62,4.0,93
ORD-00599,2024-03-17,14994.0,734.71,Computers&Accessories,NetworkingDevices,West,Home Office,"TP-Link Archer AC1200 Archer C6 Wi-Fi Speed Up to 867 Mbps/5 GHz + 400 Mbps/2.4 GHz, 5 Gigabit Ports, 4 External Antennas, MU-MIMO, Dual Band, WiFi Coverage with Access Point Mode, Black",2499.0,6,50,4.4,35024
ORD-00600,2024-03-18,23995.0,2603.46,Home&Kitchen,Kitchen&HomeAppliances,South,Consumer,Morphy Richards New Europa 800-Watt Espresso and Cappuccino 4-Cup Coffee Maker (Black),4799.0,5,17,3.9,3815
ORD-00601,2024-03-19,1470.0,-30.87,Computers&Accessories,Accessories&Peripherals,South,Home Office,"rts [2 Pack] Mini USB C Type C Adapter Plug, Type C Female to USB A Male Charger Charging Cable Adapter Converter compatible for iPhone, Samsung S20 ultra/S21/S10/S8/S9/MacBook Pro iPad Silver",294.0,5,94,4.3,4426
ORD-00602,2024-03-20,7320.0,-10.98,Electronics,"Headphones,Earbuds&Accessories",East,Consumer,"boAt Rockerz 450 Bluetooth On Ear Headphones with Mic, Upto 15 Hours Playback, 40MM Drivers, Padded Ear Cushions, Integrated Controls and Dual Modes(Luscious Black)",1220.0,6,69,4.1,107151
ORD-00603,2024-03-20,2097.0,40.89,Electronics,"HomeTheater,TV&Video",North,Consumer,"Bestor ® 8K Hdmi 2.1 Cable 48Gbps 9.80Ft/Ultra High Speed Hdmi Braided Cord For Roku Tv/Ps5/Hdtv/Blu-Ray Projector, Laptop, Television, Personal Computer, Xbox, Ps4, Ps5, Ps4 Pro (1 M, Grey)",699.0,3,63,4.4,390
ORD-00604,2024-03-21,500.0,50.0,OfficeProducts,OfficePaperProducts,West,Home Office,"Parker Quink Ink Bottle, Blue",100.0,5,0,4.3,3095
ORD-00605,2024-03-22,1350.0,133.65,Electronics,GeneralPurposeBatteries&BatteryChargers,South,Corporate,Panasonic CR-2032/5BE Lithium Coin Battery - Pack of 5,225.0,6,10,4.4,26556
ORD-00606,2024-03-24,692.0,-10.03,Electronics,"HomeTheater,TV&Video",West,Corporate,Posh 1.5 Meter High Speed Gold Plated HDMI Male to Female Extension Cable (Black),173.0,4,83,4.3,1237
ORD-00607,2024-03-25,920.0,4.6,Electronics,"HomeTheater,TV&Video",East,Consumer,Tata Sky Universal Remote,230.0,4,54,3.7,2960
ORD-00608,2024-03-26,897.0,56.51,Home&Kitchen,Kitchen&HomeAppliances,West,Home Office,Cello Non-Stick Aluminium Sandwich Gas Toaster(Black),299.0,3,50,4.0,314
ORD-00609,2024-03-26,69995.0,4199.7,Electronics,Mobiles&Accessories,North,Consumer,"Samsung Galaxy M13 5G (Aqua Green, 6GB, 128GB Storage) | 5000mAh Battery | Upto 12GB RAM with RAM Plus",13999.0,5,28,4.1,18998
ORD-00610,2024-03-27,745.0,-12.29,Electronics,"Headphones,Earbuds&Accessories",West,Home Office,"ZEBRONICS Zeb-Bro in Ear Wired Earphones with Mic, 3.5mm Audio Jack, 10mm Drivers, Phone/Tablet Compatible(Black)",149.0,5,63,3.5,21764
ORD-00611,2024-03-29,29560.0,221.7,Electronics,"HomeTheater,TV&Video",South,Home Office,"Croma 80 cm (32 Inches) HD Ready LED TV (CREL7369, Black) (2021 Model)",7390.0,4,63,4.1,2581
ORD-00612,2024-03-29,7745.0,441.47,Electronics,Cameras&Photography,North,Consumer,"Digitek DTR 550 LW (67 Inch) Tripod For DSLR, Camera |Operating Height: 5.57 Feet | Maximum Load Capacity up to 4.5kg | Portable Lightweight Aluminum Tripod with 360 Degree Ball Head | Carry Bag Included (Black) (DTR 550LW)",1549.0,5,38,4.4,15137
ORD-00613,2024-03-30,396.0,-7.13,Electronics,Mobiles&Accessories,West,Home Office,"STRIFF UPH2W Multi Angle Tablet/Mobile Stand. Holder for iPhone, Android, Samsung, OnePlus, Xiaomi. Portable,Foldable Stand.Perfect for Bed,Office, Home,Gift and Desktop (White)",99.0,4,80,4.1,2451
ORD-00614,2024-03-30,10495.0,131.19,Electronics,Mobiles&Accessories,West,Home Office,"KINGONE Upgraded Stylus Pen, iPad Pencil, Ultra High Precision & Sensitivity, Palm Rejection, Prevents False ON/Off Touch, Power Display, Tilt Sensitivity, Magnetic Adsorption for iPad 2018 and Later",2099.0,5,65,4.3,17129
ORD-00615,2024-03-30,29495.0,2005.66,Computers&Accessories,"Printers,Inks&Accessories",North,Corporate,"HP Deskjet 2723 AIO Printer, Copy, Scan, WiFi, Bluetooth, USB, Simple Setup Smart App, Ideal for Home.",5899.0,5,16,3.6,4199
ORD-00616,2024-03-30,10495.0,131.19,Electronics,Mobiles&Accessories,West,Home Office,"KINGONE Upgraded Stylus Pen, iPad Pencil, Ultra High Precision & Sensitivity, Palm Rejection, Prevents False ON/Off Touch, Power Display, Tilt Sensitivity, Magnetic Adsorption for iPad 2018 and Later",2099.0,5,65,4.3,17129
ORD-00617,2024-03-31,4494.0,278.63,Home&Kitchen,Kitchen&HomeAppliances,East,Consumer,"Prestige Electric Kettle PKOSS - 1500watts, Steel (1.5Ltr), Black",749.0,6,48,3.9,63350
ORD-00618,2024-04-02,1916.0,0.0,Home&Kitchen,Kitchen&HomeAppliances,West,Consumer,"Kitchen Kit Electric Kettle, 1.8L Stainless Steel Tea Kettle, Fast Boil Water Warmer with Auto Shut Off and Boil Dry Protection Tech",479.0,4,76,3.4,1066
ORD-00619,2024-04-02,4995.0,314.68,Computers&Accessories,NetworkingDevices,North,Home Office,"TP-Link Nano AC600 USB Wi-Fi Adapter(Archer T2U Nano)- 2.4G/5G Dual Band Wireless Network Adapter for PC Desktop Laptop, Mini Travel Size, Supports Windows 11,10, 8.1, 8, 7, XP/Mac OS 10.9-10.15",999.0,5,38,4.3,12093
ORD-00620,2024-04-02,4995.0,314.68,Computers&Accessories,NetworkingDevices,North,Home Office,"TP-Link Nano AC600 USB Wi-Fi Adapter(Archer T2U Nano)- 2.4G/5G Dual Band Wireless Network Adapter for PC Desktop Laptop, Mini Travel Size, Supports Windows 11,10, 8.1, 8, 7, XP/Mac OS 10.9-10.15",999.0,5,38,4.3,12093
ORD-00621,2024-04-03,387.0,-1.94,Computers&Accessories,Accessories&Peripherals,Central,Corporate,"Amazon Brand - Solimo Fast Charging Braided Type C Data Cable Seam, Suitable For All Supported Mobile Phones (1 Meter, Black)",129.0,3,78,4.1,265
ORD-00622,2024-04-03,2994.0,56.89,Electronics,"Headphones,Earbuds&Accessories",East,Home Office,"JBL C50HI, Wired in Ear Headphones with Mic, One Button Multi-Function Remote, Lightweight & Comfortable fit (Black)",499.0,6,50,3.9,92995
ORD-00623,2024-04-05,5375.0,314.44,Electronics,Mobiles&Accessories,East,Home Office,"Samsung Original 25W USB Travel Lightning Adapter for Cellular Phones, Black",1075.0,5,37,4.4,7462
ORD-00624,2024-04-05,7770.0,543.9,Computers&Accessories,Accessories&Peripherals,Central,Consumer,"Logitech MK215 Wireless Keyboard and Mouse Combo for Windows, 2.4 GHz Wireless, Compact Design, 2-Year Battery Life(Keyboard),5 Month Battery Life(Mouse) PC/Laptop- Black",1295.0,6,28,4.1,25771
ORD-00625,2024-04-05,5694.0,560.86,Electronics,"Headphones,Earbuds&Accessories",East,Consumer,"Samsung Original EHS64 Wired in Ear Earphones with Mic, Black",949.0,6,5,4.2,31539
ORD-00626,2024-04-06,14997.0,629.87,Home&Kitchen,Kitchen&HomeAppliances,North,Consumer,Aquadpure Copper + Mineral RO+UV+UF 10 to 12 Liter RO + UV + TDS ADJUSTER Water Purifier with Copper Charge Technology black & copper Best For Home and Office (Made In India),4999.0,3,80,4.6,124
ORD-00627,2024-04-08,16495.0,1220.63,Computers&Accessories,Accessories&Peripherals,Central,Corporate,"APC Back-UPS BX600C-IN 600VA / 360W, 230V, UPS System, an Ideal Power Backup & Protection for Home Office, Desktop PC & Home Electronics",3299.0,5,20,3.9,15783
ORD-00628,2024-04-08,596.0,8.05,Computers&Accessories,Accessories&Peripherals,North,Corporate,"Ambrane 60W / 3A Fast Charging Output Cable with Micro to USB for Mobile, Neckband, True Wireless Earphone Charging, 480mbps Data Sync Speed, 1m Length (ACM - AZ1, Black)",149.0,4,63,4.0,1423
ORD-00629,2024-04-10,2023.0,72.83,Computers&Accessories,ExternalDevices&DataStorage,North,Consumer,SanDisk Cruzer Blade 32GB USB Flash Drive,289.0,7,56,4.3,253105
ORD-00630,2024-04-11,1364.0,87.3,OfficeProducts,OfficePaperProducts,South,Corporate,"Parker Vector Camouflage Gift Set - Roller Ball Pen & Parker Logo Keychain (Black Body, Blue Ink), 2 Piece Set",341.0,4,24,4.3,2493
ORD-00631,2024-04-11,47450.0,1542.13,Electronics,"HomeTheater,TV&Video",North,Corporate,"EGate i9 Pro-Max 1080p Native Full HD Projector 4k Support | 3600 L (330 ANSI ) | 150"" (381 cm) Large Screen | VGA, AV, HDMI, SD Card, USB, Audio Out | (E03i31 / E04i32) Black",9490.0,5,41,3.9,10480
ORD-00632,2024-04-12,1650.0,74.25,Computers&Accessories,Accessories&Peripherals,Central,Corporate,"ZEBRONICS Zeb-100HB 4 Ports USB Hub for Laptop, PC Computers, Plug & Play, Backward Compatible - Black",330.0,5,34,3.7,8566
ORD-00633,2024-04-13,469.0,9.15,Home&Kitchen,Kitchen&HomeAppliances,Central,Home Office,"C (DEVICE) Lint Remover for Woolen Clothes, Electric Lint Remover, Best Lint Shaver for Clothes Pack of 1",469.0,1,71,3.7,6
ORD-00634,2024-04-15,2397.0,-71.91,Electronics,Mobiles&Accessories,South,Corporate,"iPhone Original 20W C Type Fast PD Charger Compatible with I-Phone13/13 mini/13pro/13 pro Max I-Phone 12/12 Pro/12mini/12 Pro Max, I-Phone11/11 Pro/11 Pro Max 2020 (Only Adapter)",799.0,3,80,3.8,119
ORD-00635,2024-04-15,6858.0,414.91,Home&Kitchen,Kitchen&HomeAppliances,West,Home Office,"INALSA Upright Vacuum Cleaner, 2-in-1,Handheld & Stick for Home & Office Use,800W- with 16KPA Strong Suction & HEPA Filtration|0.8L Dust Tank|Includes Multiple Accessories,(Grey/Black)",2286.0,3,49,3.9,326
ORD-00636,2024-04-15,796.0,-7.16,Home&Kitchen,Kitchen&HomeAppliances,South,Home Office,beatXP Kitchen Scale Multipurpose Portable Electronic Digital Weighing Scale | Weight Machine With Back light LCD Display | White |10 kg | 2 Year Warranty |,199.0,4,90,3.7,2031
ORD-00637,2024-04-16,11189.05,777.64,Home&Kitchen,Kitchen&HomeAppliances,West,Consumer,"Butterfly Hero Mixer Grinder, 500W, 3 Jars (Grey)",2237.81,5,43,3.9,11004
ORD-00638,2024-04-18,32970.0,609.95,Electronics,"HomeTheater,TV&Video",Central,Consumer,Sansui 80cm (32 inches) HD Ready Smart LED TV JSY32SKHD (BLACK) With Bezel-less Design,10990.0,3,45,3.7,129
ORD-00639,2024-04-19,1680.0,161.28,OfficeProducts,OfficePaperProducts,West,Corporate,Parker Moments Vector Timecheck Gold Trim Roller Ball Pen (Black),420.0,4,0,4.2,1926
ORD-00640,2024-04-20,5995.0,470.61,Home&Kitchen,"Heating,Cooling&AirQuality",Central,Corporate,"USHA Quartz Room Heater with Overheating Protection (3002, Ivory, 800 Watts)",1199.0,5,29,3.6,13300
ORD-00641,2024-04-21,625.0,35.94,OfficeProducts,OfficePaperProducts,East,Consumer,"Luxor 5 Subject Single Ruled Notebook - A5 Size, 70 GSM, 300 Pages",125.0,5,31,4.4,8053
ORD-00642,2024-04-23,8994.0,-193.37,Electronics,WearableTechnology,Central,Consumer,"Fire-Boltt Ninja 3 Smartwatch Full Touch 1.69 "" & 60 Sports Modes with IP68, Sp02 Tracking, Over 100 Cloud based watch faces ( Silver )",1499.0,6,85,4.2,22638
ORD-00643,2024-04-23,597.0,0.0,Computers&Accessories,Accessories&Peripherals,North,Consumer,"LS LAPSTER Quality Assured USB 2.0 morpho cable, morpho device cable for Mso 1300 E3/E2/E Biometric Finger Print Scanner morpho USB cable (Black)",199.0,3,80,4.3,87
ORD-00644,2024-04-23,227940.0,7408.05,Electronics,Mobiles&Accessories,North,Home Office,"Samsung Galaxy S20 FE 5G (Cloud Navy, 8GB RAM, 128GB Storage) with No Cost EMI & Additional Exchange Offers",37990.0,6,49,4.2,27790
ORD-00645,2024-04-25,1665.0,-34.13,Computers&Accessories,Accessories&Peripherals,West,Home Office,"Wecool Nylon Braided Multifunction Fast Charging Cable For Android Smartphone, Ios And Type C Usb Devices, 3 In 1 Charging Cable, 3A, (3 Feet) (Black)",333.0,5,67,3.3,9792
ORD-00646,2024-04-25,796.0,-9.55,Computers&Accessories,Accessories&Peripherals,Central,Consumer,"Sounce 65W OnePlus Dash Warp Charge Cable, 6.5A Type-C to USB C PD Data Sync Fast Charging Cable Compatible with One Plus 8T/ 9/ 9R/ 9 pro/ 9RT/ 10R/ Nord & for All Type C Devices – Red, 1 Meter",199.0,4,80,4.0,575
ORD-00647,2024-04-25,1665.0,-34.13,Computers&Accessories,Accessories&Peripherals,West,Home Office,"Wecool Nylon Braided Multifunction Fast Charging Cable For Android Smartphone, Ios And Type C Usb Devices, 3 In 1 Charging Cable, 3A, (3 Feet) (Black)",333.0,5,67,3.3,9792
ORD-00648,2024-04-25,796.0,-9.55,Computers&Accessories,Accessories&Peripherals,Central,Consumer,"Sounce 65W OnePlus Dash Warp Charge Cable, 6.5A Type-C to USB C PD Data Sync Fast Charging Cable Compatible with One Plus 8T/ 9/ 9R/ 9 pro/ 9RT/ 10R/ Nord & for All Type C Devices – Red, 1 Meter",199.0,4,80,4.0,576
ORD-00649,2024-04-26,4107.0,-45.18,Electronics,"HomeTheater,TV&Video",South,Home Office,7SEVEN® Compatible with Fire Tv Stick Remote with Voice Command Feature Suitable for Second Generation Amazon Fire Tv Stick Remote Only - Pairing Must,1369.0,3,54,3.3,227
ORD-00650,2024-04-27,3196.0,286.04,Home&Kitchen,Kitchen&HomeAppliances,North,Home Office,"Pick Ur Needs® Lint Remover for Clothes High Range Rechargeable Lint Shaver for All Types of Clothes, Fabrics, Blanket with 1 Extra Blade Multicolor (Rechargeable)",799.0,4,35,4.1,2138
ORD-00651,2024-04-27,3594.0,43.13,Electronics,"Headphones,Earbuds&Accessories",East,Corporate,boAt Bassheads 242 in Ear Wired Earphones with Mic(Active Black),599.0,6,60,4.1,161679
ORD-00652,2024-04-28,1596.0,35.11,Computers&Accessories,Accessories&Peripherals,East,Consumer,"boAt Type C A750 Stress Resistant, Tangle-free, Sturdy Flat Cable with 6.5A Fast Charging & 480Mbps Data Transmission, 10000+ Bends Lifespan and Extended 1.5m Length(Radiant Red)",399.0,4,60,4.1,1780
ORD-00653,2024-04-28,8043.0,305.63,Electronics,Mobiles&Accessories,East,Consumer,MI 10000mAh 3i Lithium Polymer Power Bank Dual Input(Micro-USB and Type C) and Output Ports 18W Fast Charging (Metallic Blue),1149.0,7,48,4.3,178912
ORD-00654,2024-05-03,976.0,32.7,Home&Kitchen,Kitchen&HomeAppliances,North,Home Office,IKEA Frother for Milk,244.0,4,51,3.3,478
ORD-00655,2024-05-03,1047.0,51.3,Computers&Accessories,Accessories&Peripherals,North,Home Office,"CEDO 65W OnePlus Dash Warp Charge Cable, USB A to Type C Data Sync Fast Charging Cable Compatible with One Plus 3 /3T /5 /5T /6 /6T /7 /7T /7 pro & for All Type C Devices - 1 Meter, Red",349.0,3,42,4.1,210
ORD-00656,2024-05-03,1047.0,51.3,Computers&Accessories,Accessories&Peripherals,North,Home Office,"CEDO 65W OnePlus Dash Warp Charge Cable, USB A to Type C Data Sync Fast Charging Cable Compatible with One Plus 3 /3T /5 /5T /6 /6T /7 /7T /7 pro & for All Type C Devices - 1 Meter, Red",349.0,3,42,4.1,210
ORD-00657,2024-05-03,6396.0,31.98,Electronics,"Headphones,Earbuds&Accessories",North,Home Office,"boAt Airdopes 191G True Wireless Earbuds with ENx™ Tech Equipped Quad Mics, Beast™ Mode(Low Latency- 65ms) for Gaming, 2x6mm Dual Drivers, 30H Playtime, IPX5, IWP™, Appealing Case LEDs(Sport Blue)",1599.0,4,54,3.7,676
ORD-00658,2024-05-04,1794.0,52.92,Computers&Accessories,Accessories&Peripherals,West,Consumer,"boAt A 350 Type C Cable for Smartphone, Charging Adapter (1.5m, Carbon Black)",299.0,6,63,4.4,28791
ORD-00659,2024-05-04,3880.0,153.26,Computers&Accessories,Accessories&Peripherals,West,Consumer,"Duracell Type C To Type C 5A (100W) Braided Sync & Fast Charging Cable, 3.9 Feet (1.2M). USB C to C Cable, Supports PD & QC 3.0 Charging, 5 GBPS Data Transmission – Black",970.0,4,51,4.2,462
ORD-00660,2024-05-04,3880.0,153.26,Computers&Accessories,Accessories&Peripherals,West,Consumer,"Duracell Type C To Type C 5A (100W) Braided Sync & Fast Charging Cable, 3.9 Feet (1.2M). USB C to C Cable, Supports PD & QC 3.0 Charging, 5 GBPS Data Transmission – Black",970.0,4,51,4.2,462
ORD-00661,2024-05-05,5495.0,480.81,Home&Kitchen,Kitchen&HomeAppliances,Central,Corporate,Pigeon by Stovekraft 2 Slice Auto Pop up Toaster. A Smart Bread Toaster for Your Home (750 Watt) (black),1099.0,5,39,4.2,4244
ORD-00662,2024-05-08,8545.0,328.98,Computers&Accessories,Components,North,Consumer,Western Digital WD Green SATA 240GB Internal SSD Solid State Drive - SATA 6Gb/s 2.5 inches - WDS240G3G0A,1709.0,5,57,4.4,3029
ORD-00663,2024-05-10,356.0,-6.23,Electronics,Mobiles&Accessories,Central,Consumer,Elv Mobile Phone Mount Tabletop Holder for Phones and Tablets - Black,89.0,4,85,4.3,2351
ORD-00664,2024-05-11,48995.0,5952.89,Home&Kitchen,Kitchen&HomeAppliances,South,Consumer,Usha Janome Dream Stitch Automatic Zig-Zag Electric Sewing Machine with 14 Stitch Function (White and Blue) with Free Sewing KIT Worth RS 500,9799.0,5,19,4.3,13251
ORD-00665,2024-05-11,3245.0,102.22,Computers&Accessories,Accessories&Peripherals,East,Home Office,"AmazonBasics Double Braided Nylon USB Type-C to Type-C 2.0 Cable, Charging Adapter, Smartphone 6 feet, Dark Grey",649.0,5,59,4.3,5451
ORD-00666,2024-05-11,1172.0,94.35,Home&Kitchen,Kitchen&HomeAppliances,South,Home Office,"Pajaka® South Indian Filter Coffee Maker 200 ML 2-4 Cup / Mugs / Glass | Madras Kaapi/ Kappi Drip Decoction Maker / Makers / Brewer / Pot or Drip / Dripper Made of Stainless Steel | Non-Electric Machine / Appliances / Utensils Medium Size for Home and Kitchen, Office, Cefe Traditional Item / Product | Used for making Country /Desi Style French Press Espresso Nespresso Expresso Cappuccino Instant Black Coffee | Best flavoured with Grounded Arabica Roasted Crushed Grind Coffee Beans",293.0,4,41,4.1,1456
ORD-00667,2024-05-16,35970.0,413.66,Electronics,"HomeTheater,TV&Video",South,Consumer,TCL 80 cm (32 inches) HD Ready Certified Android Smart LED TV 32S615 (Black),11990.0,3,63,4.2,64
ORD-00668,2024-05-17,3867.0,-7.73,Electronics,"HomeTheater,TV&Video",South,Home Office,Firestick Remote,1289.0,3,48,3.3,73
ORD-00669,2024-05-17,495.0,27.22,Electronics,Mobiles&Accessories,North,Consumer,Goldmedal Curve Plus 202042 Plastic Spice 3-Pin 240V Universal Travel Adaptor (White),99.0,5,42,4.5,11339
ORD-00670,2024-05-18,3294.0,54.35,Computers&Accessories,Accessories&Peripherals,Central,Corporate,Dell KB216 Wired Multimedia USB Keyboard with Super Quite Plunger Keys with Spill-Resistant – Black,549.0,6,69,4.3,28829
ORD-00671,2024-05-18,43995.0,5191.41,Home&Kitchen,Kitchen&HomeAppliances,Central,Consumer,"PHILIPS Digital Air Fryer HD9252/90 with Touch Panel, uses up to 90% less fat, 7 Pre-set Menu, 1400W, 4.1 Liter, with Rapid Air Technology (Black), Large",8799.0,5,24,4.4,2981
ORD-00672,2024-05-18,920.0,0.46,Computers&Accessories,Accessories&Peripherals,South,Home Office,"Lapster Gel Mouse pad with Wrist Rest , Gaming Mouse Pad with Lycra Cloth Nonslip for Laptop , Computer, , Home & Office (Black)",230.0,4,77,4.2,1528
ORD-00673,2024-05-18,7196.0,449.75,Home&Kitchen,Kitchen&HomeAppliances,East,Home Office,Lifelong LLMG74 750 Watt Mixer Grinder with 3 Jars (White and Grey),1799.0,4,45,3.8,1846
ORD-00674,2024-05-21,1052.0,19.99,Computers&Accessories,Accessories&Peripherals,North,Home Office,"Portronics Konnect L 20W PD Quick Charge Type-C to 8-Pin USB Mobile Charging Cable, 1.2M, Tangle Resistant, Fast Data Sync(Grey)",263.0,4,62,4.1,450
ORD-00675,2024-05-21,1052.0,19.99,Computers&Accessories,Accessories&Peripherals,North,Home Office,"Portronics Konnect L 20W PD Quick Charge Type-C to 8-Pin USB Mobile Charging Cable, 1.2M, Tangle Resistant, Fast Data Sync(Grey)",263.0,4,62,4.1,450
ORD-00676,2024-05-21,5243.0,262.15,Computers&Accessories,NetworkingDevices,North,Home Office,"TP-Link Nano USB WiFi Dongle 150Mbps High Gain Wireless Network Wi-Fi Adapter for PC Desktop and Laptops, Supports Windows 10/8.1/8/7/XP, Linux, Mac OS X (TL-WN722N)",749.0,7,44,4.2,179692
ORD-00677,2024-05-21,2656.0,147.41,Home&Kitchen,Kitchen&HomeAppliances,Central,Consumer,"iBELL SEK15L Premium 1.5 Litre Stainless Steel Electric Kettle,1500W Auto Cut-Off Feature,Silver with Black",664.0,4,55,4.0,2198
ORD-00678,2024-05-22,7197.0,471.4,Home&Kitchen,"Heating,Cooling&AirQuality",East,Consumer,Havells Gatik Neo 400mm Pedestal Fan (Aqua Blue),2399.0,3,43,3.8,397
ORD-00679,2024-05-23,2245.0,84.19,Computers&Accessories,Accessories&Peripherals,North,Home Office,"AirCase Protective Laptop Bag Sleeve fits Upto 15.6"" Laptop/ MacBook, Wrinkle Free, Padded, Waterproof Light Neoprene case Cover Pouch, for Men & Women, Black- 6 Months Warranty",449.0,5,55,4.3,11330
ORD-00680,2024-05-24,3596.0,149.23,Computers&Accessories,Accessories&Peripherals,North,Consumer,"ZEBRONICS Aluminium Alloy Laptop Stand, Compatible with 9-15.6 inch Laptops, 7 Angles Adjustable, Anti Slip Silicon Rubber Pads, Foldable, Velvet Pouch Inside, Zeb-NS2000 (Dark Grey)",899.0,4,55,4.4,1667
ORD-00681,2024-05-24,12716.0,705.74,Home&Kitchen,Kitchen&HomeAppliances,Central,Consumer,"Eureka Forbes Active Clean 700 Watts Powerful Suction & Blower Vacuum Cleaner with Washable HEPA Filter & 6 Accessories,1 Year Warranty,Compact,Light Weight & Easy to use (Red & Black)",3179.0,4,55,4.0,743
ORD-00682,2024-05-24,450.0,13.73,OfficeProducts,OfficePaperProducts,Central,Consumer,"3M Post-it Sticky Note Cube, 200 Sheets (4 Colors x 50 Sheets) | 3"" x 3"" Size | For notes, reminders, study, school and organizing",90.0,5,49,4.4,7429
ORD-00683,2024-05-26,1495.0,-65.78,Electronics,"Headphones,Earbuds&Accessories",South,Corporate,"PTron Boom Ultima 4D Dual Driver, in-Ear Gaming Wired Headphones with in-line Mic, Volume Control & Passive Noise Cancelling Boom 3 Earphones - (Dark Blue)",299.0,5,84,3.6,18202
ORD-00684,2024-05-26,5596.0,665.92,Home&Kitchen,"Heating,Cooling&AirQuality",South,Home Office,Bajaj RHX-2 800-Watt Room Heater (White),1399.0,4,10,3.9,2602
ORD-00685,2024-05-26,267.0,26.97,Computers&Accessories,Accessories&Peripherals,South,Consumer,"E-COSMOS Plug in LED Night Light Mini USB LED Light Flexible USB LED Ambient Light Mini USB LED Light, LED Portable car Bulb, Indoor, Outdoor, Reading, Sleep (4 pcs)",89.0,3,10,4.2,241
ORD-00686,2024-05-26,836.0,9.2,Electronics,"HomeTheater,TV&Video",West,Home Office,SoniVision SA-D10 SA-D100 SA-D40 Home Theater Systems Remote Compatible with Sony RM-ANU156,209.0,4,58,4.0,479
ORD-00687,2024-05-27,2596.0,138.89,Electronics,Mobiles&Accessories,Central,Home Office,MI Xiaomi 22.5W Fast USB Type C Charger Combo for Tablets - White,649.0,4,35,4.2,1315
ORD-00688,2024-05-27,2610.0,251.87,OfficeProducts,OfficeElectronics,North,Corporate,"Casio FX-82MS 2nd Gen Non-Programmable Scientific Calculator, 240 Functions and 2-line Display, Black",522.0,5,5,4.4,12179
ORD-00689,2024-05-30,770.0,27.72,Computers&Accessories,Accessories&Peripherals,North,Corporate,"Portronics Konnect L 1.2Mtr, Fast Charging 3A Micro USB Cable with Charge & Sync Function (Grey)",154.0,5,56,4.3,7064
ORD-00690,2024-05-30,2995.0,226.12,Home&Kitchen,Kitchen&HomeAppliances,East,Corporate,USHA Armor AR1100WB 1100 W Dry Iron with Black Weilburger Soleplate (Purple),599.0,5,39,3.9,16166
ORD-00691,2024-05-30,19995.0,-139.96,Electronics,WearableTechnology,South,Consumer,"Fire-Boltt Visionary 1.78"" AMOLED Bluetooth Calling Smartwatch with 368*448 Pixel Resolution 100+ Sports Mode, TWS Connection, Voice Assistance, SPO2 & Heart Rate Monitoring",3999.0,5,78,4.3,17161
ORD-00692,2024-05-30,770.0,27.72,Computers&Accessories,Accessories&Peripherals,North,Corporate,"Portronics Konnect L 1.2Mtr, Fast Charging 3A Micro USB Cable with Charge & Sync Function (Grey)",154.0,5,56,4.3,7064
ORD-00693,2024-06-01,7794.0,276.69,Home&Kitchen,Kitchen&HomeAppliances,North,Corporate,"Lifelong LLMG23 Power Pro 500-Watt Mixer Grinder with 3 Jars (Liquidizing, Wet Grinding and Chutney Jar), Stainless Steel blades, 1 Year Warranty (Black)",1299.0,6,63,3.8,44050
ORD-00694,2024-06-03,83960.0,1889.1,Electronics,"HomeTheater,TV&Video",Central,Home Office,Hisense 108 cm (43 inches) 4K Ultra HD Smart Certified Android LED TV 43A6GE (Black),20990.0,4,53,4.1,1259
ORD-00695,2024-06-04,895.0,-10.74,Computers&Accessories,Accessories&Peripherals,West,Corporate,"Zebronics ZEB-90HB USB Hub, 4 Ports, Pocket Sized, Plug & Play, for Laptop & Computers",179.0,5,64,3.4,9385
ORD-00696,2024-06-04,3750.0,238.13,Home&Kitchen,Kitchen&HomeAppliances,North,Corporate,"Bajaj DX-6 1000W Dry Iron with Advance Soleplate and Anti-bacterial German Coating Technology, White",625.0,6,55,4.2,23316
ORD-00697,2024-06-05,3996.0,369.63,Home&Kitchen,Kitchen&HomeAppliances,South,Home Office,"InstaCuppa Rechargeable Mini Electric Chopper - Stainless Steel Blades, One Touch Operation, for Mincing Garlic, Ginger, Onion, Vegetable, Meat, Nuts, (White, 250 ML, Pack of 1, 45 Watts)",999.0,4,33,4.1,1646
ORD-00698,2024-06-07,13595.0,1080.8,Home&Kitchen,Kitchen&HomeAppliances,West,Corporate,"Prestige PRWO 1.8-2 700-Watts Delight Electric Rice Cooker with 2 Aluminium Cooking Pans - 1.8 Liters, White",2719.0,5,31,3.7,13406
ORD-00699,2024-06-08,10194.0,295.63,Computers&Accessories,Accessories&Peripherals,Central,Home Office,"Redgear Pro Wireless Gamepad with 2.4GHz Wireless Technology, Integrated Dual Intensity Motor, Illuminated Keys for PC(Compatible with Windows 7/8/8.1/10 only)",1699.0,6,58,4.2,25488
ORD-00700,2024-06-08,695.0,-1.39,Electronics,Mobiles&Accessories,East,Corporate,"DYAZO USB 3.0 Type C Female to USB A Male Connector/Converter/Adapter Compatible for Samsung Galaxy Note s 20 10 Plus Ultra,Google Pixel 4 5 3 2 & Other Type-c Devices",139.0,5,72,4.2,4971
ORD-00701,2024-06-08,2745.0,144.11,Computers&Accessories,ExternalDevices&DataStorage,East,Corporate,"Brand Conquer 6 in 1 with OTG, SD Card Reader, USB Type C, USB 3.0 and Micro USB, for Memory Card | Portable Card Reader | Compatible with TF, SD, Micro SD, SDHC, SDXC, MMC, RS-MMC, Micro SDXC",549.0,5,45,4.3,7758
ORD-00702,2024-06-08,3745.0,78.65,Computers&Accessories,Accessories&Peripherals,Central,Consumer,Redgear Cloak Wired RGB Wired Over Ear Gaming Headphones with Mic for PC,749.0,5,58,4.0,13199
ORD-00703,2024-06-09,45493.0,3343.74,Electronics,Mobiles&Accessories,East,Corporate,"Redmi 9A Sport (Carbon Black, 2GB RAM, 32GB Storage) | 2GHz Octa-core Helio G25 Processor | 5000 mAh Battery",6499.0,7,19,4.1,313832
ORD-00704,2024-06-10,7495.0,794.47,Home&Kitchen,Kitchen&HomeAppliances,East,Consumer,"Bajaj HM-01 Powerful 250W Hand Mixer, Black",1499.0,5,32,4.4,6531
ORD-00705,2024-06-10,8997.0,80.97,Electronics,WearableTechnology,South,Corporate,"boAt Newly Launched Wave Electra with 1.81"" HD Display, Smart Calling with Ultra-Seamless BT Calling Chip,20 Built-In Watch Faces,100 + Sports Modes,Menu Personalization,In-Built Games(Charcoal Black)",2999.0,3,62,4.1,154
ORD-00706,2024-06-10,1596.0,47.88,Computers&Accessories,Accessories&Peripherals,East,Corporate,"Wayona Type C To Type C Long Fast Charging Cable Type C Charger Cord Compatible With Samsung S22 S20 S20 Fe 2022 S22 Ultra S21 Ultra A70 A51 A53 A33 A73 M51 M31 M33 M53 (Grey, 2M, 65W, 6Ft)",399.0,4,60,4.3,2806
ORD-00707,2024-06-12,1300.0,25.35,Computers&Accessories,Accessories&Peripherals,West,Corporate,"Wayona USB Type C 65W Fast Charging 2M/6Ft Long Flash Charge Cable 3A QC 3.0 Data Cable Compatible with Samsung Galaxy S21 S10 S9 S8, iQOO Z3, Vivo, Note 10 9 8, A20e A40 A50 A70, Moto G7 G8 (2M, Grey)",325.0,4,67,4.3,2651
ORD-00708,2024-06-13,3058.0,111.62,Home&Kitchen,"Heating,Cooling&AirQuality",East,Corporate,"Eopora PTC Ceramic Fast Heating Room Heater for Bedroom, 1500/1000 Watts Room Heater for Home, Electric Heater, Electric Fan Heater for Home Office Bedroom (White)",1529.0,2,49,3.3,29
ORD-00709,2024-06-13,18288.3,1655.09,Home&Kitchen,Kitchen&HomeAppliances,West,Home Office,"Butterfly Smart Wet Grinder, 2L (White) with Coconut Scrapper Attachment, Output - 150 W, Input 260 W",3657.66,5,29,3.9,12837
ORD-00710,2024-06-13,3426.0,155.88,Electronics,Mobiles&Accessories,East,Consumer,boAt Dual Port Rapid Car Charger (Qualcomm Certified) with Quick Charge 3.0 + Free Micro USB Cable - (Black),571.0,6,43,4.3,38221
ORD-00711,2024-06-15,250.0,25.0,OfficeProducts,OfficePaperProducts,North,Home Office,Classmate Octane Neon- Blue Gel Pens(Pack of 5)|Smooth Writing Pen|Attractive body colour for Boys & Girls|Waterproof ink for smudge free writing|Preferred by Students for Exam|Study at home essential,50.0,5,0,4.3,5792
ORD-00712,2024-06-15,55996.0,4171.7,Electronics,Mobiles&Accessories,Central,Home Office,"Redmi 11 Prime 5G (Thunder Black, 4GB RAM, 64GB Storage) | Prime Design | MTK Dimensity 700 | 50 MP Dual Cam | 5000mAh | 7 Band 5G",13999.0,4,13,3.9,2180
ORD-00713,2024-06-16,9750.0,867.75,Home&Kitchen,Kitchen&HomeAppliances,South,Home Office,"Havells Aqua Plus 1.2 litre Double Wall Kettle / 304 Stainless Steel Inner Body / Cool touch outer body / Wider mouth/ 2 Year warranty (Black, 1500 Watt)",1625.0,6,46,4.5,23484
ORD-00714,2024-06-16,4125.0,569.25,Home&Kitchen,Kitchen&HomeAppliances,East,Consumer,"Eureka Forbes Aquasure Amrit Twin Cartridge (Pack of 2), White",825.0,5,0,4.0,3246
ORD-00715,2024-06-16,38995.0,3158.6,Home&Kitchen,"Heating,Cooling&AirQuality",East,Consumer,Crompton Solarium Qube 15-L 5 Star Rated Storage Water Heater (Geyser) with Free Installation and Connection Pipes (White and Black),7799.0,5,38,4.0,5160
ORD-00716,2024-06-17,3594.0,267.75,Computers&Accessories,Accessories&Peripherals,Central,Consumer,"Logitech B170 Wireless Mouse, 2.4 GHz with USB Nano Receiver, Optical Tracking, 12-Months Battery Life, Ambidextrous, PC/Mac/Laptop - Black",599.0,6,33,4.4,61314
ORD-00717,2024-06-17,28485.0,2022.44,Home&Kitchen,"Heating,Cooling&AirQuality",West,Corporate,"Borosil Volcano 13 Fin Oil Filled Radiator Room Heater, 2900 W, Black",9495.0,3,50,4.2,79
ORD-00718,2024-06-18,19996.0,929.81,Electronics,WearableTechnology,North,Corporate,"OnePlus Nord Watch with 1.78” AMOLED Display, 60 Hz Refresh Rate, 105 Fitness Modes, 10 Days Battery, SPO2, Heart Rate, Stress Monitor, Women Health Tracker & Multiple Watch Face [Midnight Black]",4999.0,4,29,3.8,758
ORD-00719,2024-06-19,2730.0,-4.1,Electronics,"Headphones,Earbuds&Accessories",Central,Home Office,boAt Bassheads 242 in Ear Wired Earphones with Mic(Blue),455.0,6,69,4.1,161677
ORD-00720,2024-06-20,995.0,-24.87,Electronics,Mobiles&Accessories,East,Consumer,"pTron Volta Dual Port 12W Smart USB Charger Adapter, Multi-Layer Protection, Made in India, BIS Certified, Fast Charging Power Adaptor Without Cable for All iOS & Android Devices (Black)",199.0,5,82,4.0,3197
ORD-00721,2024-06-20,119995.0,7619.68,Electronics,"HomeTheater,TV&Video",East,Corporate,Acer 109 cm (43 inches) I Series 4K Ultra HD Android Smart LED TV AR43AR2851UDFL (Black),23999.0,5,31,4.3,4703
ORD-00722,2024-06-20,594.0,-13.96,Computers&Accessories,Accessories&Peripherals,South,Home Office,"pTron Solero MB301 3A Micro USB Data & Charging Cable, Made in India, 480Mbps Data Sync, Strong & Durable 1.5-Meter Nylon Braided USB Cable for Micro USB Devices - (Black)",99.0,6,85,3.9,24870
ORD-00723,2024-06-20,594.0,-13.96,Computers&Accessories,Accessories&Peripherals,South,Home Office,"pTron Solero MB301 3A Micro USB Data & Charging Cable, Made in India, 480Mbps Data Sync, Strong & Durable 1.5-Meter Nylon Braided USB Cable for Micro USB Devices - (Black)",99.0,6,85,3.9,24871
ORD-00724,2024-06-21,3414.0,168.99,Electronics,Accessories,Central,Consumer,"SanDisk Ultra® microSDXC™ UHS-I Card, 64GB, 140MB/s R, 10 Y Warranty, for Smartphones",569.0,6,43,4.4,67259
ORD-00725,2024-06-21,6495.0,464.39,Computers&Accessories,Accessories&Peripherals,Central,Home Office,"Belkin Apple Certified Lightning to USB Charge and Sync Tough Braided Cable for iPhone, iPad, Air Pods, 3.3 feet (1 meters) – Black",1299.0,5,35,4.4,7318
ORD-00726,2024-06-21,3414.0,168.99,Electronics,Accessories,Central,Consumer,"SanDisk Ultra® microSDXC™ UHS-I Card, 64GB, 140MB/s R, 10 Y Warranty, for Smartphones",569.0,6,43,4.4,67262
ORD-00727,2024-06-22,6475.0,699.3,OfficeProducts,OfficeElectronics,East,Home Office,"Casio FX-991ES Plus-2nd Edition Scientific Calculator, Black",1295.0,5,0,4.5,5760
ORD-00728,2024-06-23,7475.0,676.49,Computers&Accessories,Accessories&Peripherals,East,Consumer,"Logitech G102 USB Light Sync Gaming Mouse with Customizable RGB Lighting, 6 Programmable Buttons, Gaming Grade Sensor, 8K DPI Tracking, 16.8mn Color, Light Weight - Black",1495.0,5,25,4.5,10541
ORD-00729,2024-06-23,596.0,-23.54,Computers&Accessories,Accessories&Peripherals,East,Home Office,LAPSTER Accessories Power Cable Cord 2 Pin Laptop Adapter and Tape Recorder 1.5M,149.0,4,85,3.5,2523
ORD-00730,2024-06-23,75996.0,2203.88,Electronics,"HomeTheater,TV&Video",South,Home Office,VU 108 cm (43 inches) Premium Series Full HD Smart LED TV 43GA (Black),18999.0,4,46,4.0,1001
ORD-00731,2024-06-23,164995.0,10559.68,Electronics,"HomeTheater,TV&Video",West,Home Office,OnePlus 126 cm (50 inches) Y Series 4K Ultra HD Smart Android LED TV 50Y1S Pro (Black),32999.0,5,28,4.2,7298
ORD-00732,2024-06-24,796.0,24.68,Electronics,"HomeTheater,TV&Video",South,Corporate,"Smashtronics® - Case for Firetv Remote, Fire Stick Remote Cover Case, Silicone Cover for TV Firestick 4K/TV 2nd Gen(3rd Gen) Remote Control - Light Weight/Anti Slip/Shockproof (Black)",199.0,4,50,4.2,1335
ORD-00733,2024-06-25,1388.0,-13.19,Computers&Accessories,Accessories&Peripherals,North,Home Office,"King Shine Multi Retractable 3.0A Fast Charger Cord, Multiple Charging Cable 4Ft/1.2m 3-in-1 USB Charge Cord Compatible with Phone/Type C/Micro USB for All Android and iOS Smartphones (Random Colour)",347.0,4,65,3.5,1121
ORD-00734,2024-06-26,44995.0,2722.2,Electronics,Mobiles&Accessories,West,Corporate,"Redmi 10A (Charcoal Black, 4GB RAM, 64GB Storage) | 2 Ghz Octa Core Helio G25 | 5000 mAh Battery | Finger Print Sensor | Upto 5GB RAM with RAM Booster",8999.0,5,25,4.0,12796
ORD-00735,2024-06-27,2796.0,229.27,Home&Kitchen,Kitchen&HomeAppliances,North,Consumer,"FIGMENT Handheld Milk Frother Rechargeable, 3-Speed Electric Frother for Coffee with 2 Whisks and Coffee Decoration Tool, Coffee Frother Mixer, CRESCENT ENTERPRISES VRW0.50BK (A1)",699.0,4,56,4.7,1729
ORD-00736,2024-06-28,107996.0,9557.65,Computers&Accessories,Tablets,West,Home Office,"Xiaomi Pad 5| Qualcomm Snapdragon 860| 120Hz Refresh Rate| 6GB, 128GB| 2.5K+ Display (10.95-inch/27.81cm)|1 Billion Colours| Dolby Vision Atmos| Quad Speakers| Wi-Fi| Gray",26999.0,4,29,4.6,2886
ORD-00737,2024-06-28,28796.0,3225.15,Home&Kitchen,Kitchen&HomeAppliances,Central,Corporate,"PHILIPS Air Fryer HD9200/90, uses up to 90% less fat, 1400W, 4.1 Liter, with Rapid Air Technology (Black), Large",7199.0,4,28,4.4,1964
ORD-00738,2024-06-29,7475.0,616.69,Computers&Accessories,Accessories&Peripherals,East,Consumer,"Logitech MK240 Nano Wireless USB Keyboard and Mouse Set, 12 Function Keys 2.4GHz Wireless, 1000DPI, Spill-Resistant Design, PC/Mac, Black/Chartreuse Yellow",1495.0,5,25,4.3,7241
ORD-00739,2024-06-29,8796.0,598.13,Home&Kitchen,Kitchen&HomeAppliances,Central,Home Office,"TTK Prestige Limited Orion Mixer Grinder 500 Watts, 3 Jars (1200ml, 1000ml, 500ml) (Red)",2199.0,4,44,3.9,1085
ORD-00740,2024-06-29,2694.0,49.84,Computers&Accessories,Accessories&Peripherals,West,Consumer,"Wayona Nylon Braided 2M / 6Ft Fast Charge Usb To Lightning Data Sync And Charging Cable For Iphone, Ipad Tablet (6 Ft Pack Of 1, Grey)",449.0,6,65,4.2,24269
ORD-00741,2024-07-01,897.0,12.11,Computers&Accessories,Accessories&Peripherals,South,Home Office,"EYNK Extra Long Micro USB Fast Charging USB Cable | Micro USB Data Cable | Quick Fast Charging Cable | Charger Sync Cable | High Speed Transfer Android Smartphones V8 Cable (2.4 Amp, 3m,) (White)",299.0,3,63,4.0,151
ORD-00742,2024-07-01,5495.0,447.84,Home&Kitchen,Kitchen&HomeAppliances,East,Corporate,"Bajaj DHX-9 1000W Heavy Weight Dry Iron with Advance Soleplate and Anti-Bacterial German Coating Technology, Ivory",1099.0,5,43,4.2,9772
ORD-00743,2024-07-03,2396.0,202.46,Computers&Accessories,Accessories&Peripherals,West,Corporate,"Belkin USB C to USB-C Fast Charging Type C Cable, 60W PD, 3.3 feet (1 meter) for Laptop, Personal Computer, Tablet, Smartphone - White, USB-IF Certified",599.0,4,29,4.5,474
ORD-00744,2024-07-03,6594.0,428.61,Computers&Accessories,NetworkingDevices,South,Home Office,TP-Link UE300 USB 3.0 to RJ45 Gigabit Ethernet Network Adapter - Plug and Play,1099.0,6,42,4.5,22420
ORD-00745,2024-07-03,3995.0,0.0,Electronics,Cameras&Photography,West,Corporate,"Tygot 10 Inches Big LED Ring Light for Camera, Phone tiktok YouTube Video Shooting and Makeup, 10"" inch Ring Light with 7 Feet Long Foldable and Lightweight Tripod Stand",799.0,5,60,3.8,12958
ORD-00746,2024-07-04,274950.0,15809.62,Electronics,"HomeTheater,TV&Video",East,Consumer,VU 164 cm (65 inches) The GloLED Series 4K Smart LED Google TV 65GloLED (Grey),54990.0,5,35,4.3,3587
ORD-00747,2024-07-05,44430.0,4820.66,Home&Kitchen,Kitchen&HomeAppliances,North,Home Office,"AMERICAN MICRONIC- Imported Wet & Dry Vacuum Cleaner, 21 Litre Stainless Steel with Blower & HEPA filter, 1600 Watts 100% Copper Motor 28 KPa suction with washable reusable dust bag (Red/Black/Steel)-AMI-VCD21-1600WDx",8886.0,5,25,4.2,3065
ORD-00748,2024-07-05,2495.0,92.32,Electronics,HomeAudio,East,Home Office,"ZEBRONICS Zeb-Fame 5watts 2.0 Multi Media Speakers with AUX, USB and Volume Control (Black)",499.0,5,38,3.9,6742
ORD-00749,2024-07-07,45493.0,3002.54,Electronics,Mobiles&Accessories,North,Home Office,"Redmi 9A Sport (Coral Green, 2GB RAM, 32GB Storage) | 2GHz Octa-core Helio G25 Processor | 5000 mAh Battery",6499.0,7,24,4.1,313836
ORD-00750,2024-07-08,1669.76,78.48,Computers&Accessories,Accessories&Peripherals,Central,Corporate,"Lenovo USB A to Type-C Tangle-free  Aramid fiber braided 1.2m cable with 4A Fast charging & 480 MBPS data transmission, certified 10000+ bend lifespan, Metallic Grey",417.44,4,38,3.9,523
ORD-00751,2024-07-09,1196.0,27.51,Computers&Accessories,Accessories&Peripherals,North,Corporate,RPM Euro Games Gaming Mousepad Speed Type Extended Large (Size - 800 mm x 300 mm x 3 mm),299.0,4,70,4.5,2453
ORD-00752,2024-07-10,1396.0,11.87,Electronics,"HomeTheater,TV&Video",South,Home Office,Dealfreez Case Compatible for Fire TV Stick 4K All Alexa Voice Remote Shockproof Silicone Anti-Lost Cover with Loop (C-Black),349.0,4,65,4.2,513
ORD-00753,2024-07-10,9445.0,708.38,Computers&Accessories,Accessories&Peripherals,Central,Home Office,Portronics My buddy plus Adjustable Laptop cooling Table (Brown),1889.0,5,30,4.3,17394
ORD-00754,2024-07-11,3050.0,314.15,Home&Kitchen,"Heating,Cooling&AirQuality",South,Home Office,Crompton IHL 152 1500-Watt Immersion Water Heater with Copper Heating Element (Black),610.0,5,26,4.1,13165
ORD-00755,2024-07-12,237.0,32.71,Home&Kitchen,Kitchen&HomeAppliances,Central,Home Office,"Kitchenwell 18Pc Plastic Food Snack Bag Pouch Clip Sealer for Keeping Food Fresh for Home, Kitchen, Camping Snack Seal Sealing Bag Clips (Multi-Color) | (Pack of 18)|",79.0,3,0,4.0,97
ORD-00756,2024-07-13,2745.0,323.91,Electronics,Cameras&Photography,East,Consumer,Fujifilm Instax Mini Single Pack 10 Sheets Instant Film for Fuji Instant Cameras,549.0,5,0,4.5,4875
ORD-00757,2024-07-13,19995.0,-79.98,Electronics,WearableTechnology,East,Home Office,"Fire-Boltt Visionary 1.78"" AMOLED Bluetooth Calling Smartwatch with 368*448 Pixel Resolution 100+ Sports Mode, TWS Connection, Voice Assistance, SPO2 & Heart Rate Monitoring",3999.0,5,76,4.3,17162
ORD-00758,2024-07-13,19995.0,-79.98,Electronics,WearableTechnology,East,Home Office,"Fire-Boltt Visionary 1.78"" AMOLED Bluetooth Calling Smartwatch with 368*448 Pixel Resolution 100+ Sports Mode, TWS Connection, Voice Assistance, SPO2 & Heart Rate Monitoring",3999.0,5,76,4.3,17159
ORD-00759,2024-07-14,5995.0,614.49,Home&Kitchen,Kitchen&HomeAppliances,West,Home Office,"Usha Goliath GO1200WG Heavy Weight 1200-Watt Dry Iron, 1.8 Kg(Red)",1199.0,5,29,4.2,4580
ORD-00760,2024-07-15,32625.0,3882.38,Home&Kitchen,Kitchen&HomeAppliances,North,Home Office,"Sujata Powermatic Plus, Juicer Mixer Grinder with Chutney Jar, 900 Watts, 3 Jars (White)",6525.0,5,26,4.5,5137
ORD-00761,2024-07-15,11994.0,-119.94,Electronics,WearableTechnology,South,Consumer,"Fire-Boltt Phoenix Smart Watch with Bluetooth Calling 1.3"",120+ Sports Modes, 240*240 PX High Res with SpO2, Heart Rate Monitoring & IP67 Rating",1999.0,6,80,4.3,27704
ORD-00762,2024-07-16,3147.0,141.62,Home&Kitchen,"Heating,Cooling&AirQuality",West,Home Office,"Amazon Basics 2000/1000 Watt Room Heater with Adjustable Thermostat (ISI certified, White color, Ideal for small to medium room/area)",1049.0,3,38,3.1,111
ORD-00763,2024-07-16,2195.0,94.39,Electronics,"HomeTheater,TV&Video",North,Corporate,"CableCreation RCA to 3.5mm Male Audio Cable, 3.5mm to 2RCA Cable Male RCA Cable,Y Splitter Stereo Jack Cable for Home Theater,Subwoofer, Receiver, Speakers and More (3Feet/0.9Meter,Black)",439.0,5,42,4.2,4296
ORD-00764,2024-07-18,20994.0,1553.56,Home&Kitchen,Kitchen&HomeAppliances,South,Home Office,"Butterfly Jet Elite Mixer Grinder, 750W, 4 Jars (Grey)",3499.0,6,40,3.9,25340
ORD-00765,2024-07-19,44994.0,4004.47,Electronics,Mobiles&Accessories,West,Home Office,"realme narzo 50i (Mint Green, 2GB RAM+32GB Storage) Octa Core Processor | 6.5"" inch Large Display",7499.0,6,6,4.0,30907
ORD-00766,2024-07-20,2495.0,-66.12,Electronics,Cameras&Photography,East,Corporate,"HP w100 480P 30 FPS Digital Webcam with Built-in Mic, Plug and Play Setup, Wide-Angle View for Video Calling on Skype, Zoom, Microsoft Teams and Other Apps (Black)",499.0,5,75,3.7,3369
ORD-00767,2024-07-22,1016.0,6.1,Computers&Accessories,Accessories&Peripherals,North,Consumer,"Hi-Mobiler iPhone Charger Lightning Cable,2 Pack Apple MFi Certified USB iPhone Fast Chargering Cord,Data Sync Transfer for 13/12/11 Pro Max Xs X XR 8 7 6 5 5s iPad iPod More Model Cell Phone Cables",254.0,4,68,4.0,2905
ORD-00768,2024-07-22,1245.0,63.5,Computers&Accessories,Accessories&Peripherals,North,Consumer,"realme 10W Fast Charging Micro-USB Cable (Braided, Black)",249.0,5,38,4.0,6558
ORD-00769,2024-07-23,249.0,8.84,Computers&Accessories,Accessories&Peripherals,South,Home Office,"REDTECH USB-C to Lightning Cable 3.3FT, [Apple MFi Certified] Lightning to Type C Fast Charging Cord Compatible with iPhone 14/13/13 pro/Max/12/11/X/XS/XR/8, Supports Power Delivery - White",249.0,1,75,5.0,0
ORD-00770,2024-07-23,10890.0,724.18,Computers&Accessories,Components,Central,Consumer,Crucial BX500 240GB 3D NAND SATA 6.35 cm (2.5-inch) SSD (CT240BX500SSD1),1815.0,6,41,4.5,92925
ORD-00771,2024-07-23,4995.0,339.66,Home&Kitchen,Kitchen&HomeAppliances,North,Consumer,"Usha Steam Pro SI 3713, 1300 W Steam Iron, Powerful steam Output up to 18 g/min, Non-Stick Soleplate (White & Blue)",999.0,5,36,3.6,4881
ORD-00772,2024-07-26,4134.0,144.69,Computers&Accessories,Accessories&Peripherals,East,Consumer,"AmazonBasics New Release ABS USB-A to Lightning Cable Cord, Fast Charging MFi Certified Charger for Apple iPhone, iPad Tablet (3-Ft, White)",689.0,6,54,4.2,42301
ORD-00773,2024-07-26,3245.0,120.07,Computers&Accessories,Accessories&Peripherals,North,Consumer,"ZEBRONICS Zeb-Warrior II 10 watts 2.0 Multimedia Speaker with RGB Lights, USB Powered, AUX Input, Volume Control Pod for PC, Laptops, Desktop",649.0,5,50,4.1,5195
ORD-00774,2024-07-27,9995.0,-224.89,Electronics,WearableTechnology,Central,Consumer,"boAt Wave Call Smart Watch, Smart Talk with Advanced Dedicated Bluetooth Calling Chip, 1.69” HD Display with 550 NITS & 70% Color Gamut, 150+ Watch Faces, Multi-Sport Modes, HR, SpO2, IP68(Mauve)",1999.0,5,75,3.8,17831
ORD-00775,2024-07-27,996.0,-13.45,Electronics,"HomeTheater,TV&Video",East,Corporate,"LOHAYA Remote Compatible for Mi Smart LED TV 4A Remote Control (32""/43"") [ Compatible for Mi Tv Remote Control ] [ Compatible for Mi Smart LED Tv Remote Control ]",249.0,4,69,3.8,1079
ORD-00776,2024-07-27,2802.0,226.96,Electronics,"HomeTheater,TV&Video",East,Consumer,"BlueRigger High Speed HDMI Cable with Ethernet - Supports 3D, 4K 60Hz and Audio Return - Latest Version (3 Feet / 0.9 Meter)",467.0,6,22,4.4,44054
ORD-00777,2024-07-27,64995.0,5037.11,Electronics,Mobiles&Accessories,Central,Consumer,"realme narzo 50 (Speed Blue, 4GB RAM+64GB Storage) Helio G96 Processor | 50MP AI Triple Camera | 120Hz Ultra Smooth Display",12999.0,5,19,4.2,13246
ORD-00778,2024-07-29,149950.0,10871.38,Electronics,Mobiles&Accessories,Central,Home Office,"iQOO 9 SE 5G (Sunset Sierra, 8GB RAM, 128GB Storage) | Qualcomm Snapdragon 888 | 66W Flash Charge",29990.0,5,25,4.3,8399
ORD-00779,2024-07-30,1896.0,87.22,Home&Kitchen,Kitchen&HomeAppliances,South,Home Office,JM SELLER 180 W 2021 Edition Electric Beater High Speed Hand Mixer Egg Beater for Cake Making and Whipping Cream with 7 Speed Control (White) with Free Spatula and Oil Brush,474.0,4,64,4.1,550
ORD-00780,2024-07-31,4995.0,656.84,Home&Kitchen,"Heating,Cooling&AirQuality",South,Corporate,Rico IRPRO 1500 Watt Japanese Technology Electric Water Heater Immersion Rod Shockproof Protection & Stainless Steel Heating Element for Instant Heating| ISI Certified 1 Year Replacement Warranty,999.0,5,7,4.1,9275
ORD-00781,2024-07-31,3594.0,-71.88,Electronics,"Headphones,Earbuds&Accessories",Central,Home Office,"PTron Tangentbeat in-Ear Bluetooth 5.0 Wireless Headphones with Mic, Enhanced Bass, 10mm Drivers, Clear Calls, Snug-Fit, Fast Charging, Magnetic Buds, Voice Assistant & IPX4 Wireless Neckband (Black)",599.0,6,76,3.9,58162
ORD-00782,2024-08-01,1895.0,268.14,Home&Kitchen,Kitchen&HomeAppliances,West,Corporate,"CARDEX Digital Kitchen Weighing Machine Multipurpose Electronic Weight Scale With Back Lite LCD Display for Measuring Food, Cake, Vegetable, Fruit (KITCHEN SCALE)",379.0,5,3,4.2,3739
ORD-00783,2024-08-01,1996.0,149.7,Home&Kitchen,Kitchen&HomeAppliances,South,Home Office,KONVIO NEER 10 Inch Spun Filter (PP SPUN) Cartridge Compatible for 10 Inch Pre-Filter Housing of Water Purifier | Pack of 4 Spun,499.0,4,50,4.3,1436
ORD-00784,2024-08-01,89970.0,1889.37,Electronics,"HomeTheater,TV&Video",North,Home Office,VU 138 cm (55 inches) Premium Series 4K Ultra HD Smart IPS LED TV 55UT (Black),29990.0,3,54,4.1,211
ORD-00785,2024-08-01,4760.0,240.38,Home&Kitchen,"Heating,Cooling&AirQuality",East,Home Office,"ZIGMA WinoteK WinoteK Sun Instant Water Geyser, Water Heater, Portable Water Heater, Geysers Made of First Class ABS Plastic, automatic Reset Model, AE10-3 W (Yellow)",1190.0,4,53,3.8,1181
ORD-00786,2024-08-02,31497.0,2299.28,Electronics,Mobiles&Accessories,West,Consumer,"Samsung Galaxy M04 Dark Blue, 4GB RAM, 128GB Storage | Upto 8GB RAM with RAM Plus | MediaTek Helio P35 | 5000 mAh Battery",10499.0,3,22,4.2,284
ORD-00787,2024-08-03,4750.0,420.38,Home&Kitchen,HomeStorage&Organization,North,Home Office,"Esquire Laundry Basket Brown, 50 Ltr Capacity(Plastic)",950.0,5,41,4.3,5911
ORD-00788,2024-08-04,119994.0,5459.73,Electronics,"HomeTheater,TV&Video",West,Consumer,Mi 108 cm (43 inches) Full HD Android LED TV 4C | L43M6-INC (Black),19999.0,6,43,4.3,27151
ORD-00789,2024-08-05,745.0,89.4,Computers&Accessories,Accessories&Peripherals,North,Corporate,"LIRAMARK Webcam Cover Slide, Ultra Thin Laptop Camera Cover Slide Blocker for Computer MacBook Pro iMac PC Tablet (Pack of 3)",149.0,5,0,4.3,10833
ORD-00790,2024-08-05,745.0,89.4,Computers&Accessories,Accessories&Peripherals,North,Corporate,"LIRAMARK Webcam Cover Slide, Ultra Thin Laptop Camera Cover Slide Blocker for Computer MacBook Pro iMac PC Tablet (Pack of 3)",149.0,5,0,4.3,10833
ORD-00791,2024-08-06,2394.0,47.88,Computers&Accessories,Accessories&Peripherals,Central,Home Office,"Wayona Usb Nylon Braided Data Sync And Charging Cable For Iphone, Ipad Tablet (Red, Black)",399.0,6,64,4.2,24269
ORD-00792,2024-08-09,1196.0,-41.26,Electronics,"HomeTheater,TV&Video",South,Home Office,LOHAYA LCD/LED Remote Compatible for Sony Bravia Smart LCD LED UHD OLED QLED 4K Ultra HD TV Remote Control with YouTube & Netflix Function [ Compatible for Sony Tv Remote Control ],299.0,4,75,3.5,466
ORD-00793,2024-08-09,3490.0,509.54,Home&Kitchen,Kitchen&HomeAppliances,East,Home Office,"Tata Swach Bulb 6000-Litre Cartridge, 1 Piece, White, Hollow Fiber Membrane",698.0,5,0,4.2,3160
ORD-00794,2024-08-09,6396.0,338.99,Electronics,Mobiles&Accessories,Central,Corporate,Spigen Ultra Hybrid Back Cover Case Compatible with iPhone 14 Pro max (TPU + Poly Carbonate | Crystal Clear),1599.0,4,38,4.3,1801
ORD-00795,2024-08-12,268.0,20.23,OfficeProducts,OfficePaperProducts,South,Consumer,"Classmate Pulse Spiral Notebook - 240 mm x 180 mm, Soft Cover, 200 Pages, Unruled",67.0,4,11,4.1,1269
ORD-00796,2024-08-13,4245.0,184.66,Computers&Accessories,Accessories&Peripherals,East,Consumer,Zebronics Zeb Wonderbar 10 USB Powered 2.0 Computer Speaker with RGB Lights,849.0,5,43,4.0,7352
ORD-00797,2024-08-14,2796.0,321.54,Home&Kitchen,Kitchen&HomeAppliances,Central,Corporate,Wipro Smartlife Super Deluxe Dry Iron- 1000W,699.0,4,18,4.1,1106
ORD-00798,2024-08-15,990.0,-20.3,OfficeProducts,OfficePaperProducts,Central,Consumer,COI Note Pad/Memo Book with Sticky Notes & Clip Holder with Pen for Gifting,198.0,5,75,4.1,9344
ORD-00799,2024-08-17,2495.0,289.42,Home&Kitchen,Kitchen&HomeAppliances,East,Consumer,"Bajaj DX-2 600W Dry Iron with Advance Soleplate and Anti-bacterial German Coating Technology, Black",499.0,5,20,4.2,5355
ORD-00800,2024-08-17,1596.0,35.11,Computers&Accessories,Accessories&Peripherals,East,Consumer,"boAt Type C A750 Stress Resistant, Tangle-free, Sturdy Flat Cable with 6.5A Fast Charging & 480Mbps Data Transmission, 10000+ Bends Lifespan and Extended 1.5m Length(Rebellious Black)",399.0,4,60,4.1,1780
ORD-00801,2024-08-17,2876.0,97.78,Computers&Accessories,Accessories&Peripherals,West,Corporate,"Wayona Type C to Lightning MFI Certified 20W Fast charging Nylon Braided USB C Cable for iPhone 14 Pro, 14 Pro Max, 14, 14 Plus, 13, 13 Pro, 13 Pro Max, 13 Mini, 12, 12 Pro, 11, 11 Pro Max, iPhone 12 Mini (2M, Black)",719.0,4,52,4.1,1045
ORD-00802,2024-08-17,1596.0,35.11,Computers&Accessories,Accessories&Peripherals,East,Consumer,"boAt Type C A750 Stress Resistant, Tangle-free, Sturdy Flat Cable with 6.5A Fast Charging & 480Mbps Data Transmission, 10000+ Bends Lifespan and Extended 1.5m Length(Rebellious Black)",399.0,4,60,4.1,1780
ORD-00803,2024-08-18,25497.0,1988.77,Home&Kitchen,Kitchen&HomeAppliances,East,Consumer,"Livpure Glo Star RO+UV+UF+Mineraliser - 7 L Storage Tank, 15 LPH Water Purifier for Home, Black",8499.0,3,48,4.3,97
ORD-00804,2024-08-18,25196.0,881.86,Computers&Accessories,Monitors,South,Consumer,"Acer EK220Q 21.5 Inch (54.61 cm) Full HD (1920x1080) VA Panel LCD Monitor with LED Back Light I 250 Nits I HDMI, VGA Ports I Eye Care Features Like Bluelight Shield, Flickerless & Comfy View (Black)",6299.0,4,54,4.2,2014
ORD-00805,2024-08-20,2495.0,-33.68,Home&Kitchen,Kitchen&HomeAppliances,West,Corporate,"ROYAL STEP - AMAZON'S BRAND - Portable Electric USB Juice Maker Juicer Bottle Blender Grinder Mixer,4 Blades Rechargeable Bottle with (Multi color) (MULTI)",499.0,5,77,3.1,3527
ORD-00806,2024-08-21,1194.0,22.09,Computers&Accessories,Accessories&Peripherals,North,Corporate,"AmazonBasics USB 2.0 - A-Male to A-Female Extension Cable for Personal Computer, Printer (Black, 9.8 Feet/3 Meters)",199.0,6,73,4.5,74976
ORD-00807,2024-08-21,5896.0,235.84,Home&Kitchen,Kitchen&HomeAppliances,Central,Consumer,"iBELL SM1515NEW Sandwich Maker with Floating Hinges, 1000Watt, Panini / Grill / Toast (Black)",1474.0,4,68,4.1,1045
ORD-00808,2024-08-21,1495.0,42.61,Electronics,"HomeTheater,TV&Video",North,Home Office,AmazonBasics - High-Speed Male to Female HDMI Extension Cable - 6 Feet,299.0,5,57,4.4,8714
ORD-00809,2024-08-21,1194.0,22.09,Computers&Accessories,Accessories&Peripherals,North,Corporate,"AmazonBasics USB 2.0 - A-Male to A-Female Extension Cable for Personal Computer, Printer (Black, 9.8 Feet/3 Meters)",199.0,6,73,4.5,74976
ORD-00810,2024-08-22,11994.0,1067.47,Home&Kitchen,Kitchen&HomeAppliances,South,Home Office,"Bajaj Rex 500W Mixer Grinder with Nutri-Pro Feature, 3 Jars, White",1999.0,6,38,4.2,41349
ORD-00811,2024-08-22,4995.0,114.88,Electronics,Mobiles&Accessories,South,Home Office,Spigen EZ Fit Tempered Glass Screen Protector for iPhone 14 Pro - 2 Pack (Sensor Protection),999.0,5,66,4.6,6129
ORD-00812,2024-08-24,1198.0,1.2,Electronics,"HomeTheater,TV&Video",East,Consumer,"Tuarso 8K HDMI 2.1 Cable 48Gbps , 1.5 Meter High-Speed Braided HDMI Cable ( 8K@60HZ、4K@120HZ、2K@240HZ ) HDMI 2.1 Cable Compatible with Monitors , Television , Laptops , Projectors , Game Consoles and more with HDMI Ports Device",599.0,2,70,4.2,47
ORD-00813,2024-08-25,101994.0,5507.68,Electronics,Mobiles&Accessories,South,Corporate,"Samsung Galaxy M33 5G (Emerald Brown, 6GB, 128GB Storage) | 6000mAh Battery | Upto 12GB RAM with RAM Plus | Travel Adapter to be Purchased Separately",16999.0,6,32,4.1,22318
ORD-00814,2024-08-25,19995.0,1519.62,Computers&Accessories,"Printers,Inks&Accessories",West,Consumer,"HP Deskjet 2331 Colour Printer, Scanner and Copier for Home/Small Office, Compact Size, Reliable, Easy Set-Up Through Smart App On Your Pc Connected Through USB, Ideal for Home.",3999.0,5,8,3.5,21762
ORD-00815,2024-08-27,2796.0,229.27,Home&Kitchen,Kitchen&HomeAppliances,North,Corporate,Multifunctional 2 in 1 Electric Egg Boiling Steamer Egg Frying Pan Egg Boiler Electric Automatic Off with Egg Boiler Machine Non-Stick Electric Egg Frying Pan-Tiger Woods (Multy),699.0,4,56,4.7,2300
ORD-00816,2024-08-27,20997.0,31.5,Electronics,"HomeTheater,TV&Video",West,Home Office,Karbonn 80 cm (32 Inches) Millennium Series HD Ready LED TV KJW32NSHDF (Phantom Black) with Bezel-Less Design,6999.0,3,59,3.8,110
ORD-00817,2024-08-28,4995.0,-134.86,Electronics,"Headphones,Earbuds&Accessories",Central,Consumer,"Boult Audio FXCharge with ENC, 32H Playtime, 5min=7H Type C Fast Charging, Zen ENC, 14.2 mm BoomX Rich Bass, IPX5, Bluetooth Wireless in Ear Earphones Neckband with mic (Black)",999.0,5,78,3.8,3390
ORD-00818,2024-08-28,8368.0,564.84,Home&Kitchen,Kitchen&HomeAppliances,East,Consumer,"iBELL SM1301 3-in-1 Sandwich Maker with Detachable Plates for Toast / Waffle / Grill , 750 Watt (Black)",2092.0,4,55,4.3,562
ORD-00819,2024-08-29,4796.0,282.96,Home&Kitchen,Kitchen&HomeAppliances,Central,Corporate,"Lifelong LLWM105 750-Watt Belgian Waffle Maker for Home| Makes 2 Square Shape Waffles| Non-stick Plates| Easy to Use with Indicator Lights (1 Year Warranty, Black)",1199.0,4,50,3.9,1202
ORD-00820,2024-08-29,8396.0,889.98,Home&Kitchen,Kitchen&HomeAppliances,West,Consumer,"Eureka Forbes car Vac 100 Watts Powerful Suction Vacuum Cleaner with Washable HEPA Filter, 3 Accessories,Compact,Light Weight & Easy to use (Black and Red)",2099.0,4,16,,992
ORD-00821,2024-08-30,600.0,55.2,OfficeProducts,OfficePaperProducts,East,Consumer,"Pentonic Multicolor Ball Point Pen, Pack of 10",120.0,5,0,4.1,4308
ORD-00822,2024-08-31,747.0,5.6,Computers&Accessories,Accessories&Peripherals,East,Home Office,"Storite Super Speed USB 3.0 Male to Male Cable for Hard Drive Enclosures, Laptop Cooling Pad, DVD Players(60cm,Black)",249.0,3,75,4.3,112
ORD-00823,2024-09-01,55996.0,4171.7,Electronics,Mobiles&Accessories,South,Consumer,"Redmi 11 Prime 5G (Meadow Green, 4GB RAM 64GB ROM) | Prime Design | MTK Dimensity 700 | 50 MP Dual Cam | 5000mAh | 7 Band 5G",13999.0,4,13,3.9,2180
ORD-00824,2024-09-02,695.0,1.39,Electronics,Mobiles&Accessories,East,Home Office,AGARO Blaze USB 3.0 to USB Type C OTG Adapter,139.0,5,72,4.3,14185
ORD-00825,2024-09-03,34995.0,3604.49,Home&Kitchen,Kitchen&HomeAppliances,South,Home Office,Bosch Pro 1000W Mixer Grinder MGM8842MIN - Black,6999.0,5,34,4.4,11499
ORD-00826,2024-09-03,956.0,14.34,Electronics,"HomeTheater,TV&Video",West,Home Office,Universal Remote Control for All Sony TV for All LCD LED and Bravia TVs Remote,239.0,4,66,4.4,2640
ORD-00827,2024-09-03,785.0,82.42,OfficeProducts,OfficePaperProducts,North,Consumer,"Classmate Soft Cover 6 Subject Spiral Binding Notebook, Single Line, 300 Pages",157.0,5,2,4.5,8618
ORD-00828,2024-09-04,518.0,13.99,Home&Kitchen,Kitchen&HomeAppliances,Central,Home Office,"WIDEWINGS Electric Handheld Milk Wand Mixer Frother for Latte Coffee Hot Milk, Milk Frother for Coffee, Egg Beater, Hand Blender, Coffee Beater with Stand",259.0,2,74,4.0,43
ORD-00829,2024-09-05,1196.0,-4.78,Computers&Accessories,Accessories&Peripherals,East,Home Office,"Tabelito® Polyester Foam, Nylon Hybrid laptopss Bag Sleeve Case Cover Pouch for laptopss Apple/Dell/Lenovo/ Asus/ Hp/Samsung/Mi/MacBook/Ultrabook/Thinkpad/Ideapad/Surfacepro (15.6 inches /39.6cm, Blue) laptopsss",299.0,4,80,4.2,2868
ORD-00830,2024-09-07,4495.0,413.54,Home&Kitchen,Kitchen&HomeAppliances,West,Consumer,"Pigeon by Stovekraft Quartz Electric Kettle (14299) 1.7 Litre with Stainless Steel Body, used for boiling Water, making tea and coffee, instant noodles, soup etc. 1500 Watt (Silver)",899.0,5,28,3.9,17424
ORD-00831,2024-09-07,52493.0,3700.76,Electronics,Mobiles&Accessories,North,Corporate,"Redmi 9A Sport (Coral Green, 3GB RAM, 32GB Storage) | 2GHz Octa-core Helio G25 Processor | 5000 mAh Battery",7499.0,7,21,4.1,313832
ORD-00832,2024-09-11,19995.0,749.81,Electronics,WearableTechnology,Central,Corporate,"Noise ColorFit Ultra 2 Buzz 1.78"" AMOLED Bluetooth Calling Watch with 368*448px Always On Display, Premium Metallic Finish, 100+ Watch Faces, 100+ Sports Modes, Health Suite (Jet Black)",3999.0,5,43,4.1,10229
ORD-00833,2024-09-13,131994.0,8645.61,Electronics,"HomeTheater,TV&Video",Central,Home Office,MI 100 cm (40 inches) 5A Series Full HD Smart Android LED TV with 24W Dolby Audio & Metal Bezel-Less Frame (Black) (2022 Model),21999.0,6,27,4.2,32840
ORD-00834,2024-09-15,398.0,7.96,Home&Kitchen,Kitchen&HomeAppliances,East,Home Office,"White Feather Portable Heat Sealer Mini Sealing Machine for Food Storage Vacuum Bag, Chip, Plastic, Snack Bags, Package Home Closer Storage Tool (Multicolor) Random Colour",199.0,2,60,3.3,12
ORD-00835,2024-09-15,3495.0,99.61,Computers&Accessories,Accessories&Peripherals,East,Home Office,"RPM Euro Games Laptop/PC Controller Wired for Windows - 7, 8, 8.1, 10 and XP, Ps3(Upgraded with XYAB Buttons)",699.0,5,53,4.0,5736
ORD-00836,2024-09-16,1996.0,-17.96,Electronics,WearableTechnology,Central,Corporate,"10WeRun Id-116 Bluetooth Smartwatch Wireless Fitness Band for Boys, Girls, Men, Women & Kids | Sports Gym Watch for All Smart Phones I Heart Rate and spo2 Monitor",499.0,4,74,4.1,412
ORD-00837,2024-09-17,897.0,20.63,Electronics,"HomeTheater,TV&Video",South,Corporate,Aine HDMI Male to VGA Female Video Converter Adapter Cable (Black),299.0,3,50,4.0,171
ORD-00838,2024-09-19,8280.0,790.74,Home&Kitchen,Kitchen&HomeAppliances,East,Home Office,"INALSA Electric Chopper Bullet- 400 Watts with 100% Pure Copper Motor| Chop, Mince, Puree, Dice | Twin Blade Technology| 900 ml Capacity| One Touch Operation, 1.30mtr Long Power Cord (Black/Silver)",1656.0,5,39,4.4,6027
ORD-00839,2024-09-20,8995.0,-274.35,Electronics,WearableTechnology,East,Corporate,"Fire-Boltt Ninja Call Pro Plus 1.83"" Smart Watch with Bluetooth Calling, AI Voice Assistance, 100 Sports Modes IP67 Rating, 240*280 Pixel High Resolution",1799.0,5,91,4.2,13937
ORD-00840,2024-09-22,1995.0,166.58,Computers&Accessories,Accessories&Peripherals,Central,Home Office,Zebronics Zeb-Transformer-M Optical USB Gaming Mouse with LED Effect(Black),399.0,5,27,4.4,18139
ORD-00841,2024-09-22,214950.0,18378.23,Home&Kitchen,"Heating,Cooling&AirQuality",East,Home Office,"LG 1.5 Ton 5 Star AI DUAL Inverter Split AC (Copper, Super Convertible 6-in-1 Cooling, HD Filter with Anti-Virus Protection, 2022 Model, PS-Q19YNZE, White)",42990.0,5,43,4.3,3231
ORD-00842,2024-09-24,33950.0,3428.95,Home&Kitchen,Kitchen&HomeAppliances,West,Consumer,"INALSA Air Fryer Digital 4L Nutri Fry - 1400W with Smart AirCrisp Technology| 8-Preset Menu, Touch Control & Digital Display|Variable Temperature & Timer Control|Free Recipe book|2 Yr Warranty (Black)",6790.0,5,38,4.5,3192
ORD-00843,2024-09-24,119996.0,6299.79,Electronics,"HomeTheater,TV&Video",North,Corporate,Kodak 139 cm (55 inches) 4K Ultra HD Smart LED TV 55CA0909 (Black),29999.0,4,41,4.4,1712
ORD-00844,2024-09-29,2392.0,-62.19,Electronics,"HomeTheater,TV&Video",East,Corporate,Rts™ High Speed 3D Full HD 1080p Support (10 Meters) HDMI Male to HDMI Male Cable TV Lead 1.4V for All Hdmi Devices- Black (10M - 30 FEET),598.0,4,88,4.2,910
ORD-00845,2024-09-30,18000.0,1566.0,Home&Kitchen,"Heating,Cooling&AirQuality",South,Corporate,Havells Instanio 3-Litre Instant Geyser (White/Blue),3600.0,5,42,4.3,11924
ORD-00846,2024-09-30,1596.0,-15.96,Electronics,"HomeTheater,TV&Video",West,Corporate,7SEVEN® TCL Remote Control Smart TV RC802V Remote Compatible for TCL TV Remote Original 55EP680 40A325 49S6500 55P8S 55P8 50P8 65P8 40S6500 43S6500FS 49S6800FS 49S6800 49S6510FS(Without Voice Function/Google Assistant and Non-Bluetooth remote),399.0,4,56,3.4,431
ORD-00847,2024-09-30,2694.0,129.31,Electronics,Accessories,North,Home Office,"SanDisk Ultra SDHC UHS-I Card 32GB 120MB/s R for DSLR Cameras, for Full HD Recording, 10Y Warranty",449.0,6,44,4.4,69585
ORD-00848,2024-10-01,2934.0,74.82,Electronics,"HomeTheater,TV&Video",South,Corporate,"AmazonBasics 3.5mm to 2-Male RCA Adapter Cable For Tablet, Smartphone (Black, 15 feet)",489.0,6,59,4.4,69538
ORD-00849,2024-10-02,59493.0,4015.78,Electronics,Mobiles&Accessories,West,Consumer,"Redmi 9 Activ (Carbon Black, 4GB RAM, 64GB Storage) | Octa-core Helio G35 | 5000 mAh Battery",8499.0,7,23,4.1,313836
ORD-00850,2024-10-02,32703.0,147.16,Electronics,"HomeTheater,TV&Video",East,Consumer,TCL 80 cm (32 inches) HD Ready Certified Android Smart LED TV 32S5205 (Black),10901.0,3,65,4.1,398
ORD-00851,2024-10-02,5397.0,213.18,Electronics,Mobiles&Accessories,East,Corporate,"WeCool S5 Long Selfie Stick, with Large Reinforced Tripod Stand up to 61 Inch / 156 Cms, Ultra Long Multi Function Bluetooth Selfie Stick with 1/4 Screw Compatible with Gopro, Camera, and Ring Light",1799.0,3,55,4.6,245
ORD-00852,2024-10-02,5397.0,213.18,Electronics,Mobiles&Accessories,East,Corporate,"WeCool S5 Long Selfie Stick, with Large Reinforced Tripod Stand up to 61 Inch / 156 Cms, Ultra Long Multi Function Bluetooth Selfie Stick with 1/4 Screw Compatible with Gopro, Camera, and Ring Light",1799.0,3,55,4.6,245
ORD-00853,2024-10-06,139500.0,10392.75,Home&Kitchen,Kitchen&HomeAppliances,West,Home Office,"ECOVACS DEEBOT N8 2-in-1 Robotic Vacuum Cleaner, 2022 New Launch, Most Powerful Suction, Covers 2000+ Sq. Ft in One Charge, Advanced dToF Technology with OZMO Mopping (DEEBOT N8) - White",27900.0,5,53,4.4,5298
ORD-00854,2024-10-06,119994.0,7679.62,Electronics,Mobiles&Accessories,North,Corporate,"Redmi Note 11 Pro + 5G (Stealth Black, 6GB RAM, 128GB Storage) | 67W Turbo Charge | 120Hz Super AMOLED Display | Additional Exchange Offers | Charger Included",19999.0,6,20,3.9,25824
ORD-00855,2024-10-09,5550.0,574.43,Home&Kitchen,Kitchen&HomeAppliances,West,Home Office,"Usha EI 3710 Heavy Weight 1000-Watt Dry Iron with Golden American Heritage Soleplate, 1.75 Kg(White)",1110.0,5,31,4.3,4022
ORD-00856,2024-10-09,596.0,-11.62,Computers&Accessories,Accessories&Peripherals,Central,Consumer,"Lapster 5 pin mini usb cable, usb b cable,camera cable usb2.0 for External HDDS/Card Readers/Camera etc.",149.0,4,85,4.0,1313
ORD-00857,2024-10-10,104995.0,6824.68,Electronics,Mobiles&Accessories,East,Corporate,"iQOO Z6 Pro 5G by vivo (Phantom Dusk, 8GB RAM, 128GB Storage) | Snapdragon 778G 5G | 66W FlashCharge | 1300 nits Peak Brightness | HDR10+",20999.0,5,30,4.3,9499
ORD-00858,2024-10-12,3147.0,191.97,Home&Kitchen,Kitchen&HomeAppliances,West,Home Office,Wipro Vesta 1200 Watt GD203 Heavyweight Automatic Dry Iron| Quick Heat Up| Anti bacterial German Weilburger Double Coated Black Soleplate |2 Years Warranty,1049.0,3,46,3.8,250
ORD-00859,2024-10-14,5495.0,557.74,Home&Kitchen,Kitchen&HomeAppliances,North,Consumer,"InstaCuppa Milk Frother for Coffee - Handheld Battery-Operated Electric Milk and Coffee Frother, Stainless Steel Whisk and Stand, Portable Foam Maker for Coffee, Cappuccino, Lattes, and Egg Beaters",1099.0,5,27,4.1,4401
ORD-00860,2024-10-16,69995.0,3989.72,Electronics,Mobiles&Accessories,West,Consumer,"iQOO Z6 44W by vivo (Raven Black, 4GB RAM, 128GB Storage) | 6.44"" FHD+ AMOLED Display | 50% Charge in just 27 mins | in-Display Fingerprint Scanning",13999.0,5,30,4.1,19252
ORD-00861,2024-10-17,796.0,-7.96,Computers&Accessories,Accessories&Peripherals,East,Home Office,"HUMBLE Dynamic Lapel Collar Mic Voice Recording Filter Microphone for Singing Youtube SmartPhones, Black",199.0,4,60,3.3,2804
ORD-00862,2024-10-17,600.0,64.8,OfficeProducts,OfficePaperProducts,East,Corporate,"Classmate Drawing Book - Unruled, 40 Pages, 210 mm x 297 mm - Pack Of 4",120.0,5,0,4.5,4951
ORD-00863,2024-10-17,15196.0,547.06,Electronics,Mobiles&Accessories,South,Corporate,"Nokia 8210 4G Volte keypad Phone with Dual SIM, Big Display, inbuilt MP3 Player & Wireless FM Radio | Blue",3799.0,4,28,3.5,1641
ORD-00864,2024-10-17,645.0,-4.84,Electronics,"HomeTheater,TV&Video",South,Corporate,Tata Sky Digital TV HD Setup Box Remote,215.0,3,57,3.5,121
ORD-00865,2024-10-17,4895.0,494.4,Home&Kitchen,Kitchen&HomeAppliances,North,Corporate,"Inalsa Hand Blender| Hand Mixer|Beater - Easy Mix, Powerful 250 Watt Motor | Variable 7 Speed Control | 1 Year Warranty | (White/Red)",979.0,5,30,4.2,15252
ORD-00866,2024-10-17,1196.0,-4.78,Computers&Accessories,Accessories&Peripherals,North,Consumer,STRIFF Laptop Stand Adjustable Laptop Computer Stand Multi-Angle Stand Phone Stand Portable Foldable Laptop Riser Notebook Holder Stand Compatible for 9 to 15.6” Laptops Black(Black),299.0,4,80,4.2,903
ORD-00867,2024-10-18,297.0,29.7,OfficeProducts,OfficePaperProducts,North,Corporate,"BRUSTRO Copytinta Coloured Craft Paper A4 Size 80 GSM Mixed Bright Colour 40 Sheets Pack (10 cols X 4 Sheets) Double Side Color for Office Printing, Art and Craft.",99.0,3,0,4.3,388
ORD-00868,2024-10-19,2752.0,401.79,Home&Kitchen,Kitchen&HomeAppliances,North,Home Office,"Sujata Chutney Steel Jar, 400 ml, (White), Stainless Steel",688.0,4,8,4.5,2280
ORD-00869,2024-10-19,8995.0,-274.35,Electronics,WearableTechnology,North,Corporate,"Fire-Boltt Ninja Call Pro Plus 1.83"" Smart Watch with Bluetooth Calling, AI Voice Assistance, 100 Sports Modes IP67 Rating, 240*280 Pixel High Resolution",1799.0,5,91,4.2,13937
ORD-00870,2024-10-21,7996.0,35.98,Electronics,Cameras&Photography,North,Corporate,CP PLUS 2MP Full HD Smart Wi-fi CCTV Security Camera | 360° with Pan Tilt | Two Way Talk | Cloud Monitor | Motion Detect | Night Vision | Supports SD Card (Up to 128 GB) | Alexa & Ok Google | CP-E21A,1999.0,4,57,3.8,1880
ORD-00871,2024-10-21,2396.0,202.46,Computers&Accessories,Accessories&Peripherals,South,Home Office,"Belkin USB C to USB-C Fast Charging Type C Cable, 60W PD, 3.3 feet (1 meter) for Laptop, Personal Computer, Tablet, Smartphone - Black, USB-IF Certified",599.0,4,29,4.5,577
ORD-00872,2024-10-23,60000.0,1200.0,Electronics,WearableTechnology,West,Consumer,"Samsung Galaxy Watch4 Bluetooth(4.4 cm, Black, Compatible with Android only)",12000.0,5,60,4.3,4744
ORD-00873,2024-10-25,8796.0,914.78,Home&Kitchen,"Heating,Cooling&AirQuality",East,Consumer,Havells Ambrose 1200mm Ceiling Fan (Pearl White Wood),2199.0,4,28,4.2,2686
ORD-00874,2024-10-26,4047.0,246.87,Home&Kitchen,"Heating,Cooling&AirQuality",South,Corporate,"Inalsa Electric Fan Heater Hotty - 2000 Watts Variable Temperature Control Cool/Warm/Hot Air Selector | Over Heat Protection | ISI Certification, White",1349.0,3,46,3.8,166
ORD-00875,2024-10-26,3493.0,143.21,Computers&Accessories,NetworkingDevices,Central,Consumer,"TP-Link USB WiFi Adapter for PC(TL-WN725N), N150 Wireless Network Adapter for Desktop - Nano Size WiFi Dongle Compatible with Windows 11/10/7/8/8.1/XP/ Mac OS 10.9-10.15 Linux Kernel 2.6.18-4.4.3",499.0,7,50,4.2,179691
ORD-00876,2024-10-28,3245.0,446.19,Home&Kitchen,Kitchen&HomeAppliances,North,Consumer,"Kent Gold, Optima, Gold+ Spare Kit",649.0,5,3,4.1,7786
ORD-00877,2024-10-28,1794.0,94.18,Electronics,Cameras&Photography,South,Corporate,ENVIE ECR-20 Charger for AA & AAA Rechargeable Batteries,299.0,6,25,3.8,40895
ORD-00878,2024-10-29,229995.0,13569.71,Electronics,"HomeTheater,TV&Video",East,Home Office,Samsung 138 cm (55 inches) Crystal 4K Series Ultra HD Smart LED TV UA55AUE60AKLXL (Black),45999.0,5,34,4.3,7109
ORD-00879,2024-10-29,8876.0,710.08,Home&Kitchen,"Heating,Cooling&AirQuality",North,Home Office,"Bajaj Majesty RX10 2000 Watts Heat Convector Room Heater (White, ISI Approved)",2219.0,4,28,3.6,468
ORD-00880,2024-10-30,6095.0,438.84,Electronics,Mobiles&Accessories,West,Corporate,Samsung 25W USB Travel Adapter for Cellular Phones - White,1219.0,5,28,4.4,8891
ORD-00881,2024-10-30,2995.0,247.09,Computers&Accessories,Accessories&Peripherals,North,Corporate,"Redgear A-15 Wired Gaming Mouse with Upto 6400 DPI, RGB & Driver Customization for PC(Black)",599.0,5,25,4.3,15790
ORD-00882,2024-10-31,1196.0,31.69,Computers&Accessories,Accessories&Peripherals,East,Corporate,"Storite USB 3.0 Cable A to Micro B high Speed Upto 5 Gbps Data Transfer Cable for Portable External Hard Drive - (20cm), Black",299.0,4,57,4.1,2957
ORD-00883,2024-10-31,6897.0,175.87,Electronics,HomeAudio,West,Consumer,"KRISONS Thunder Speaker, Multimedia Home Theatre, Floor Standing Speaker, LED Display with Bluetooth, FM, USB, Micro SD Card, AUX Connectivity",2299.0,3,43,3.8,282
ORD-00884,2024-10-31,8940.0,576.63,Electronics,"Headphones,Earbuds&Accessories",East,Consumer,Sennheiser CX 80S in-Ear Wired Headphones with in-line One-Button Smart Remote with Microphone Black,1490.0,6,25,4.1,98250
ORD-00885,2024-10-31,7000.0,532.0,Home&Kitchen,"Heating,Cooling&AirQuality",East,Home Office,Orient Electric Apex-FX 1200mm Ultra High Speed 400 RPM Ceiling Fan (Brown),1400.0,5,44,4.1,19998
ORD-00886,2024-10-31,596.0,8.05,Computers&Accessories,Accessories&Peripherals,South,Home Office,"Kanget [2 Pack] Type C Female to USB A Male Charger | Charging Cable Adapter Converter compatible for iPhone 14, 13, 12,11 Pro Max/Mini/XR/XS/X/SE, Samsung S20 ultra/S21/S10/S8/S9/MacBook Pro iPad (Grey)",149.0,4,63,4.0,1540
ORD-00887,2024-11-03,4745.0,211.15,Computers&Accessories,Accessories&Peripherals,Central,Corporate,"AmazonBasics USB C to Lightning Aluminum with Nylon Braided MFi Certified Charging Cable (Grey, 1.8 meter)",949.0,5,53,4.4,13552
ORD-00888,2024-11-03,7794.0,713.15,Computers&Accessories,Accessories&Peripherals,South,Corporate,"Zebronics Zeb-Transformer Gaming Keyboard and Mouse Combo (USB, Braided Cable)",1299.0,6,19,4.3,27223
ORD-00889,2024-11-03,1896.0,-1.9,Electronics,Mobiles&Accessories,Central,Corporate,Amozo Ultra Hybrid Camera and Drop Protection Back Cover Case for iPhone 13 (Polycarbonate| Back Transparent - Sides Black),474.0,4,74,4.3,1454
ORD-00890,2024-11-04,2895.0,154.88,Computers&Accessories,Accessories&Peripherals,Central,Corporate,"Lenovo 130 Wireless Compact Mouse, 1K DPI Optical sensor, 2.4GHz Wireless NanoUSB, 10m range, 3button(left,right,scroll) upto 3M left/right clicks, 10 month battery, Ambidextrous, Ergonomic GY51C12380",579.0,5,47,4.4,3482
ORD-00891,2024-11-04,30995.0,2541.59,Home&Kitchen,"Heating,Cooling&AirQuality",North,Corporate,Crompton Arno Neo 15-L 5 Star Rated Storage Water Heater (Geyser) with Advanced 3 Level Safety (Grey),6199.0,5,40,4.1,14391
ORD-00892,2024-11-07,2298.0,136.73,Home&Kitchen,"Heating,Cooling&AirQuality",North,Home Office,Hilton Quartz Heater 400/800-Watt ISI 2 Rods Multi Mode Heater Long Lasting Quick Heating Extremely Warm (Grey),1149.0,2,39,3.5,24
ORD-00893,2024-11-08,16245.0,942.21,Home&Kitchen,Kitchen&HomeAppliances,Central,Corporate,Prestige IRIS Plus 750 watt mixer grinder,3249.0,5,48,3.8,14062
ORD-00894,2024-11-09,796.0,24.68,Electronics,"HomeTheater,TV&Video",Central,Consumer,"Smashtronics® - Case for Firetv Remote, Fire Stick Remote Cover Case, Silicone Cover for TV Firestick 4K/TV 2nd Gen(3rd Gen) Remote Control - Light Weight/Anti Slip/Shockproof (Black)",199.0,4,50,4.2,1335
ORD-00895,2024-11-09,4208.0,372.41,Home&Kitchen,Kitchen&HomeAppliances,North,Consumer,"Wipro Vesta Electric Egg Boiler, 360 Watts, 3 Boiling Modes, Stainless Steel Body and Heating Plate, Boils up to 7 Eggs at a time, Automatic Shut Down, White, Standard (VB021070)",1052.0,4,41,4.3,1404
ORD-00896,2024-11-09,10300.0,545.9,Home&Kitchen,Kitchen&HomeAppliances,North,Home Office,"Goodscity Garment Steamer for Clothes, Steam Iron Press - Vertical & Horizontal Steaming up to 22g/min, 1200 Watt, 230 ml Water tank & 30 sec Fast Heating (GC 111)",2575.0,4,62,4.2,611
ORD-00897,2024-11-10,1245.0,6.23,Electronics,Mobiles&Accessories,South,Corporate,"USB Charger, Oraimo Elite Dual Port 5V/2.4A Wall Charger, USB Wall Charger Adapter for iPhone 11/Xs/XS Max/XR/X/8/7/6/Plus, iPad Pro/Air 2/Mini 3/Mini 4, Samsung S4/S5, and More",249.0,5,62,4.0,14404
ORD-00898,2024-11-14,591.0,-0.89,Electronics,"HomeTheater,TV&Video",West,Consumer,Airtel DigitalTV HD Setup Box Remote,197.0,3,61,3.8,136
ORD-00899,2024-11-14,6396.0,601.22,Computers&Accessories,Accessories&Peripherals,East,Home Office,"Belkin Apple Certified Lightning To Type C Cable, Tough Unbreakable Braided Fast Charging For Iphone, Ipad, Air Pods, 3.3 Feet (1 Meters)    White",1599.0,4,20,4.4,1951
ORD-00900,2024-11-15,62334.0,1371.35,Computers&Accessories,ExternalDevices&DataStorage,South,Home Office,"SanDisk 1TB Extreme Portable SSD 1050MB/s R, 1000MB/s W,Upto 2 Meter Drop Protection with IP55 Water/dust Resistance, HW Encryption, PC,MAC & TypeC Smartphone Compatible, 5Y Warranty, External SSD",10389.0,6,68,4.4,41398
ORD-00901,2024-11-15,438.0,13.14,Electronics,Mobiles&Accessories,West,Home Office,Amazon Basics 2 Amp USB Wall Charger & Micro USB Cable (White),219.0,2,56,4.4,14
ORD-00902,2024-11-16,101994.0,7496.56,Electronics,Mobiles&Accessories,East,Corporate,"Redmi Note 11T 5G (Stardust White, 6GB RAM, 128GB ROM)| Dimensity 810 5G | 33W Pro Fast Charging | Charger Included | Additional Exchange Offers|Get 2 Months of YouTube Premium Free!",16999.0,6,19,4.1,31822
ORD-00903,2024-11-17,4494.0,348.29,Home&Kitchen,"Heating,Cooling&AirQuality",South,Consumer,Crompton Insta Comfy 800 Watt Room Heater with 2 Heat Settings(Grey Blue),1498.0,3,35,3.8,95
ORD-00904,2024-11-18,11612.0,1532.78,Home&Kitchen,Kitchen&HomeAppliances,West,Home Office,"Philips EasySpeed Plus Steam Iron GC2145/20-2200W, Quick Heat Up with up to 30 g/min steam, 110 g steam Boost, Scratch Resistant Ceramic Soleplate, Vertical steam & Drip-Stop",2903.0,4,12,4.3,2299
ORD-00905,2024-11-19,10752.0,585.98,Computers&Accessories,Components,East,Home Office,Crucial RAM 8GB DDR4 3200MHz CL22 (or 2933MHz or 2666MHz) Laptop Memory CT8G4SFRA32A,1792.0,6,49,4.5,26194
ORD-00906,2024-11-21,1798.0,86.3,Home&Kitchen,"Heating,Cooling&AirQuality",North,Consumer,!!HANEUL!!1000 Watt/2000-Watt Room Heater!! Fan Heater!!Pure White!!HN-2500!!Made in India!!Thermoset!!,899.0,2,44,3.4,15
ORD-00907,2024-11-23,1416.0,-8.5,Computers&Accessories,Accessories&Peripherals,South,Consumer,"TVARA LCD Writing Tablet, 8.5"" Inch Colorful Toddler Doodle Board Drawing Tablet, Erasable Reusable Electronic Drawing Pads, Educational and Learning Tool for 3-6 Years Old Boy and Girls Mix Colors",354.0,4,76,4.0,1026
ORD-00908,2024-11-23,6960.0,602.04,Home&Kitchen,"Heating,Cooling&AirQuality",Central,Corporate,Usha Hc 812 T Thermo Fan Room Heater,2320.0,3,29,3.8,195
ORD-00909,2024-11-24,5656.0,364.81,Home&Kitchen,Kitchen&HomeAppliances,East,Home Office,"SKYTONE Stainless Steel Electric Meat Grinders with Bowl 700W Heavy for Kitchen Food Chopper, Meat, Vegetables, Onion , Garlic Slicer Dicer, Fruit & Nuts Blender (2L, 700 Watts)",1414.0,4,49,4.0,1498
ORD-00910,2024-11-24,8994.0,-62.96,Electronics,WearableTechnology,East,Consumer,"Noise ColorFit Pro 2 Full Touch Control Smart Watch with 35g Weight & Upgraded LCD Display,IP68 Waterproof,Heart Rate Monitor,Sleep & Step Tracker,Call & Message Alerts & Long Battery Life (Jet Black)",1499.0,6,70,4.0,92588
ORD-00911,2024-11-24,13228.0,674.63,Computers&Accessories,Components,West,Corporate,"Crucial P3 500GB PCIe 3.0 3D NAND NVMe M.2 SSD, up to 3500MB/s - CT500P3SSD8",3307.0,4,46,4.3,2515
ORD-00912,2024-11-25,1116.0,-17.3,Electronics,Mobiles&Accessories,East,Home Office,Amozo Ultra Hybrid Camera and Drop Protection Back Cover Case for iPhone 13 (TPU + Polycarbonate | Crystal Transparent),279.0,4,81,4.2,2646
ORD-00913,2024-11-25,1794.0,38.57,Computers&Accessories,Accessories&Peripherals,North,Corporate,boAt Rugged V3 Braided Micro USB Cable (Pearl White),299.0,6,63,4.2,94363
ORD-00914,2024-11-25,1365.5,14.34,Computers&Accessories,Accessories&Peripherals,West,Home Office,"boAt Laptop, Smartphone Type-c A400 Male Data Cable (Carbon Black)",273.1,5,73,4.3,20850
ORD-00915,2024-11-26,1995.0,77.81,Electronics,"HomeTheater,TV&Video",South,Home Office,Amazon Basics 16-Gauge Speaker Wire - 50 Feet,399.0,5,50,4.4,12091
ORD-00916,2024-11-28,149995.0,10274.66,Electronics,"HomeTheater,TV&Video",West,Home Office,OnePlus 108 cm (43 inches) Y Series 4K Ultra HD Smart Android LED TV 43Y1S Pro (Black),29999.0,5,25,4.2,7298
ORD-00917,2024-11-28,23950.0,-167.65,Electronics,"Headphones,Earbuds&Accessories",North,Consumer,"Samsung Galaxy Buds Live Bluetooth Truly Wireless in Ear Earbuds with Mic, Upto 21 Hours Playtime, Mystic Black",4790.0,5,70,4.0,4390
ORD-00918,2024-11-29,5394.0,-161.82,Electronics,"Headphones,Earbuds&Accessories",Central,Consumer,"Boult Audio Probass Curve Bluetooth Wireless in Ear Earphones with Mic with Ipx5 Water Resistant, 12H Battery Life & Extra Bass (Black)",899.0,6,80,3.8,103052
ORD-00919,2024-11-29,16245.0,1047.8,Home&Kitchen,Kitchen&HomeAppliances,South,Consumer,"Bajaj Rex 750W Mixer Grinder with Nutri Pro Feature, 4 Jars, White",3249.0,5,49,4.0,4978
ORD-00920,2024-11-30,1012.0,77.42,Home&Kitchen,Kitchen&HomeAppliances,East,Consumer,"Eureka Forbes Euroclean Paper Vacuum Cleaner Dust Bags for Excel, Ace, 300, Jet Models - Set of 10",253.0,4,49,4.3,2664
ORD-00921,2024-11-30,143996.0,9791.73,Electronics,"HomeTheater,TV&Video",Central,Consumer,Acer 139 cm (55 inches) H Series 4K Ultra HD Android Smart LED TV AR55AR2851UDPRO (Black),35999.0,4,28,4.3,1611
ORD-00922,2024-12-01,4495.0,235.99,Electronics,HomeAudio,Central,Home Office,"Zebronics ZEB-VITA Wireless Bluetooth 10W Portable Bar Speaker With Supporting USB, SD Card, AUX, FM, TWS & Call Function",899.0,5,25,3.8,10751
ORD-00923,2024-12-01,2196.0,154.82,Home&Kitchen,Kitchen&HomeAppliances,West,Corporate,"T TOPLINE 180 W Electric Hand Mixer,Hand Blender , Egg Beater, Cake maker , Beater Cream Mix, Food Blender, Beater for Whipping Cream Beater for Cake With 7 -Speed with spatula and oil brush",549.0,4,45,4.0,1313
ORD-00924,2024-12-02,3897.0,148.09,Electronics,"HomeTheater,TV&Video",North,Home Office,Airtel Digital TV HD Set Top Box with FTA Pack | Unlimited Entertainment + Recording Feature + Free Standard Installation (6 Months Pack),1299.0,3,48,4.3,301
ORD-00925,2024-12-04,83994.0,3359.76,Electronics,"HomeTheater,TV&Video",East,Corporate,MI 80 cm (32 inches) 5A Series HD Ready Smart Android LED TV L32M7-5AIN (Black),13999.0,6,44,4.2,32840
ORD-00926,2024-12-04,348.0,17.75,Electronics,GeneralPurposeBatteries&BatteryChargers,North,Home Office,"Duracell CR2025 3V Lithium Coin Battery, 5 pcs, 2025 Coin Button Cell Battery, DL2025",116.0,3,42,4.4,357
ORD-00927,2024-12-04,996.0,84.66,Home&Kitchen,Kitchen&HomeAppliances,Central,Corporate,"Raffles Premium Stainless Steel South Indian Coffee Filter/Drip Coffee Maker, 2-3 Cups, 150 ml",249.0,4,38,4.1,693
ORD-00928,2024-12-05,69995.0,4199.7,Electronics,Mobiles&Accessories,East,Corporate,"Samsung Galaxy M13 5G (Aqua Green, 6GB, 128GB Storage) | 5000mAh Battery | Upto 12GB RAM with RAM Plus",13999.0,5,28,4.1,18998
ORD-00929,2024-12-06,4585.0,73.36,Electronics,"HomeTheater,TV&Video",North,Home Office,Airtel Digital TV HD Set Top Box with 1 Month Basic Pack with Recording + Free Standard Installation,917.0,5,60,4.2,3300
ORD-00930,2024-12-06,35988.0,2465.18,Electronics,WearableTechnology,West,Consumer,"Amazfit GTS2 Mini (New Version) Smart Watch with Always-on AMOLED Display, Alexa Built-in, SpO2, 14 Days' Battery Life, 68 Sports Modes, GPS, HR, Sleep & Stress Monitoring (Meteor Black)",5998.0,6,25,4.2,30355
ORD-00931,2024-12-06,4495.0,173.06,Health&PersonalCare,HomeMedicalSupplies&Equipment,South,Home Office,Dr Trust Electronic Kitchen Digital Scale Weighing Machine (Blue),899.0,5,53,4.0,3663
ORD-00932,2024-12-07,11334.0,192.68,Computers&Accessories,NetworkingDevices,North,Corporate,"TP-Link AC750 Wifi Range Extender | Up to 750Mbps | Dual Band WiFi Extender, Repeater, Wifi Signal Booster, Access Point| Easy Set-Up | Extends Wifi to Smart Home & Alexa Devices (RE200)",1889.0,6,66,4.2,49551
ORD-00933,2024-12-07,1985.0,47.64,Computers&Accessories,Accessories&Peripherals,East,Corporate,"SaleOn™ Portable Storage Organizer Bag for Earphone USB Cable Power Bank Mobile Charger Digital Gadget Hard Disk, Water Resistance Material - Dark Grey",397.0,5,56,4.0,3025
ORD-00934,2024-12-07,4796.0,-81.53,Computers&Accessories,Accessories&Peripherals,South,Consumer,"Wings Phantom Pro Earphones Gaming Earbuds with LED Battery Indicator, 50ms Low Latency, Bluetooth 5.3, 40 Hours Playtime, MEMs Mic, IPX4 Resist, 12mm Driver, 500mah case, Headphones, (Black TWS)",1199.0,4,78,3.8,2043
ORD-00935,2024-12-08,1196.0,84.32,Computers&Accessories,Accessories&Peripherals,South,Consumer,"Ambrane Unbreakable 3 in 1 Fast Charging Braided Multipurpose Cable for Speaker with 2.1 A Speed - 1.25 meter, Black",299.0,4,25,4.0,2766
ORD-00936,2024-12-08,15570.0,1440.23,Computers&Accessories,Accessories&Peripherals,West,Home Office,"Logitech K480 Wireless Multi-Device Keyboard for Windows, macOS, iPadOS, Android or Chrome OS, Bluetooth, Compact, Compatible with PC, Mac, Laptop, Smartphone, Tablet - Black",2595.0,6,21,4.4,22618
ORD-00937,2024-12-08,1196.0,84.32,Computers&Accessories,Accessories&Peripherals,South,Consumer,"Ambrane Unbreakable 3 in 1 Fast Charging Braided Multipurpose Cable for Speaker with 2.1 A Speed - 1.25 meter, Black",299.0,4,25,4.0,2766
ORD-00938,2024-12-09,2400.0,290.4,Home&Kitchen,Kitchen&HomeAppliances,North,Corporate,Prestige Clean Home Water Purifier Cartridge,600.0,4,6,3.8,2593
ORD-00939,2024-12-09,1568.0,127.79,Home&Kitchen,"Heating,Cooling&AirQuality",Central,Corporate,!!1000 Watt/2000-Watt Room Heater!! Fan Heater!!Pure White!!HN-2500!!Made in India!!,784.0,2,51,4.5,11
ORD-00940,2024-12-12,1614.0,41.16,Electronics,"HomeTheater,TV&Video",West,Corporate,"AmazonBasics High-Speed Braided HDMI Cable - 3 Feet - Supports Ethernet, 3D, 4K and Audio Return (Black)",269.0,6,59,4.4,35877
ORD-00941,2024-12-12,8995.0,-229.37,Electronics,WearableTechnology,North,Home Office,"boAt Wave Call Smart Watch, Smart Talk with Advanced Dedicated Bluetooth Calling Chip, 1.69” HD Display with 550 NITS & 70% Color Gamut, 150+ Watch Faces, Multi-Sport Modes,HR,SpO2, IP68(Active Black)",1799.0,5,77,3.8,17833
ORD-00942,2024-12-12,9995.0,-224.89,Electronics,WearableTechnology,North,Home Office,"boAt Wave Call Smart Watch, Smart Talk with Advanced Dedicated Bluetooth Calling Chip, 1.69” HD Display with 550 NITS & 70% Color Gamut, 150+ Watch Faces, Multi-Sport Modes,HR,SpO2, IP68(Active Black)",1999.0,5,75,3.8,17831
ORD-00943,2024-12-12,23996.0,1871.69,Home&Kitchen,Kitchen&HomeAppliances,East,Consumer,"AGARO Royal Stand 1000W Mixer with 5L SS Bowl and 8 Speed Setting, Includes Whisking Cone, Mixing Beater & Dough Hook, and Splash Guard, 2 Years Warranty, (Black), Medium (33554)",5999.0,4,48,4.3,534
ORD-00944,2024-12-13,161994.0,8180.7,Electronics,"HomeTheater,TV&Video",West,Consumer,Redmi 108 cm (43 inches) 4K Ultra HD Android Smart LED TV X43 | L43R7-7AIN (Black),26999.0,6,37,4.2,45238
ORD-00945,2024-12-14,740.0,22.57,Home&Kitchen,Kitchen&HomeAppliances,North,Consumer,IONIX Activated Carbon Faucet Water Filters Universal Interface Home Kitchen Faucet Tap Water | Tap filter Multilayer | Clean Purifier Filter Cartridge Five Layer Water Filter-Pack of 1,185.0,4,69,3.9,1306
ORD-00946,2024-12-15,13396.0,1687.9,Home&Kitchen,Kitchen&HomeAppliances,East,Consumer,"Philips EasySpeed Plus Steam Iron GC2147/30-2400W, Quick Heat up with up to 30 g/min steam, 150g steam Boost, Scratch Resistant Ceramic Soleplate, Vertical steam, Drip-Stop",3349.0,4,16,4.3,1954
ORD-00947,2024-12-15,1794.0,113.02,Computers&Accessories,Accessories&Peripherals,North,Consumer,Redgear MP35 Speed-Type Gaming Mousepad (Black/Red),299.0,6,46,4.6,33434
ORD-00948,2024-12-17,2396.0,-56.31,Computers&Accessories,Accessories&Peripherals,West,Home Office,"Amazon Basics Multipurpose Foldable Laptop Table with Cup Holder, Brown",599.0,4,85,3.9,1087
ORD-00949,2024-12-17,1000.0,134.5,Home&Kitchen,CraftMaterials,Central,Consumer,"Camel Fabrica Acrylic Ultra Color - 15ml each, 10 Shades",200.0,5,13,4.4,10170
ORD-00950,2024-12-18,1996.0,122.75,Home&Kitchen,"Heating,Cooling&AirQuality",North,Home Office,"Melbon VM-905 2000-Watt Room Heater (ISI Certified, White Color) Ideal Electric Fan Heater for Small to Medium Room/Area (Plastic Body)",998.0,2,67,4.6,9
ORD-00951,2024-12-18,31996.0,1263.84,Electronics,"HomeTheater,TV&Video",Central,Consumer,Acer 80 cm (32 inches) N Series HD Ready TV AR32NSV53HD (Black),7999.0,4,47,4.3,457
ORD-00952,2024-12-19,5495.0,365.42,Home&Kitchen,"Heating,Cooling&AirQuality",Central,Home Office,ACTIVA 1200 MM HIGH SPEED 390 RPM BEE APPROVED 5 STAR RATED APSRA CEILING FAN BROWN 2 Years Warranty,1099.0,5,45,3.9,5911
ORD-00953,2024-12-19,3225.0,246.71,Home&Kitchen,Kitchen&HomeAppliances,East,Home Office,Crompton Brio 1000-Watts Dry Iron with Weilburger Coating (Sky Blue and White),645.0,5,41,4.0,3271
ORD-00954,2024-12-20,2495.0,82.34,Computers&Accessories,Accessories&Peripherals,North,Consumer,"AmazonBasics Double Braided Nylon USB Type-C to Type-C 2.0 Cable Smartphone (Dark Grey, 3 feet)",499.0,5,58,4.3,5451
ORD-00955,2024-12-20,77994.0,4679.64,Electronics,Mobiles&Accessories,West,Home Office,"Redmi Note 11 (Space Black, 4GB RAM, 64GB Storage)|90Hz FHD+ AMOLED Display | Qualcomm® Snapdragon™ 680-6nm | 33W Charger Included",12999.0,6,28,4.1,50772
ORD-00956,2024-12-20,26825.0,2467.9,Home&Kitchen,"Heating,Cooling&AirQuality",North,Home Office,"Bajaj Majesty Duetto Gas 6 Ltr Vertical Water Heater ( LPG), White",5365.0,5,28,3.9,3584
ORD-00957,2024-12-21,1495.0,52.33,Electronics,Mobiles&Accessories,South,Corporate,"POPIO Tempered Glass Screen Protector Compatible for iPhone 12 / iPhone 12 Pro with Case Friendly Edge to Edge Coverage and Easy Installation kit, Pack of 1",299.0,5,50,4.3,4674
ORD-00958,2024-12-21,295.0,0.89,Computers&Accessories,Accessories&Peripherals,South,Corporate,"FLiX (Beetel USB to Micro USB PVC Data Sync & 2A Fast Charging Cable, Made in India, 480Mbps Data Sync, Solid Cable, 1 Meter Long USB Cable for Micro USB Devices (White)(XCD-M11)",59.0,5,70,4.0,9378
ORD-00959,2024-12-21,149994.0,10949.56,Electronics,"HomeTheater,TV&Video",South,Corporate,OnePlus 108 cm (43 inches) Y Series Full HD Smart Android LED TV 43 Y1S (Black),24999.0,6,22,4.2,34899
ORD-00960,2024-12-22,1396.0,9.07,Computers&Accessories,Accessories&Peripherals,Central,Home Office,"Lapster USB 3.0 sata Cable for 2.5 inch SSD and HDD , USB 3.0 to SATA III Hard Driver Adapter , sata to USB Cable-(Blue)",349.0,4,65,3.9,817
ORD-00961,2024-12-24,77495.0,4882.19,Electronics,Mobiles&Accessories,West,Consumer,"iQOO Z6 44W by vivo (Lumina Blue, 6GB RAM, 128GB Storage) | 6.44"" FHD+ AMOLED Display | 50% Charge in just 27 mins | in-Display Fingerprint Scanning",15499.0,5,26,4.1,19252
ORD-00962,2024-12-24,1494.0,26.15,Home&Kitchen,Kitchen&HomeAppliances,South,Consumer,"4 in 1 Handheld Electric Vegetable Cutter Set,Wireless Food Processor Electric Food Chopper for Garlic Chili Pepper Onion Ginger Celery Meat with Brush",498.0,3,59,3.2,113
ORD-00963,2024-12-25,1516.0,31.84,Computers&Accessories,Accessories&Peripherals,North,Consumer,"Wayona Type C To Type C 65W/3.25A Nylon Braided Fast Charging Cable Compatible For Laptop, Macbook, Samsung Galaxy M33 M53 M51 S20 Ultra, A71, A53, A51, Ipad Pro 2018 (1M, Grey)",379.0,4,66,4.3,2806
ORD-00964,2024-12-26,32495.0,1819.72,Electronics,Mobiles&Accessories,South,Home Office,"Redmi A1 (Light Blue, 2GB RAM, 32GB Storage) | Segment Best AI Dual Cam | 5000mAh Battery | Leather Texture Design | Android 12",6499.0,5,28,4.0,7807
ORD-00965,2024-12-26,597.0,-8.36,Home&Kitchen,Kitchen&HomeAppliances,Central,Corporate,IONIX Tap filter Multilayer | Activated Carbon Faucet Water Filters Universal Interface Home Kitchen Faucet Tap Water Clean Purifier Filter Cartridge Five Layer Water Filter-Pack of 1,199.0,3,72,2.9,159
ORD-00966,2024-12-26,1360.0,89.08,OfficeProducts,OfficePaperProducts,West,Home Office,Parker Vector Standard Chrome Trim Ball Pen (Ink - Black),272.0,5,15,4.0,3686
ORD-00967,2024-12-27,4194.0,348.1,Computers&Accessories,Accessories&Peripherals,West,Consumer,"Logitech M235 Wireless Mouse, 1000 DPI Optical Tracking, 12 Month Life Battery, Compatible with Windows, Mac, Chromebook/PC/Laptop",699.0,6,30,4.5,54405
ORD-00968,2024-12-27,2550.0,285.6,Home&Kitchen,"Heating,Cooling&AirQuality",West,Corporate,Usha IH2415 1500-Watt Immersion Heater (Silver),510.0,5,20,4.1,7229
ORD-00969,2024-12-28,14880.0,1614.48,Home&Kitchen,Kitchen&HomeAppliances,South,Home Office,"Panasonic SR-WA22H (E) Automatic Rice Cooker, Apple Green, 2.2 Liters",2976.0,5,25,4.2,3740
ORD-00970,2024-12-30,10396.0,244.31,Electronics,Mobiles&Accessories,East,Corporate,"KINGONE Wireless Charging Pencil (2nd Generation) for iPad with Magnetic and Tilt Sensitive, Palm Rejection, Compatible with Apple iPad Pro 11 inch 1/2/3/4, iPad Pro 12.9 Inch 3/4/5/6, iPad Air 4/5, mini6",2599.0,4,63,4.5,1526
ORD-00971,2024-12-30,4497.0,254.08,Home&Kitchen,"Heating,Cooling&AirQuality",East,Corporate,Havells Zella Flap Auto Immersion Rod 1500 Watts,1499.0,3,57,4.1,303
ORD-00972,2024-12-30,10396.0,244.31,Electronics,Mobiles&Accessories,East,Corporate,"KINGONE Wireless Charging Pencil (2nd Generation) for iPad with Magnetic and Tilt Sensitive, Palm Rejection, Compatible with Apple iPad Pro 11 inch 1/2/3/4, iPad Pro 12.9 Inch 3/4/5/6, iPad Air 4/5, mini6",2599.0,4,63,4.5,1526
ORD-00973,2024-12-30,4245.0,435.11,Home&Kitchen,Kitchen&HomeAppliances,North,Corporate,"Havells Glydo 1000 watt Dry Iron With American Heritage Non Stick Sole Plate, Aerodynamic Design, Easy Grip Temperature Knob & 2 years Warranty. (Charcoal Blue)",849.0,5,29,4.2,4184
ORD-00974,2024-12-30,3594.0,-80.86,Electronics,"Headphones,Earbuds&Accessories",East,Consumer,"PTron Tangent Lite Bluetooth 5.0 Earphones with Mic, Hi-Fi Stereo Sound Neckband, 8Hrs Playtime, Lightweight Snug-fit in-Ear Headphones, IPX4 Water Resistant, Fast Charge & Voice Assistant (Black)",599.0,6,67,3.5,83996
ORD-00975,2024-12-30,796.0,-6.37,Electronics,"Headphones,Earbuds&Accessories",North,Corporate,"ZEBRONICS Zeb-Buds 30 3.5Mm Stereo Wired in Ear Earphones with Mic for Calling, Volume Control, Multifunction Button, 14Mm Drivers, Stylish Eartip,1.2 Meter Durable Cable and Lightweight Design(Red)",199.0,4,60,3.6,2492
ORD-00976,2024-12-30,2679.0,234.41,Electronics,"HomeTheater,TV&Video",East,Home Office,"ZORBES® Wall Adapter Holder for Alexa Echo Dot 4th Generation,A Space-Saving Solution with Cord Management for Your Smart Home Speakers -White (Holder Only)",893.0,3,15,4.3,106
ORD-00977,2024-12-31,224995.0,21374.53,Electronics,Mobiles&Accessories,Central,Home Office,"OnePlus 10T 5G (Moonstone Black, 8GB RAM, 128GB Storage)",44999.0,5,10,4.3,3075
ORD-00978,2025-01-04,1630.0,41.57,Electronics,Cameras&Photography,Central,Consumer,SLOVIC® Tripod Mount Adapter| Tripod Mobile Holder|Tripod Phone Mount(Made in India)| Smartphone Clip Clipper 360 Degree for Taking Magic Video Shots & Pictures.,326.0,5,59,4.4,10773
ORD-00979,2025-01-04,916.0,52.67,Home&Kitchen,Kitchen&HomeAppliances,Central,Consumer,"IKEA Milk Frother for Your Milk, Coffee,(Cold and hot Drinks), Black",229.0,4,43,3.6,451
ORD-00980,2025-01-05,1008.0,-16.63,Computers&Accessories,Accessories&Peripherals,West,Corporate,"MYVN LTG to USB for Fast Charging & Data Sync USB Cable Compatible for iPhone 5/5s/6/6S/7/7+/8/8+/10/11, iPad Air/Mini, iPod and iOS Devices (1 M)",252.0,4,75,3.7,2249
ORD-00981,2025-01-10,6725.0,366.51,Computers&Accessories,Accessories&Peripherals,East,Consumer,"Logitech MK270r USB Wireless Keyboard and Mouse Set for Windows, 2.4 GHz Wireless, Spill-resistant Design, 8 Multimedia & Shortcut Keys, 2-Year Battery Life, PC/Laptop- Black",1345.0,5,41,4.2,17413
ORD-00982,2025-01-10,796.0,17.51,Computers&Accessories,Accessories&Peripherals,West,Corporate,"Ambrane 2 in 1 Type-C & Micro USB Cable with 60W / 3A Fast Charging, 480 mbps High Data, PD Technology & Quick Charge 3.0, Compatible with All Type-C & Micro USB Devices (ABDC-10, Black)",199.0,4,60,4.1,602
ORD-00983,2025-01-10,796.0,17.51,Computers&Accessories,Accessories&Peripherals,West,Corporate,"Ambrane 2 in 1 Type-C & Micro USB Cable with 60W / 3A Fast Charging, 480 mbps High Data, PD Technology & Quick Charge 3.0, Compatible with All Type-C & Micro USB Devices (ABDC-10, Black)",199.0,4,60,4.1,602
ORD-00984,2025-01-10,796.0,17.51,Computers&Accessories,Accessories&Peripherals,West,Corporate,"Ambrane 2 in 1 Type-C & Micro USB Cable with 60W / 3A Fast Charging, 480 mbps High Data, PD Technology & Quick Charge 3.0, Compatible with All Type-C & Micro USB Devices (ABDC-10, Black)",199.0,4,60,4.1,602
ORD-00985,2025-01-11,447.0,4.25,Computers&Accessories,Accessories&Peripherals,East,Home Office,Ambrane BCL-15 Lightning Cable for Smartphone (1.5m Black),149.0,3,63,3.9,57
ORD-00986,2025-01-12,2394.0,47.88,Computers&Accessories,Accessories&Peripherals,West,Home Office,"Wayona Nylon Braided USB to Lightning Fast Charging and Data Sync Cable Compatible for iPhone 13, 12,11, X, 8, 7, 6, 5, iPad Air, Pro, Mini (3 FT Pack of 1, Grey)",399.0,6,64,4.2,24269
ORD-00987,2025-01-12,2394.0,47.88,Computers&Accessories,Accessories&Peripherals,West,Home Office,"Wayona Nylon Braided USB to Lightning Fast Charging and Data Sync Cable Compatible for iPhone 13, 12,11, X, 8, 7, 6, 5, iPad Air, Pro, Mini (3 FT Pack of 1, Grey)",399.0,6,64,4.2,24269
ORD-00988,2025-01-12,2394.0,47.88,Computers&Accessories,Accessories&Peripherals,West,Home Office,"Wayona Nylon Braided USB to Lightning Fast Charging and Data Sync Cable Compatible for iPhone 13, 12,11, X, 8, 7, 6, 5, iPad Air, Pro, Mini (3 FT Pack of 1, Grey)",399.0,6,64,4.2,24270
ORD-00989,2025-01-13,30995.0,2479.6,Home&Kitchen,Kitchen&HomeAppliances,East,Consumer,"Karcher WD3 EU Wet and Dry Vacuum Cleaner, 1000 Watts Powerful Suction, 17 L Capacity, Blower Function, Easy Filter Removal for Home and Garden Cleaning  (Yellow/Black)",6199.0,5,44,4.2,10429
ORD-00990,2025-01-13,1995.0,-43.89,Electronics,Mobiles&Accessories,West,Home Office,"Tygot Bluetooth Extendable Selfie Sticks with Wireless Remote and Tripod Stand, 3-in-1 Multifunctional Selfie Stick with Tripod Stand Compatible with iPhone/OnePlus/Samsung/Oppo/Vivo and All Phones",399.0,5,80,4.0,3382
ORD-00991,2025-01-13,1995.0,-43.89,Electronics,Mobiles&Accessories,West,Home Office,"Tygot Bluetooth Extendable Selfie Sticks with Wireless Remote and Tripod Stand, 3-in-1 Multifunctional Selfie Stick with Tripod Stand Compatible with iPhone/OnePlus/Samsung/Oppo/Vivo and All Phones",399.0,5,80,4.0,3382
ORD-00992,2025-01-14,169995.0,18699.45,Electronics,Mobiles&Accessories,West,Corporate,"OnePlus Nord 2T 5G (Jade Fog, 12GB RAM, 256GB Storage)",33999.0,5,0,4.3,17415
ORD-00993,2025-01-15,1996.0,15.97,Computers&Accessories,Accessories&Peripherals,South,Corporate,BESTOR® LCD Writing Tablet/pad 12 inches | Electronic Writing Scribble Board for Kids | Kids Learning Toy | Portable Ruff for LCD Paperless Memo Digital Tablet Notepad E-Writer/Writing/Drawing Pad Home/School/Office (Black),499.0,4,64,3.9,1462
ORD-00994,2025-01-15,164950.0,10474.33,Electronics,"HomeTheater,TV&Video",South,Home Office,Samsung 108 cm (43 inches) Crystal 4K Neo Series Ultra HD Smart LED TV UA43AUE65AKXXL (Black),32990.0,5,31,4.3,7109
ORD-00995,2025-01-15,3596.0,-190.59,Electronics,WearableTechnology,East,Home Office,"Tokdis MX-1 Pro Bluetooth Calling Smartwatch - 1.69” LCD Display, Multiple Watch Faces, Sleep Monitor, Heart & SpO2 Monitoring, Multiple Sports Modes, Water Resistant",899.0,4,74,3.0,681
ORD-00996,2025-01-15,1196.0,6.58,Electronics,Mobiles&Accessories,West,Corporate,Kyosei Advanced Tempered Glass Compatible with Google Pixel 6a with Military-Grade Anti-Explosion Edge-to-Edge Coverage Screen Protector Guard,299.0,4,75,4.5,596
ORD-00997,2025-01-16,4745.0,116.25,Computers&Accessories,Accessories&Peripherals,West,Home Office,"JBL Commercial CSLM20B Auxiliary Omnidirectional Lavalier Microphone with Battery for Content Creation, Voiceover/Dubbing, Recording (Black,Small)",949.0,5,53,3.9,14969
ORD-00998,2025-01-16,12495.0,-181.18,Electronics,WearableTechnology,Central,Corporate,"Fire-Boltt Ring Pro Bluetooth Calling, 1.75” 320*385px High Res, IP68 & SpO2 Monitoring, Pin Code Locking Functionality & Split Screen Access, Built in Mic & Speaker for HD Calls, Black, Free Size",2499.0,5,75,4.0,9090
ORD-00999,2025-01-17,1095.0,18.07,Computers&Accessories,Accessories&Peripherals,South,Consumer,"Amazon Basics USB Type-C to USB-A 2.0 Male Fast Charging Cable for Laptop - 3 Feet (0.9 Meters), Black",219.0,5,69,4.3,20053
ORD-01000,2025-01-17,1095.0,18.07,Computers&Accessories,Accessories&Peripherals,South,Consumer,"Amazon Basics USB Type-C to USB-A 2.0 Male Fast Charging Cable for Laptop - 3 Feet (0.9 Meters), Black",219.0,5,69,4.3,20053
ORD-01001,2025-01-17,1095.0,18.07,Computers&Accessories,Accessories&Peripherals,South,Consumer,"Amazon Basics USB Type-C to USB-A 2.0 Male Fast Charging Cable for Laptop - 3 Feet (0.9 Meters), Black",219.0,5,69,4.3,20052
ORD-01002,2025-01-18,31660.0,2485.31,Electronics,Mobiles&Accessories,West,Consumer,"MI REDMI 9i Sport (Carbon Black, 64 GB) (4 GB RAM)",7915.0,4,21,4.3,1376
ORD-01003,2025-01-18,26495.0,2079.86,Computers&Accessories,"Printers,Inks&Accessories",East,Corporate,Canon PIXMA E477 All-in-One Wireless Ink Efficient Colour Printer (White/Blue),5299.0,5,17,3.9,8280
ORD-01004,2025-01-19,3996.0,119.88,Computers&Accessories,Accessories&Peripherals,West,Home Office,"Tarkan Portable Folding Laptop Desk for Bed, Lapdesk with Handle, Drawer, Cup & Mobile/Tablet Holder for Study, Eating, Work (Black)",999.0,4,60,4.3,1690
ORD-01005,2025-01-19,2712.0,172.21,Home&Kitchen,Kitchen&HomeAppliances,Central,Home Office,"AGARO LR2007 Lint Remover, Rechargeable, for Woolen Sweaters, Blankets, Jackets, Burr Remover, Pill Remover From Carpets, Curtains",678.0,4,55,4.2,900
ORD-01006,2025-01-20,1533.0,16.1,Electronics,"HomeTheater,TV&Video",East,Consumer,"AmazonBasics Flexible Premium HDMI Cable (Black, 4K@60Hz, 18Gbps), 3-Foot",219.0,7,69,4.4,426972
ORD-01007,2025-01-20,1533.0,16.1,Electronics,"HomeTheater,TV&Video",East,Consumer,"AmazonBasics Flexible Premium HDMI Cable (Black, 4K@60Hz, 18Gbps), 3-Foot",219.0,7,69,4.4,426973
ORD-01008,2025-01-22,16495.0,865.99,Home&Kitchen,Kitchen&HomeAppliances,South,Home Office,"Wonderchef Nutri-blend Complete Kitchen Machine | 22000 RPM Mixer Grinder, Blender, Chopper, Juicer | 400W Powerful motor | SS Blades | 4 Unbreakable Jars | 2 Years Warranty | Online Recipe Book By Chef Sanjeev Kapoor | Black",3299.0,5,49,3.7,11217
ORD-01009,2025-01-22,12996.0,805.75,Home&Kitchen,"Heating,Cooling&AirQuality",Central,Consumer,"Candes 10 Litre Perfecto 5 Star Rated Automatic Instant Storage Electric Water Heater with Special Metal Body Anti Rust Coating With Installation Kit, 2KW Geyser (Ivory)",3249.0,4,48,3.9,2569
ORD-01010,2025-01-23,69995.0,4199.7,Electronics,Mobiles&Accessories,East,Home Office,"Samsung Galaxy M13 5G (Stardust Brown, 6GB, 128GB Storage) | 5000mAh Battery | Upto 12GB RAM with RAM Plus",13999.0,5,28,4.1,18998
ORD-01011,2025-01-23,1895.0,39.8,Computers&Accessories,Accessories&Peripherals,South,Corporate,"Synqe USB Type C Fast Charging Cable 2M Charger Cord Data Cable Compatible with Samsung Galaxy M51,Galaxy M31S, S10e S10 S9 S20 Plus, Note10 9 8,M40 A50 A70, Redmi Note 9, Moto G7, Poco F1 (2M, Grey)",379.0,5,66,4.3,3049
ORD-01012,2025-01-24,1245.0,13.69,HomeImprovement,Electrical,East,Consumer,"Gizga Essentials Cable Organiser, Cord Management System for PC, TV, Home Theater, Speaker & Cables, Reusable Cable Organizer for Desk, WFH Accessories, Organizer Tape Roll, Reusable Cable Ties Strap",249.0,5,58,4.5,5985
ORD-01013,2025-01-24,1104.0,50.23,Computers&Accessories,Accessories&Peripherals,East,Home Office,"Duracell Type-C To Micro 1.2M braided Sync & Charge Cable, USB C to Micro Fast Charge Compatible for fast data transmission (Black)",368.0,3,47,4.2,387
ORD-01014,2025-01-25,640.0,59.52,Home&Kitchen,Kitchen&HomeAppliances,South,Home Office,"Ikea 903.391.72 Polypropylene Plastic Solid Bevara Sealing Clip (Multicolour) - 30 Pack, Adjustable",160.0,4,46,4.6,2781
ORD-01015,2025-01-26,4756.0,318.65,Home&Kitchen,Kitchen&HomeAppliances,Central,Corporate,Amazon Basics 650 Watt Drip Coffee Maker with Borosilicate Carafe,1189.0,4,50,4.1,618
ORD-01016,2025-01-26,8994.0,-139.41,Electronics,WearableTechnology,Central,Consumer,"Fire-Boltt Ninja 3 Smartwatch Full Touch 1.69 & 60 Sports Modes with IP68, Sp02 Tracking, Over 100 Cloud based watch faces - Black",1499.0,6,81,4.2,22636
ORD-01017,2025-01-26,1995.0,18.95,Electronics,"Headphones,Earbuds&Accessories",East,Corporate,"Zebronics Zeb Buds C2 in Ear Type C Wired Earphones with Mic, Braided 1.2 Metre Cable, Metallic Design, 10mm Drivers, in Line Mic & Volume Controller (Blue)",399.0,5,43,3.4,3454
ORD-01018,2025-01-26,1196.0,30.5,Computers&Accessories,Accessories&Peripherals,Central,Consumer,"Storite USB Extension Cable USB 3.0 Male to Female Extension Cable High Speed 5GBps Extension Cable Data Transfer for Keyboard, Mouse, Flash Drive, Hard Drive, Printer and More- 1.5M - Blue",299.0,4,63,4.3,1902
ORD-01019,2025-01-26,8994.0,-139.41,Electronics,WearableTechnology,Central,Consumer,"Fire-Boltt Ninja 3 Smartwatch Full Touch 1.69 & 60 Sports Modes with IP68, Sp02 Tracking, Over 100 Cloud based watch faces - Black",1499.0,6,81,4.2,22638
ORD-01020,2025-01-28,1895.0,24.64,Electronics,"HomeTheater,TV&Video",North,Home Office,"TIZUM High Speed HDMI Cable Aura -Gold Plated-High Speed Data 10.2Gbps, 3D, 4K, HD 1080P (10 Ft/ 3 M)",379.0,5,62,4.2,12153
ORD-01021,2025-01-29,1745.0,35.77,Computers&Accessories,Accessories&Peripherals,West,Consumer,AmazonBasics USB Type-C to Micro-B 2.0 Cable - 6 Inches (15.2 Centimeters) - White,349.0,5,61,4.1,14896
ORD-01022,2025-01-30,8634.0,1105.15,Home&Kitchen,"Heating,Cooling&AirQuality",West,Home Office,"Swiffer Instant Electric Water Heater Faucet Tap Home-Kitchen Instantaneous Water Heater Tank less for Tap, LED Electric Head Water Heaters Tail Gallon Comfort(3000W) ((Pack of 1))",1439.0,6,28,4.8,53803
ORD-01023,2025-01-30,7995.0,255.84,Computers&Accessories,NetworkingDevices,South,Corporate,TP-Link TL-WA855RE 300 Mbps Wi-Fi Range Extender (White),1599.0,5,56,4.2,16182
ORD-01024,2025-01-30,1794.0,54.72,Computers&Accessories,Accessories&Peripherals,South,Corporate,"boAt Deuce USB 300 2 in 1 Type-C & Micro USB Stress Resistant, Sturdy Cable with 3A Fast Charging & 480mbps Data Transmission, 10000+ Bends Lifespan and Extended 1.5m Length(Mercurial Black)",299.0,6,57,4.2,94363
ORD-01025,2025-01-30,2400.0,168.0,OfficeProducts,OfficePaperProducts,Central,Corporate,Parker Classic Gold Gold Trim Ball Pen,480.0,5,20,4.3,5719
ORD-01026,2025-01-31,12495.0,955.87,Electronics,Mobiles&Accessories,West,Corporate,"Ambrane 27000mAh Power Bank, 20W Fast Charging, Triple Output, Type C PD (Input & Output), Quick Charge, Li-Polymer, Multi-Layer Protection for iPhone, Smartphones & Other Devices (Stylo Pro, Black)",2499.0,5,17,4.1,3156
ORD-01027,2025-02-02,1980.0,122.76,Home&Kitchen,Kitchen&HomeAppliances,West,Corporate,Wipro Vesta 1200 Watt GD201 Lightweight Automatic Dry Iron| Quick Heat Up| Stylish & Sleek |Anti bacterial German Weilburger Double Coated Soleplate |2 Years Warranty,660.0,3,40,3.6,91
ORD-01028,2025-02-02,32495.0,1819.72,Electronics,Mobiles&Accessories,West,Home Office,"Redmi A1 (Light Green, 2GB RAM 32GB ROM) | Segment Best AI Dual Cam | 5000mAh Battery | Leather Texture Design | Android 12",6499.0,5,28,4.0,7807
ORD-01029,2025-02-03,32495.0,1819.72,Electronics,Mobiles&Accessories,North,Home Office,"Redmi A1 (Black, 2GB RAM, 32GB Storage) | Segment Best AI Dual Cam | 5000mAh Battery | Leather Texture Design | Android 12",6499.0,5,28,4.0,7807
ORD-01030,2025-02-04,1745.0,182.35,Computers&Accessories,Accessories&Peripherals,North,Consumer,MI Braided USB Type-C Cable for Charging Adapter (Red),349.0,5,13,4.4,18757
ORD-01031,2025-02-04,1745.0,182.35,Computers&Accessories,Accessories&Peripherals,North,Consumer,MI Braided USB Type-C Cable for Charging Adapter (Red),349.0,5,13,4.4,18757
ORD-01032,2025-02-04,1745.0,182.35,Computers&Accessories,Accessories&Peripherals,North,Consumer,MI Braided USB Type-C Cable for Charging Adapter (Red),349.0,5,13,4.4,18757
ORD-01033,2025-02-10,5754.0,250.3,Electronics,Accessories,Central,Home Office,"SanDisk Ultra® microSDXC™ UHS-I Card, 128GB, 140MB/s R, 10 Y Warranty, for Smartphones",959.0,6,47,4.4,67259
ORD-01034,2025-02-10,7320.0,918.66,Home&Kitchen,"Heating,Cooling&AirQuality",North,Consumer,Orpat OEH-1260 2000-Watt Fan Heater (Grey),1464.0,5,11,4.1,14120
ORD-01035,2025-02-10,4990.3,563.9,Home&Kitchen,HomeStorage&Organization,East,Corporate,"Cello Eliza Plastic Laundry Bag/Basket, 50 litres, Light Grey",998.06,5,22,4.2,7274
ORD-01036,2025-02-14,4796.0,395.67,Home&Kitchen,Kitchen&HomeAppliances,South,Consumer,KENT 16055 Amaze Cool Touch Electric Kettle 1.8 L 1500 W | Plastic Outer & Stainless Steel Inside body | Auto shut off Over heating protection | Multipurpose hot water Kettle | 1 Year Warranty,1199.0,4,37,4.0,1765
ORD-01037,2025-02-15,27960.0,2166.9,Home&Kitchen,"Heating,Cooling&AirQuality",West,Home Office,Havells Instanio 10 Litre Storage Water Heater with Flexi Pipe and Free installation (White Blue),6990.0,4,51,4.4,1771
ORD-01038,2025-02-16,4995.0,204.8,Electronics,Mobiles&Accessories,North,Consumer,"Ambrane 10000mAh Slim Power Bank, 20W Fast Charging, Dual Output, Type C PD (Input & Output), Quick Charge, Li-Polymer, Multi-Layer Protection for iPhone, Anrdoid & Other Devices (Stylo 10K, Black)",999.0,5,38,4.0,7222
ORD-01039,2025-02-17,649.0,45.11,Home&Kitchen,Kitchen&HomeAppliances,West,Consumer,VAPJA® Portable Mini Juicer Cup Blender USB Rechargeable with 4 Blades for Shakes and Smoothies Fruits Vegetables Juice Maker Grinder Mixer Strong Cutting Bottle Sports Travel Outdoors Gym (BOTTLE),649.0,1,35,3.6,4
ORD-01040,2025-02-18,3995.0,317.6,Home&Kitchen,Kitchen&HomeAppliances,North,Home Office,"HealthSense Weight Machine for Kitchen, Kitchen Food Weighing Scale for Health, Fitness, Home Baking & Cooking with Hanging Design, Touch Button, Tare Function & 1 Year Warranty – Chef-Mate KS 40",799.0,5,47,4.3,9695
ORD-01041,2025-02-18,5495.0,478.07,Home&Kitchen,Kitchen&HomeAppliances,North,Home Office,"HealthSense Chef-Mate KS 33 Digital Kitchen Weighing Scale & Food Weight Machine for Health, Fitness, Home Baking & Cooking with Free Bowl, 1 Year Warranty & Batteries Included",1099.0,5,42,4.3,15276
ORD-01042,2025-02-19,13794.0,-6.9,Electronics,WearableTechnology,South,Home Office,"boAt Xtend Smartwatch with Alexa Built-in, 1.69” HD Display, Multiple Watch Faces, Stress Monitor, Heart & SpO2 Monitoring, 14 Sports Modes, Sleep Monitor, 5 ATM & 7 Days Battery(Charcoal Black)",2299.0,6,71,4.2,69622
ORD-01043,2025-02-19,13794.0,-6.9,Electronics,WearableTechnology,South,Home Office,"boAt Xtend Smartwatch with Alexa Built-in, 1.69” HD Display, Multiple Watch Faces, Stress Monitor, Heart & SpO2 Monitoring, 14 Sports Modes, Sleep Monitor, 5 ATM & 7 Days Battery(Charcoal Black)",2299.0,6,71,4.2,69619
ORD-01044,2025-02-21,3696.0,258.72,Home&Kitchen,Kitchen&HomeAppliances,South,Corporate,USHA EI 1602 1000 W Lightweight Dry Iron with Non-Stick Soleplate (Multi-colour),616.0,6,48,4.1,37126
ORD-01045,2025-02-22,2555.0,19.16,Electronics,"Headphones,Earbuds&Accessories",West,Home Office,boAt BassHeads 100 in-Ear Wired Headphones with Mic (Black),365.0,7,63,4.1,363711
ORD-01046,2025-02-22,39995.0,599.93,Electronics,"HomeTheater,TV&Video",South,Consumer,Kodak 80 cm (32 Inches) HD Ready LED TV Kodak 32HDX900S (Black),7999.0,5,50,3.8,3022
ORD-01047,2025-02-23,16794.0,277.1,Electronics,WearableTechnology,East,Corporate,"Noise ColorFit Ultra SE Smart Watch with 1.75""(4.3cm) HD Display, Aluminium Alloy Body, 60 Sports Modes, Spo2, Lightweight, Stock Market Info, Calls & SMS Reply (Vintage Brown)",2799.0,6,57,4.1,38879
ORD-01048,2025-02-23,13196.0,1042.48,Home&Kitchen,Kitchen&HomeAppliances,Central,Consumer,Black+Decker Handheld Portable Garment Steamer 1500 Watts with Anti Calc (Violet),3299.0,4,34,3.8,1393
ORD-01049,2025-02-23,9996.0,-10.0,Electronics,WearableTechnology,West,Consumer,"Noise Agile 2 Buzz Bluetooth Calling Smart Watch with 1.28"" TFT Display,Dual Button,in-Built Mic & Speaker,AI Voice Assistant, Health Suite,in-Built Games, 100 Watch Faces-(Jet Black)",2499.0,4,58,3.7,828
ORD-01050,2025-02-24,356.0,-10.5,Computers&Accessories,Accessories&Peripherals,East,Consumer,"pTron Solero M241 2.4A Micro USB Data & Charging Cable, Made in India, 480Mbps Data Sync, Durable 1-Meter Long USB Cable for Micro USB Devices (White)",89.0,4,89,3.9,1075
ORD-01051,2025-02-25,5495.0,-247.27,Electronics,"Headphones,Earbuds&Accessories",Central,Consumer,"Boult Audio Airbass Propods X TWS Bluetooth Truly Wireless in Ear Earbuds with Mic, 32H Playtime, Fast Charging Type-C, Ipx5 Water Resistant, Touch Controls and Voice Assistant (Red)",1099.0,5,82,3.5,12966
ORD-01052,2025-02-25,2937.0,168.88,Home&Kitchen,"Heating,Cooling&AirQuality",South,Corporate,SaiEllin Room Heater For Home 2000 Watts Room Heater For Bedroom | ISI Approved With 1 Year Warranty | For 250 Sq. Feet Blower Heater & Room Heaters Home For Winters,979.0,3,51,3.9,157
ORD-01053,2025-02-25,107996.0,5453.8,Electronics,"HomeTheater,TV&Video",South,Home Office,Kodak 126 cm (50 inches) Bezel-Less Design Series 4K Ultra HD Smart Android LED TV 50UHDX7XPROBL (Black),26999.0,4,37,4.2,1510
ORD-01054,2025-02-26,1798.0,114.17,Home&Kitchen,Kitchen&HomeAppliances,Central,Home Office,"Kitchengenix's Mini Waffle Maker 4 Inch- 350 Watts: Stainless Steel Non-Stick Electric Iron Machine for Individual Belgian Waffles, Pan Cakes, Paninis or Other Snacks (Red)",899.0,2,55,4.2,39
ORD-01055,2025-02-27,49850.0,5757.68,Home&Kitchen,"Heating,Cooling&AirQuality",West,Home Office,"Mi Air Purifier 3 with True HEPA Filter, removes air pollutants, smoke, odor, bacteria & viruses with 99.97% efficiency, coverage area up to 484 sq. ft., Wi-Fi & Voice control - Alexa/GA (white)",9970.0,5,23,4.3,4049
ORD-01056,2025-02-27,4396.0,309.92,Home&Kitchen,Kitchen&HomeAppliances,North,Consumer,"Bulfyss USB Rechargeable Lint Remover Fabric Shaver Pet Hair Remover, Effectively and Quickly Remove Fuzz for Clothes, Sweater, Couch, Sofa, Blanket, Curtain, Wool, Cashmere (Grey, 1 Year Warranty)",1099.0,4,45,4.0,604
ORD-01057,2025-02-28,9095.0,1032.28,Home&Kitchen,Kitchen&HomeAppliances,North,Home Office,Borosil Chef Delite BCH20DBB21 300-Watt Chopper (Black),1819.0,5,27,4.4,7946
ORD-01058,2025-02-28,760.0,70.68,Electronics,GeneralPurposeBatteries&BatteryChargers,Central,Home Office,Duracell Chhota Power AA Battery Set of 10 Pcs,190.0,4,14,4.4,2866
ORD-01059,2025-03-01,41996.0,1553.85,Electronics,"HomeTheater,TV&Video",South,Home Office,Kodak 80 cm (32 inches) HD Ready Certified Android Smart LED TV 32HDX7XPROBL (Black),10499.0,4,46,4.2,1510
ORD-01060,2025-03-02,5745.0,281.5,Home&Kitchen,Kitchen&HomeAppliances,East,Corporate,"Lifelong LLMG93 500 Watt Duos Mixer Grinder, 2 Stainless Steel Jar (Liquidizing and Chutney Jar)| ABS Body, Stainless Steel Blades, 3 Speed Options with Whip (1 Year Warranty, Black)",1149.0,5,54,3.8,4383
ORD-01061,2025-03-03,2656.0,158.03,Home&Kitchen,Kitchen&HomeAppliances,East,Consumer,"iBELL Castor CTEK15L Premium 1.5 Litre Stainless Steel Electric Kettle,1500W Auto Cut-Off Feature,Silver",664.0,4,55,4.1,925
ORD-01062,2025-03-04,82495.0,5485.92,Electronics,Mobiles&Accessories,South,Consumer,"iQOO vivo Z6 5G (Chromatic Blue, 6GB RAM, 128GB Storage) | Snapdragon 695-6nm Processor | 120Hz FHD+ Display | 5000mAh Battery",16499.0,5,21,4.0,21350
ORD-01063,2025-03-05,2697.0,160.47,Home&Kitchen,"Heating,Cooling&AirQuality",South,Corporate,Activa Heat-Max 2000 Watts Room Heater (White color ) with ABS body,899.0,3,55,4.1,185
ORD-01064,2025-03-06,64995.0,3899.7,Electronics,Mobiles&Accessories,Central,Corporate,"Samsung Galaxy M13 (Aqua Green, 6GB, 128GB Storage) | 6000mAh Battery | Upto 12GB RAM with RAM Plus",12999.0,5,28,4.1,18998
ORD-01065,2025-03-07,3780.0,311.85,Home&Kitchen,Kitchen&HomeAppliances,West,Home Office,"AGARO Royal Double Layered Kettle, 1.5 Litres, Double Layered Cool Touch , Dry Boiling Protection, Black",1260.0,3,45,4.3,55
ORD-01066,2025-03-07,1550.0,244.9,Home&Kitchen,CraftMaterials,Central,Corporate,"Camel Artist Acrylic Color Box - 9ml Tubes, 12 Shades",310.0,5,0,4.5,5882
ORD-01067,2025-03-07,6396.0,374.17,Home&Kitchen,Kitchen&HomeAppliances,North,Home Office,"KENT Smart Multi Cooker Cum Kettle 1.2 Liter 800 Watts, Electric Cooker with Steamer & Boiler for Idlis, Instant Noodles, Momos, Eggs, & Steam Vegetables, Inner Stainless Steel & Cool Touch Outer Body",1599.0,4,45,3.7,441
ORD-01068,2025-03-08,39996.0,399.96,Electronics,"HomeTheater,TV&Video",South,Corporate,iFFALCON 80 cm (32 inches) HD Ready Smart LED TV 32F53 (Black),9999.0,4,64,4.2,1269
ORD-01069,2025-03-09,4396.0,331.9,Computers&Accessories,Accessories&Peripherals,North,Consumer,"Offbeat® - DASH 2.4GHz Wireless + Bluetooth 5.1 Mouse, Multi-Device Dual Mode Slim Rechargeable Silent Click Buttons Wireless Bluetooth Mouse, 3 Adjustable DPI, Works on 2 devices at the same time with a switch button for Windows/Mac/Android/Ipad/Smart TV",1099.0,4,27,4.2,2375
ORD-01070,2025-03-09,6396.0,111.93,Electronics,"Headphones,Earbuds&Accessories",North,Consumer,"Sony WI-C100 Wireless Headphones with Customizable Equalizer for Deep Bass & 25 Hrs Battery, DSEE-Upscale, Splash Proof, 360RA, Fast Pair, in-Ear Bluetooth Headset with mic for Phone Calls (Black)",1599.0,4,43,3.6,2272
ORD-01071,2025-03-11,3405.0,175.36,Computers&Accessories,Accessories&Peripherals,North,Home Office,"HP X200 Wireless Mouse with 2.4 GHz Wireless connectivity, Adjustable DPI up to 1600, ambidextrous Design, and 18-Month Long Battery Life. 3-Years Warranty (6VY95AA)",681.0,5,43,4.2,8258
ORD-01072,2025-03-11,2756.0,30.32,Electronics,Mobiles&Accessories,South,Corporate,"WeCool B1 Mobile Holder for Bikes or Bike Mobile Holder for Maps and GPS Navigation, one Click Locking, Firm Gripping, Anti Shake and Stable Cradle Clamp with 360° Rotation Bicycle Phone Mount",689.0,4,66,4.3,1193
ORD-01073,2025-03-12,1520.0,161.88,Electronics,GeneralPurposeBatteries&BatteryChargers,South,Corporate,"Duracell Ultra Alkaline D Battery, 2 Pcs",380.0,4,5,4.4,2111
ORD-01074,2025-03-12,189995.0,8929.77,Electronics,"HomeTheater,TV&Video",North,Consumer,VU 139 cm (55 inches) The GloLED Series 4K Smart LED Google TV 55GloLED (Grey),37999.0,5,42,4.3,3587
ORD-01075,2025-03-12,5910.0,322.1,Home&Kitchen,Kitchen&HomeAppliances,North,Corporate,"Inalsa Electric Kettle Prism Inox - 1350 W with LED Illumination & Boro-Silicate Body, 1.8 L Capacity along with Cordless Base, 2 Year Warranty (Black)",1182.0,5,61,4.2,5178
ORD-01076,2025-03-13,49995.0,3574.64,Electronics,"HomeTheater,TV&Video",East,Home Office,Kodak 80 cm (32 inches) HD Ready Certified Android LED TV 32HDX7XPRO (Black),9999.0,5,23,4.2,6088
ORD-01077,2025-03-14,8394.0,419.7,Computers&Accessories,Accessories&Peripherals,North,Corporate,"Dell USB Wireless Keyboard and Mouse Set- KM3322W, Anti-Fade & Spill-Resistant Keys, up to 36 Month Battery Life, 3Y Advance Exchange Warranty, Black",1399.0,6,44,4.2,33717
ORD-01078,2025-03-15,7996.0,471.76,Home&Kitchen,"Heating,Cooling&AirQuality",Central,Consumer,"Havells Glaze 74W Pearl Ivory Gold Ceiling Fan, Sweep: 1200 Mm",1999.0,4,58,4.2,1353
ORD-01079,2025-03-15,34995.0,1294.82,Electronics,"HomeTheater,TV&Video",North,Consumer,VW 80 cm (32 inches) Frameless Series HD Ready LED TV VW32A (Black),6999.0,5,46,4.2,4003
ORD-01080,2025-03-15,38995.0,4620.91,Home&Kitchen,Kitchen&HomeAppliances,Central,Corporate,"Philips EasyTouch Plus Standing Garment Steamer GC523/60 - 1600 Watt, 5 Steam Settings, Up to 32 g/min steam, with Double Pole",7799.0,5,13,4.0,3160
ORD-01081,2025-03-17,67450.0,3271.33,Electronics,"HomeTheater,TV&Video",North,Consumer,Samsung 80 cm (32 Inches) Wondertainment Series HD Ready LED Smart TV UA32T4340BKXXL (Glossy Black),13490.0,5,41,4.3,16299
ORD-01082,2025-03-17,67450.0,3271.33,Electronics,"HomeTheater,TV&Video",North,Consumer,Samsung 80 cm (32 Inches) Wondertainment Series HD Ready LED Smart TV UA32T4340BKXXL (Glossy Black),13490.0,5,41,4.3,16299
ORD-01083,2025-03-18,14396.0,827.77,Home&Kitchen,"Heating,Cooling&AirQuality",West,Home Office,Hindware Atlantic Xceed 5L 3kW Instant Water Heater with Copper Heating Element and High Grade Stainless Steel Tank,3599.0,4,51,3.9,942
ORD-01084,2025-03-18,1196.0,88.5,Home&Kitchen,Kitchen&HomeAppliances,Central,Corporate,"House of Quirk Reusable Sticky Picker Cleaner Easy-Tear Sheets Travel Pet Hair Lint Rollers Brush (10cm Sheet, Set of 3 Rolls, 180 Sheets, 60 Sheets Each roll Lint Roller Remover, Multicolour)",299.0,4,40,3.9,1015
ORD-01085,2025-03-19,16515.0,1304.69,Computers&Accessories,Accessories&Peripherals,North,Corporate,Wacom One by CTL-472/K0-CX Digital Drawing Graphics Pen Tablet (Red & Black) Small (6-inch x 3.5-inch)(15x8cm) | Battery Free Cordless Pen with 2048 Pressure Level,3303.0,5,30,4.4,13544
ORD-01086,2025-03-19,16194.0,1117.39,Home&Kitchen,Kitchen&HomeAppliances,North,Home Office,"Wonderchef Nutri-blend Mixer, Grinder & Blender | Powerful 400W 22000 RPM motor | Stainless steel Blades | 2 unbreakable jars | 2 Years warranty | Online recipe book by Chef Sanjeev Kapoor | Black",2699.0,6,46,4.0,26164
ORD-01087,2025-03-19,9870.0,843.89,Home&Kitchen,"Heating,Cooling&AirQuality",West,Consumer,"AGARO Glory Cool Mist Ultrasonic Humidifier, 4.5Litres, For Large Area, Room, Home, Office, Adjustable Mist Output, Ceramic Ball Filter, Ultra Quiet, 360° Rotatable Nozzle, Auto Shut Off, Grey",3290.0,3,43,4.3,168
ORD-01088,2025-03-21,2994.0,124.25,Computers&Accessories,Accessories&Peripherals,South,Corporate,AmazonBasics 6 Feet DisplayPort to DisplayPort Cable - (Not HDMI Cable) (Gold),499.0,6,55,4.4,25177
ORD-01089,2025-03-21,26694.0,2429.15,Computers&Accessories,ExternalDevices&DataStorage,South,Consumer,"Western Digital WD 1.5TB Elements Portable Hard Disk Drive, USB 3.0, Compatible with PC, PS4 and Xbox, External HDD (WDBU6Y0015BBK-WESN)",4449.0,6,22,4.4,25006
ORD-01090,2025-03-22,2247.0,168.53,Home&Kitchen,Kitchen&HomeAppliances,Central,Home Office,"Amazon Basics 1500 W Electric Kettle (Stainless Steel Body, 1.5 L)",749.0,3,42,4.0,119
ORD-01091,2025-03-23,2394.0,5.99,Electronics,"Headphones,Earbuds&Accessories",North,Consumer,boAt Bassheads 102 Wired in Ear Earphones with Mic (Mint Green),399.0,6,69,4.2,76042
ORD-01092,2025-03-24,654.0,-0.65,Computers&Accessories,NetworkingDevices,North,Corporate,"NK STAR 950 Mbps USB WiFi Adapter Wireless Network Receiver Dongle for Desktop Laptop, (Support- Windows XP/7/8/10 & MAC OS) NOt Support to DVR and HDTV",218.0,3,78,4.2,163
ORD-01093,2025-03-25,11133.0,1386.06,Home&Kitchen,"Heating,Cooling&AirQuality",South,Corporate,Morphy Richards Aristo 2000 Watts PTC Room Heater (White),3711.0,3,17,4.3,356
ORD-01094,2025-03-28,14994.0,224.91,Electronics,WearableTechnology,North,Consumer,"Noise ColorFit Ultra Smart Watch with 1.75"" HD Display, Aluminium Alloy Body, 60 Sports Modes, Spo2, Lightweight, Stock Market Info, Calls & SMS Reply (Space Blue)",2499.0,6,58,4.1,38879
ORD-01095,2025-03-28,11988.0,-119.88,Electronics,WearableTechnology,South,Home Office,"Fire-Boltt Phoenix Smart Watch with Bluetooth Calling 1.3"",120+ Sports Modes, 240*240 PX High Res with SpO2, Heart Rate Monitoring & IP67 Rating",1998.0,6,80,4.3,27709
ORD-01096,2025-03-28,11988.0,-119.88,Electronics,WearableTechnology,South,Home Office,"Fire-Boltt Phoenix Smart Watch with Bluetooth Calling 1.3"",120+ Sports Modes, 240*240 PX High Res with SpO2, Heart Rate Monitoring & IP67 Rating",1998.0,6,80,4.3,27696
ORD-01097,2025-03-28,8994.0,242.84,Electronics,HomeAudio,North,Home Office,"Infinity (JBL Fuze 100, Wireless Portable Bluetooth Speaker with Mic, Deep Bass, Dual Equalizer, IPX7 Waterproof, Rugged Fabric Design (Black)",1499.0,6,50,4.1,25262
ORD-01098,2025-03-29,11994.0,275.86,Electronics,WearableTechnology,West,Corporate,"Noise ColorFit Pulse Grand Smart Watch with 1.69""(4.29cm) HD Display, 60 Sports Modes, 150 Watch Faces, Fast Charge, Spo2, Stress, Sleep, Heart Rate Monitoring & IP68 Waterproof (Electric Blue)",1999.0,6,50,4.0,30254
ORD-01099,2025-03-30,1516.0,75.04,Home&Kitchen,Kitchen&HomeAppliances,Central,Consumer,"Noir Aqua - 5pcs PP Spun Filter + 1 Spanner | for All Types of RO Water purifiers (5 Piece, White, 10 Inch, 5 Micron) - RO Spun Filter Cartridge Sponge Replacement Water Filter Candle",379.0,4,59,4.0,1090
ORD-01100,2025-03-30,3196.0,-63.92,Electronics,"HomeTheater,TV&Video",North,Home Office,7SEVEN® Bluetooth Voice Command Remote for Xiaomi Redmi Mi Smart TV with Netflix & Prime Video Hot Keys XMRM-00A,799.0,4,60,3.3,576
ORD-01101,2025-03-30,9020.0,920.04,Home&Kitchen,"Heating,Cooling&AirQuality",South,Corporate,Crompton Hill Briz Deco 1200mm (48 inch) High Speed Designer Ceiling Fan (Smoked Brown),1804.0,5,24,4.0,15382
ORD-01102,2025-04-01,876.0,105.12,Home&Kitchen,HomeStorage&Organization,Central,Corporate,"Kuber Industries Waterproof Round Laundry Bag/Hamper|Polka Dots Print Print with Handles|Foldable Bin & 45 Liter Capicity|Size 37 x 37 x 49, Pack of 1(Black & White)- CTKTC044992",219.0,4,12,4.0,1108
ORD-01103,2025-04-02,2998.0,-25.48,Electronics,"HomeTheater,TV&Video",North,Consumer,Remote Control Compatible for Amazon Fire Tv Stick Remote Control [ 3rd Gen ](Not Compatible for Fire TV Edition Smart TV) from basesailor,1499.0,2,63,3.7,37
ORD-01104,2025-04-04,1047.0,-36.12,Electronics,"HomeTheater,TV&Video",Central,Consumer,Electvision Remote Control for led Smart tv Compatible with VU Smart Led (Without Voice),349.0,3,83,3.8,197
ORD-01105,2025-04-05,92940.0,6226.98,Electronics,Mobiles&Accessories,West,Home Office,"OPPO A74 5G (Fantastic Purple,6GB RAM,128GB Storage) with No Cost EMI/Additional Exchange Offers",15490.0,6,26,4.2,32916
ORD-01106,2025-04-05,1974.0,-12.83,Electronics,"Headphones,Earbuds&Accessories",West,Home Office,Boult Audio BassBuds X1 in-Ear Wired Earphones with 10mm Extra Bass Driver and HD Sound with mic(Black),329.0,6,67,3.9,77027
ORD-01107,2025-04-05,16794.0,1595.43,Home&Kitchen,Kitchen&HomeAppliances,West,Home Office,"Eureka Forbes Trendy Zip 1000 Watts powerful suction vacuum cleaner with resuable dust bag & 5 accessories,1 year warrantycompact,light weight & easy to use (Black)",2799.0,6,26,3.9,32931
ORD-01108,2025-04-06,8995.0,539.7,Electronics,Mobiles&Accessories,North,Home Office,"Ambrane 20000mAh Power Bank with 20W Fast Charging, Triple Output, Power Delivery, Type C Input, Made in India, Multi-Layer Protection, Li-Polymer + Type C Cable (Stylo-20k, Black)",1799.0,5,28,4.1,18678
ORD-01109,2025-04-06,31495.0,1684.98,Home&Kitchen,"Heating,Cooling&AirQuality",West,Home Office,"Bajaj New Shakti Neo 25L Vertical Storage Water Heater (Geyser 25 Litres) 4 Star BEE Rated Heater For Water Heating with Titanium Armour, Swirl Flow Technology, Glasslined Tank(White), 1 Yr Warranty",6299.0,5,59,4.1,3233
ORD-01110,2025-04-06,8995.0,539.7,Electronics,Mobiles&Accessories,North,Home Office,"Ambrane 20000mAh Power Bank with 20W Fast Charging, Triple Output, Power Delivery, Type C Input, Made in India, Multi-Layer Protection, Li-Polymer + Type C Cable (Stylo-20k, Black)",1799.0,5,28,4.1,18678
ORD-01111,2025-04-08,12450.0,560.25,Electronics,Cameras&Photography,South,Home Office,Qubo Smart Cam 360 from Hero Group | Made in India | 2MP 1080p Full HD | CCTV Wi-Fi Camera | 360 Degree Coverage| Two Way Talk | Mobile App Connectivity | Night Vision | Cloud & SD Card Recording,2490.0,5,38,4.1,3606
ORD-01112,2025-04-09,4794.0,107.86,Electronics,"HomeTheater,TV&Video",East,Consumer,AmazonBasics 6-Feet DisplayPort (not USB port) to HDMI Cable Black,799.0,6,53,4.1,28638
ORD-01113,2025-04-09,3245.0,115.2,Computers&Accessories,Accessories&Peripherals,South,Consumer,"Hp Wired On Ear Headphones With Mic With 3.5 Mm Drivers, In-Built Noise Cancelling, Foldable And Adjustable For Laptop/Pc/Office/Home/ 1 Year Warranty (B4B09Pa)",649.0,5,35,3.5,7222
ORD-01114,2025-04-10,1395.0,-28.6,Electronics,Mobiles&Accessories,West,Corporate,"Tukzer Fully Foldable Tabletop Desktop Tablet Mobile Stand Holder - Angle & Height Adjustable for Desk, Cradle, Dock, Compatible with Smartphones & Tablets (White)",279.0,5,79,4.0,5072
ORD-01115,2025-04-10,7495.0,-183.63,Electronics,WearableTechnology,West,Corporate,"boAt Wave Lite Smartwatch with 1.69"" HD Display, Sleek Metal Body, HR & SpO2 Level Monitor, 140+ Watch Faces, Activity Tracker, Multiple Sports Modes, IP68 & 7 Days Battery Life(Active Black)",1499.0,5,79,3.9,21797
ORD-01116,2025-04-10,7495.0,-183.63,Electronics,WearableTechnology,West,Corporate,"boAt Wave Lite Smartwatch with 1.69"" HD Display, Sleek Metal Body, HR & SpO2 Level Monitor, 140+ Watch Faces, Activity Tracker, Multiple Sports Modes, IP68 & 7 Days Battery Life(Active Black)",1499.0,5,79,3.9,21796
ORD-01117,2025-04-12,2094.0,-7.33,Electronics,Mobiles&Accessories,West,Consumer,"ELV Car Mount Adjustable Car Phone Holder Universal Long Arm, Windshield for Smartphones - Black",349.0,6,65,3.9,46399
ORD-01118,2025-04-12,12796.0,1695.47,Home&Kitchen,Kitchen&HomeAppliances,North,Corporate,Black + Decker BD BXIR2201IN 2200-Watt Cord & Cordless Steam Iron (Green),3199.0,4,9,4.2,1899
ORD-01119,2025-04-13,5877.0,652.35,Home&Kitchen,"Heating,Cooling&AirQuality",East,Consumer,"Crompton Insta Comfort Heater 2000 Watts Heat Convector with Adjustable Thermostats, Hybrid Cyan, Standard (‎ACGRH- INSTACOMFORT)",1959.0,3,18,4.0,237
ORD-01120,2025-04-14,5995.0,77.93,Computers&Accessories,NetworkingDevices,Central,Consumer,Oakter Mini UPS for 12V WiFi Router Broadband Modem | Backup Upto 4 Hours | WiFi Router UPS Power Backup During Power Cuts | UPS for 12V Router Broadband Modem | Current Surge & Deep Discharge Protection,1199.0,5,66,4.1,11716
ORD-01121,2025-04-16,30600.0,3672.0,Home&Kitchen,Kitchen&HomeAppliances,East,Consumer,"Sujata Dynamix DX Mixer Grinder, 900W, 3 Jars (White)",6120.0,5,28,4.6,6550
ORD-01122,2025-04-18,630.0,13.23,Home&Kitchen,Kitchen&HomeAppliances,West,Consumer,"Sui Generis Electric Handheld Milk Wand Mixer Frother for Latte Coffee Hot Milk, Milk Frother, Electric Coffee Beater, Egg Beater, Latte Maker, Mini Hand Blender Cappuccino Maker (Multicolor)",210.0,3,70,3.7,74
ORD-01123,2025-04-18,6496.0,581.39,Home&Kitchen,Kitchen&HomeAppliances,Central,Corporate,"Glen 3 in 1 Electric Multi Cooker - Steam, Cook & Egg Boiler with 350 W (SA 3035MC) - 350 Watts",1624.0,4,35,4.1,827
ORD-01124,2025-04-19,5997.0,-23.99,Electronics,WearableTechnology,West,Home Office,"Newly Launched Boult Dive+ with 1.85"" HD Display, Bluetooth Calling Smartwatch, 500 Nits Brightness, 7 Days Battery Life, 150+ Watch Faces, 100+ Sport Modes, IP68 Waterproof Smart Watch (Jet Black)",1999.0,3,76,4.3,240
ORD-01125,2025-04-21,11934.0,590.73,Electronics,Accessories,North,Corporate,"SanDisk Ultra® microSDXC™ UHS-I Card, 256GB, 150MB/s R, 10 Y Warranty, for Smartphones",1989.0,6,43,4.4,67260
ORD-01126,2025-04-22,4494.0,433.67,Home&Kitchen,Kitchen&HomeAppliances,East,Consumer,Butterfly EKN 1.5-Litre Electric Kettle (Silver with Black),749.0,6,33,4.2,35693
ORD-01127,2025-04-24,2091.0,102.46,Home&Kitchen,Kitchen&HomeAppliances,East,Corporate,SaleOn Instant Coal Heater 500W Charcoal Burner Electric Stove Hot Plate - Mix Colors - Pack of 1 - Only Charcoal Heater,697.0,3,54,3.8,144
ORD-01128,2025-04-24,79995.0,6839.57,Home&Kitchen,Kitchen&HomeAppliances,South,Home Office,"Aquaguard Aura RO+UV+UF+Taste Adjuster(MTDS) with Active Copper & Zinc 7L water purifier,8 stages of purification,suitable for borewell,tanker,municipal water(Black) from Eureka Forbes",15999.0,5,35,4.0,11206
ORD-01129,2025-04-25,796.0,-6.37,Computers&Accessories,Accessories&Peripherals,Central,Consumer,Lapster USB 3.0 A to Micro B SuperSpeed for hard disk cable - short cable,199.0,4,80,4.1,425
ORD-01130,2025-04-26,597.0,-2.39,Computers&Accessories,Components,North,Corporate,"Lapster Caddy for ssd and HDD, Optical Bay 2nd Hard Drive Caddy, Caddy 9.5mm for Laptop",199.0,3,80,4.2,362
ORD-01131,2025-04-26,1545.0,135.96,Computers&Accessories,"Printers,Inks&Accessories",West,Consumer,Epson 003 65 ml for EcoTank L1110/L3100/L3101/L3110/L3115/L3116/L3150/L3151/L3152/L3156/L5190 Black Ink Bottle,309.0,5,24,4.4,8614
ORD-01132,2025-04-27,1596.0,43.09,Electronics,"HomeTheater,TV&Video",North,Consumer,"Caprigo Heavy Duty TV Wall Mount Stand for 12 to 27 inches LED/LCD/Monitor Screen's, Full Motion Rotatable Universal TV & Monitor Wall Mount Bracket with Swivel & Tilt Adjustments (Single Arm - M416)",399.0,4,50,4.1,1161
ORD-01133,2025-04-27,15995.0,1343.58,Home&Kitchen,Kitchen&HomeAppliances,East,Home Office,"Butterfly Smart Mixer Grinder, 750W, 4 Jars (Grey)",3199.0,5,36,4.0,20869
ORD-01134,2025-05-01,13194.0,-145.13,Electronics,WearableTechnology,West,Consumer,"Fire-Boltt India's No 1 Smartwatch Brand Talk 2 Bluetooth Calling Smartwatch with Dual Button, Hands On Voice Assistance, 60 Sports Modes, in Built Mic & Speaker with IP68 Rating",2199.0,6,78,4.2,29471
ORD-01135,2025-05-01,900.0,26.55,Computers&Accessories,Accessories&Peripherals,South,Corporate,Time Office Scanner Replacement Cable for Startek FM220U (Type C) Ivory,225.0,4,55,4.1,789
ORD-01136,2025-05-01,13194.0,-145.13,Electronics,WearableTechnology,West,Consumer,"Fire-Boltt India's No 1 Smartwatch Brand Talk 2 Bluetooth Calling Smartwatch with Dual Button, Hands On Voice Assistance, 60 Sports Modes, in Built Mic & Speaker with IP68 Rating",2199.0,6,78,4.2,29478
ORD-01137,2025-05-01,234995.0,14217.2,Electronics,"HomeTheater,TV&Video",South,Corporate,MI 138.8 cm (55 inches) 5X Series 4K Ultra HD LED Smart Android TV L55M6-ES (Grey),46999.0,5,33,4.3,21252
ORD-01138,2025-05-02,843.0,-66.6,Electronics,WearableTechnology,South,Consumer,SHREENOVA ID116 Plus Bluetooth Fitness Smart Watch for Men Women and Kids Activity Tracker (Black),281.0,3,86,2.8,87
ORD-01139,2025-05-03,1916.0,130.29,Home&Kitchen,Kitchen&HomeAppliances,West,Corporate,"Croma 1100 W Dry Iron with Weilburger Dual Soleplate Coating (CRSHAH702SIR11, White)",479.0,4,52,4.2,1559
ORD-01140,2025-05-03,12995.0,968.13,Electronics,Mobiles&Accessories,West,Corporate,Nokia 150 (2020) (Cyan),2599.0,5,13,3.9,14266
ORD-01141,2025-05-04,1497.0,61.38,Home&Kitchen,Kitchen&HomeAppliances,South,Corporate,LONAXA Mini Travel Rechargeable Fruit Juicer - USB Electric Fruit & Vegetable Juice Blender/Grinder for Home and Office Use (Multicolor)…,499.0,3,62,3.9,65
ORD-01142,2025-05-06,570.0,50.45,OfficeProducts,OfficePaperProducts,West,Corporate,"Classmate Pulse 6 Subject Notebook - Unruled, 300 Pages, Spiral Binding, 240mm*180mm",114.0,5,5,4.2,8938
ORD-01143,2025-05-07,4495.0,200.03,Computers&Accessories,Accessories&Peripherals,North,Corporate,"Amazonbasics Nylon Braided Usb-C To Lightning Cable, Fast Charging Mfi Certified Smartphone, Iphone Charger (6-Foot, Dark Grey)",899.0,5,53,4.4,13552
ORD-01144,2025-05-07,4495.0,200.03,Computers&Accessories,Accessories&Peripherals,North,Corporate,"Amazonbasics Nylon Braided Usb-C To Lightning Cable, Fast Charging Mfi Certified Smartphone, Iphone Charger (6-Foot, Dark Grey)",899.0,5,53,4.4,13552
ORD-01145,2025-05-07,4495.0,200.03,Computers&Accessories,Accessories&Peripherals,North,Corporate,"Amazonbasics Nylon Braided Usb-C To Lightning Cable, Fast Charging Mfi Certified Smartphone, Iphone Charger (6-Foot, Dark Grey)",899.0,5,53,4.4,13552
ORD-01146,2025-05-08,7196.0,877.91,Home&Kitchen,Kitchen&HomeAppliances,South,Consumer,KENT 11054 Alkaline Water Filter Pitcher 3.5 L | Chemical-Free Water with Balanced pH Levels 8.0 to 9.5 | Solves Acidity Issue | Equipped with Carbon and Sediment Filter - Grey,1799.0,4,8,3.9,1888
ORD-01147,2025-05-08,1745.0,137.85,Computers&Accessories,ExternalDevices&DataStorage,North,Home Office,Kingston DataTraveler Exodia DTX/32 GB Pen Drive USB 3.2 Gen 1 (Multicolor),349.0,5,22,4.1,18656
ORD-01148,2025-05-10,83994.0,3359.76,Electronics,"HomeTheater,TV&Video",West,Corporate,Redmi 80 cm (32 inches) Android 11 Series HD Ready Smart LED TV | L32M6-RA/L32M7-RA (Black),13999.0,6,44,4.2,45237
ORD-01149,2025-05-10,1036.0,5.7,Computers&Accessories,Accessories&Peripherals,North,Corporate,Storite USB 2.0 A to Mini 5 pin B Cable for External HDDS/Camera/Card Readers 35cm,259.0,4,63,3.8,2399
ORD-01150,2025-05-10,83994.0,3359.76,Electronics,"HomeTheater,TV&Video",West,Corporate,Redmi 80 cm (32 inches) Android 11 Series HD Ready Smart LED TV | L32M6-RA/L32M7-RA (Black),13999.0,6,44,4.2,45238
ORD-01151,2025-05-11,6188.0,402.22,Home&Kitchen,Kitchen&HomeAppliances,East,Corporate,"Swiss Military VC03 Wireless Car Vacuum Cleaner | Wireless Vacuum Cleaner for Home, Car, Living Room | Wireless Vacuum Cleaner Dust Collection/Lighting Car Pet Hair Vacuum with Powerful Motor",1547.0,4,46,3.9,463
ORD-01152,2025-05-11,716.0,18.26,Computers&Accessories,Accessories&Peripherals,East,Corporate,"Ambrane 60W / 3A Fast Charging Output Cable with Type-C to USB for Mobile, Neckband, True Wireless Earphone Charging, 480mbps Data Sync Speed, 1m Length (ACT - AZ10, Black)",179.0,4,55,4.0,1423
ORD-01153,2025-05-11,716.0,18.26,Computers&Accessories,Accessories&Peripherals,East,Corporate,"Ambrane 60W / 3A Fast Charging Output Cable with Type-C to USB for Mobile, Neckband, True Wireless Earphone Charging, 480mbps Data Sync Speed, 1m Length (ACT - AZ10, Black)",179.0,4,55,4.0,1423
ORD-01154,2025-05-11,716.0,18.26,Computers&Accessories,Accessories&Peripherals,East,Corporate,"Ambrane 60W / 3A Fast Charging Output Cable with Type-C to USB for Mobile, Neckband, True Wireless Earphone Charging, 480mbps Data Sync Speed, 1m Length (ACT - AZ10, Black)",179.0,4,55,4.0,1423
ORD-01155,2025-05-12,12760.0,1301.52,Home&Kitchen,Kitchen&HomeAppliances,Central,Corporate,"PHILIPS Handheld Garment Steamer STH3000/20 - Compact & Foldable, Convenient Vertical Steaming, 1000 Watt Quick Heat Up, up to 20g/min, Kills 99.9%* Bacteria (Reno Blue), Small",3190.0,4,24,4.0,1282
ORD-01156,2025-05-14,28497.0,2123.03,Electronics,Mobiles&Accessories,East,Corporate,"Samsung Galaxy M04 Dark Blue, 4GB RAM, 64GB Storage | Upto 8GB RAM with RAM Plus | MediaTek Helio P35 | 5000 mAh Battery",9499.0,3,21,4.2,284
ORD-01157,2025-05-14,24480.0,3084.48,Home&Kitchen,Kitchen&HomeAppliances,North,Home Office,"Sujata Dynamix, Mixer Grinder, 900 Watts, 3 Jars (White)",6120.0,4,24,4.6,2751
ORD-01158,2025-05-15,1755.0,71.08,Home&Kitchen,HomeStorage&Organization,West,Consumer,"PrettyKrafts Laundry Basket for clothes with Lid & Handles, Toys Organiser, 75 Ltr Black & Grey",351.0,5,65,4.0,5380
ORD-01159,2025-05-15,19494.0,1208.63,Home&Kitchen,Kitchen&HomeAppliances,West,Consumer,Prestige Iris 750 Watt Mixer Grinder with 3 Stainless Steel Jar + 1 Juicer Jar (White and Blue),3249.0,6,48,3.9,43070
ORD-01160,2025-05-15,3207.0,251.75,Home&Kitchen,"Heating,Cooling&AirQuality",North,Consumer,"Candes Gloster All in One Silent Blower Fan Room Heater Ideal for Small and Medium Area, 2000 Watts (White)",1069.0,3,37,3.9,313
ORD-01161,2025-05-16,924.0,115.96,Home&Kitchen,Kitchen&HomeAppliances,North,Consumer,KENT POWP-Sediment Filter 10'' Thread WCAP,231.0,4,11,4.1,490
ORD-01162,2025-05-17,6995.0,-318.27,Electronics,WearableTechnology,West,Consumer,"PTron Newly Launched Force X10 Bluetooth Calling Smartwatch with 1.7"" Full Touch Display, Real Heart Rate Monitor, SpO2, Watch Faces, 5 Days Runtime, Health/Fitness Trackers & IP68 Waterproof (Black)",1399.0,5,77,3.3,4415
ORD-01163,2025-05-18,89994.0,6164.59,Electronics,"HomeTheater,TV&Video",Central,Home Office,OnePlus 80 cm (32 inches) Y Series HD Ready LED Smart Android TV 32Y1 (Black),14999.0,6,25,4.2,34899
ORD-01164,2025-05-18,4796.0,244.6,Home&Kitchen,Kitchen&HomeAppliances,East,Consumer,"Lifelong 2-in1 Egg Boiler and Poacher 500-Watt (Transparent and Silver Grey), Boil 8 eggs, Poach 4 eggs, Easy to clean| 3 Boiling Modes, Stainless Steel Body and Heating Plate, Automatic Turn-Off",1199.0,4,66,4.3,1802
ORD-01165,2025-05-19,2196.0,23.06,Computers&Accessories,"Printers,Inks&Accessories",East,Corporate,"RC PRINT GI 790 Ink Refill for Canon G1000, G1010, G1100, G2000, G2002, G2010, G2012, G2100, G3000, G3010, G3012, G3100, G4000, G4010",549.0,4,73,4.3,1367
ORD-01166,2025-05-19,998.0,72.85,Computers&Accessories,Accessories&Peripherals,West,Home Office,"Amazon Basics Wireless Mouse | 2.4 GHz Connection, 1600 DPI | Type - C Adapter | Upto 12 Months of Battery Life | Ambidextrous Design | Suitable for PC/Mac/Laptop",499.0,2,50,5.0,23
ORD-01167,2025-05-20,34794.0,2992.28,Computers&Accessories,ExternalDevices&DataStorage,Central,Corporate,"Seagate One Touch 2TB External HDD with Password Protection – Black, for Windows and Mac, with 3 yr Data Recovery Services, and 4 Months Adobe CC Photography (STKY2000400)",5799.0,6,28,4.5,50273
ORD-01168,2025-05-20,28495.0,968.83,Electronics,"HomeTheater,TV&Video",North,Consumer,VW 60 cm (24 inches) Premium Series HD Ready LED TV VW24A (Black),5699.0,5,48,4.2,4003
ORD-01169,2025-05-21,6380.0,775.17,Home&Kitchen,Kitchen&HomeAppliances,North,Corporate,ENEM Sealing Machine | 12 Inch (300 mm) | 1 Year Warranty | Full Customer Support | Beep Sound Function | Plastic Packing Machine | Plastic Bag Sealing Machine | Heat Sealer Machine | Plastic Sealing Machine | Blue | Made in India,1595.0,4,11,4.0,2877
ORD-01170,2025-05-21,12888.0,1037.48,Home&Kitchen,Kitchen&HomeAppliances,West,Consumer,Prestige PIC 20 1600 Watt Induction Cooktop with Push button (Black),2148.0,6,41,4.1,31388
ORD-01171,2025-05-22,2396.0,37.14,Home&Kitchen,Kitchen&HomeAppliances,North,Consumer,"Venus Digital Kitchen Weighing Scale & Food Weight Machine for Health, Fitness, Home Baking & Cooking Scale, 2 Year Warranty & Battery Included (Weighing Scale Without Bowl) Capacity 10 Kg, 1 Gm",599.0,4,79,3.9,578
ORD-01172,2025-05-23,23996.0,2063.66,Home&Kitchen,Kitchen&HomeAppliances,Central,Corporate,"Eureka Forbes Supervac 1600 Watts Powerful Suction,bagless Vacuum Cleaner with cyclonic Technology,7 Accessories,1 Year Warranty,Compact,Lightweight & Easy to use (Red)",5999.0,4,40,4.2,1191
ORD-01173,2025-05-23,8995.0,103.44,Electronics,"Headphones,Earbuds&Accessories",East,Home Office,"Noise Buds VS402 Truly Wireless in Ear Earbuds, 35-Hours of Playtime, Instacharge, Quad Mic with ENC, Hyper Sync, Low Latency, 10mm Driver, Bluetooth v5.3 and Breathing LED Lights (Neon Black)",1799.0,5,55,3.9,3517
ORD-01174,2025-05-24,6894.0,468.79,Computers&Accessories,NetworkingDevices,West,Consumer,TP-link N300 WiFi Wireless Router TL-WR845N | 300Mbps Wi-Fi Speed | Three 5dBi high gain Antennas | IPv6 Compatible | AP/RE/WISP Mode | Parental Control | Guest Network,1149.0,6,32,4.2,122478
ORD-01175,2025-05-25,1625.0,5.69,Computers&Accessories,Accessories&Peripherals,East,Home Office,"Wayona Usb Type C Fast Charger Cable Fast Charging Usb C Cable/Cord Compatible For Samsung Galaxy S10E S10 S9 S8 Plus S10+,Note 10 Note 9 Note 8,S20,M31S,M40,Realme X3,Pixel 2 Xl (3 Ft Pack Of 1,Grey)",325.0,5,75,4.2,10576
ORD-01176,2025-05-25,2245.0,93.17,Computers&Accessories,Accessories&Peripherals,West,Home Office,"AirCase Protective Laptop Bag Sleeve fits Upto 13.3"" Laptop/ MacBook, Wrinkle Free, Padded, Waterproof Light Neoprene case Cover Pouch, for Men & Women, Black- 6 Months Warranty",449.0,5,55,4.4,9940
ORD-01177,2025-05-25,1625.0,5.69,Computers&Accessories,Accessories&Peripherals,East,Home Office,"Wayona Usb Type C Fast Charger Cable Fast Charging Usb C Cable/Cord Compatible For Samsung Galaxy S10E S10 S9 S8 Plus S10+,Note 10 Note 9 Note 8,S20,M31S,M40,Realme X3,Pixel 2 Xl (3 Ft Pack Of 1,Grey)",325.0,5,75,4.2,10576
ORD-01178,2025-05-26,159995.0,8959.72,Electronics,"HomeTheater,TV&Video",West,Home Office,MI 108 cm (43 inches) 5X Series 4K Ultra HD LED Smart Android TV L43M6-ES (Grey),31999.0,5,36,4.3,21252
ORD-01179,2025-05-27,2348.0,139.71,Home&Kitchen,Kitchen&HomeAppliances,West,Home Office,"AGARO Classic Portable Yogurt Maker, 1.2L Capacity, Electric, Automatic, Grey and White, Medium (33603)",587.0,4,55,4.1,557
ORD-01180,2025-05-27,18995.0,1719.05,Home&Kitchen,Kitchen&HomeAppliances,West,Consumer,"AmazonBasics Cylinder Bagless Vacuum Cleaner with Power Suction, Low Sound, High Energy Efficiency and 2 Years Warranty (1.5L, Black)",3799.0,5,37,4.2,11935
ORD-01181,2025-05-27,11994.0,275.86,Electronics,WearableTechnology,North,Corporate,"Noise ColorFit Pulse Grand Smart Watch with 1.69"" HD Display, 60 Sports Modes, 150 Watch Faces, Spo2 Monitoring, Call Notification, Quick Replies to Text & Calls (Rose Pink)",1999.0,6,50,4.0,30254
ORD-01182,2025-05-28,8994.0,-62.96,Electronics,WearableTechnology,Central,Corporate,Noise ColorFit Pro 2 Full Touch Control Smart Watch with 35g Weight & Upgraded LCD Display (Deep Wine),1499.0,6,70,4.0,92588
ORD-01183,2025-05-29,5394.0,199.58,Computers&Accessories,NetworkingDevices,West,Corporate,"D-Link DIR-615 Wi-fi Ethernet-N300 Single_band 300Mbps Router, Mobile App Support, Router | AP | Repeater | Client Modes(Black)",899.0,6,50,4.1,22375
ORD-01184,2025-05-29,558.0,58.03,Home&Kitchen,Kitchen&HomeAppliances,East,Consumer,"Oratech Coffee Frother electric, milk frother electric, coffee beater, cappuccino maker, Coffee Foamer, Mocktail Mixer, Coffee Foam Maker, coffee whisker electric, Froth Maker, coffee stirrers electric, coffee frothers, Coffee Blender, (6 Month Warranty) (Multicolour)",279.0,2,44,4.8,28
ORD-01185,2025-05-31,8998.0,107.98,Electronics,WearableTechnology,West,Corporate,"Noise ColorFit Pro 4 Alpha Bluetooth Calling Smart Watch with 1.78 AMOLED Display, Tru Sync, 60hz Refresh Rate, instacharge, Gesture Control, Functional 360 Digital Crown (Jet Black)",4499.0,2,44,3.5,37
ORD-01186,2025-05-31,1974.0,72.05,Computers&Accessories,Accessories&Peripherals,South,Corporate,"boAt Deuce USB 300 2 in 1 Type-C & Micro USB Stress Resistant, Tangle-Free, Sturdy Cable with 3A Fast Charging & 480mbps Data Transmission, 10000+ Bends Lifespan and Extended 1.5m Length(Martian Red)",329.0,6,53,4.2,94364
ORD-01187,2025-05-31,94995.0,7029.63,Electronics,"HomeTheater,TV&Video",North,Consumer,Acer 100 cm (40 inches) P Series Full HD Android Smart LED TV AR40AR2841FDFL (Black),18999.0,5,24,4.3,4702
ORD-01188,2025-05-31,910.0,2.73,Computers&Accessories,Accessories&Peripherals,North,Home Office,"FLiX (Beetel) 3in1 (Type C|Micro|Iphone Lightening) Textured Pattern 3A Fast Charging Cable with QC & PD Support for Type C,Micro USB & Lightning Iphone Cable,Made in India,1.5 Meter Long Cable(T101)",182.0,5,70,4.0,9378
ORD-01189,2025-05-31,1974.0,72.05,Computers&Accessories,Accessories&Peripherals,South,Corporate,"boAt Deuce USB 300 2 in 1 Type-C & Micro USB Stress Resistant, Tangle-Free, Sturdy Cable with 3A Fast Charging & 480mbps Data Transmission, 10000+ Bends Lifespan and Extended 1.5m Length(Martian Red)",329.0,6,53,4.2,94363
ORD-01190,2025-05-31,1974.0,72.05,Computers&Accessories,Accessories&Peripherals,South,Corporate,"boAt Deuce USB 300 2 in 1 Type-C & Micro USB Stress Resistant, Tangle-Free, Sturdy Cable with 3A Fast Charging & 480mbps Data Transmission, 10000+ Bends Lifespan and Extended 1.5m Length(Martian Red)",329.0,6,53,4.2,94364
ORD-01191,2025-05-31,16745.0,1356.35,Home&Kitchen,Kitchen&HomeAppliances,South,Home Office,Maharaja Whiteline Odacio Plus 550-Watt Juicer Mixer Grinder with 3 Jars (Black/Silver),3349.0,5,30,3.7,4200
ORD-01192,2025-06-01,1900.0,121.6,Home&Kitchen,Kitchen&HomeAppliances,Central,Consumer,"Demokrazy New Nova Lint Cum Fuzz Remover for All Woolens Sweaters, Blankets, Jackets Remover Pill Remover from Carpets, Curtains (Pack of 1)",475.0,4,52,4.1,1021
ORD-01193,2025-06-02,4794.0,-47.94,Electronics,Cameras&Photography,North,Corporate,"SYVO WT 3130 Aluminum Tripod (133CM), Universal Lightweight Tripod with Mobile Phone Holder Mount & Carry Bag for All Smart Phones, Gopro, Cameras - Brown",799.0,6,80,4.3,27139
ORD-01194,2025-06-02,6237.0,576.92,Home&Kitchen,Kitchen&HomeAppliances,East,Consumer,Wipro Vesta Grill 1000 Watt Sandwich Maker |Dual function-SW Maker&Griller|Non stick Coat -BPA&PTFE Free |Auto Temp Cut-off| Height Control -180ᶿ&105ᶿ |2 year warranty|SS Finish|Standard size,2079.0,3,33,4.1,282
ORD-01195,2025-06-04,43495.0,4371.25,Home&Kitchen,Kitchen&HomeAppliances,Central,Home Office,"V-Guard Zenora RO+UF+MB Water Purifier | Suitable for water with TDS up to 2000 ppm | 8 Stage Purification with World-class RO Membrane and Advanced UF Membrane | Free PAN India Installation & 1-Year Comprehensive Warranty | 7 Litre, Black",8699.0,5,33,4.3,5891
ORD-01196,2025-06-05,1745.0,-9.6,Electronics,"HomeTheater,TV&Video",North,Home Office,Dealfreez Case Compatible with Fire TV Stick 3rd Gen 2021 Full Wrap Silicone Remote Cover Anti-Lost with Loop (D-Black),349.0,5,77,4.3,4145
ORD-01197,2025-06-06,4995.0,174.82,Electronics,"HomeTheater,TV&Video",Central,Home Office,"10k 8k 4k HDMI Cable, Certified 48Gbps 1ms Ultra High Speed HDMI 2.1 Cable 4k 120Hz 144Hz 2k 165Hz 8k 60Hz Dynamic HDR ARC eARC DTS:X Compatible for Mac Gaming PC Soundbar TV Monitor Laptop PS5 4 Xbox",999.0,5,58,4.6,3664
ORD-01198,2025-06-06,7495.0,-183.63,Electronics,WearableTechnology,West,Home Office,"boAt Wave Lite Smartwatch with 1.69 Inches(4.29cm) HD Display, Heart Rate & SpO2 Level Monitor, Multiple Watch Faces, Activity Tracker, Multiple Sports Modes & IP68 (Scarlet Red)",1499.0,5,79,3.9,21796
ORD-01199,2025-06-07,1596.0,-2.39,Computers&Accessories,Accessories&Peripherals,East,Corporate,Robustrion [Anti-Scratch] & [Smudge Proof] [Bubble Free] Premium Tempered Glass Screen Protector Guard for Samsung Galaxy Tab A8 10.5 inch [SM-X200/X205/X207] 2022,399.0,4,73,4.0,691
ORD-01200,2025-06-09,13951.08,1353.25,Home&Kitchen,"Heating,Cooling&AirQuality",Central,Home Office,"USHA 1212 PTC with Adjustable Thermostat Fan Heater (Black/Brown, 1500-Watts).",3487.77,4,30,4.1,1127
ORD-01201,2025-06-09,7794.0,541.68,Electronics,Mobiles&Accessories,West,Home Office,"Nokia 105 Single SIM, Keypad Mobile Phone with Wireless FM Radio | Blue",1299.0,6,19,4.0,128311
ORD-01202,2025-06-09,8995.0,566.69,Computers&Accessories,NetworkingDevices,South,Home Office,"RESONATE RouterUPS CRU12V2A | Zero Drop | UPS for WiFi Router | Mini UPS | Up to 4 Hours PowerBackup | Battery Replacement Program | Router UPS Compatible with 12V <2A Routers, FTTH, Modem, Set Top Box, Alexa, Mini Camera",1799.0,5,38,4.3,20342
ORD-01203,2025-06-10,77994.0,4211.68,Electronics,Mobiles&Accessories,South,Consumer,"Redmi Note 11 (Horizon Blue, 6GB RAM, 64GB Storage)|90Hz FHD+ AMOLED Display | Qualcomm® Snapdragon™ 680-6nm | 33W Charger Included",12999.0,6,32,4.1,50772
ORD-01204,2025-06-12,3894.0,54.52,Computers&Accessories,Accessories&Peripherals,East,Corporate,"Wayona Nylon Braided (2 Pack) Lightning Fast Usb Data Cable Fast Charger Cord For Iphone, Ipad Tablet (3 Ft Pack Of 2, Grey)",649.0,6,68,4.2,24269
ORD-01205,2025-06-14,2995.0,49.42,Electronics,Mobiles&Accessories,South,Consumer,"Mobilife Bluetooth Extendable Selfie Stick with Tripod Stand and Wireless Remote,3-in-1 Multifunctional Selfie Stick Tripod for iPhone Samsung Mi Realme Oppo Vivo Google More,Black",599.0,5,57,4.1,14560
ORD-01206,2025-06-17,2394.0,80.2,Electronics,"Headphones,Earbuds&Accessories",North,Corporate,realme Buds Classic Wired in Ear Earphones with Mic (Black),399.0,6,43,4.0,37817
ORD-01207,2025-06-17,4794.0,151.01,Electronics,"Headphones,Earbuds&Accessories",Central,Home Office,"JBL C200SI, Premium in Ear Wired Earphones with Mic, Signature Sound, One Button Multi-Function Remote, Angled Earbuds for Comfort fit (Blue)",799.0,6,47,4.1,53648
ORD-01208,2025-06-17,894.0,-21.01,Computers&Accessories,Accessories&Peripherals,Central,Home Office,"pTron Solero TB301 3A Type-C Data and Fast Charging Cable, Made in India, 480Mbps Data Sync, Strong and Durable 1.5-Meter Nylon Braided USB Cable for Type-C Devices for Charging Adapter (Black)",149.0,6,85,3.9,24870
ORD-01209,2025-06-17,94950.0,2373.75,Electronics,"HomeTheater,TV&Video",East,Consumer,TCL 100 cm (40 inches) Full HD Certified Android R Smart LED TV 40S6505 (Black),18990.0,5,54,4.2,6659
ORD-01210,2025-06-17,894.0,-21.01,Computers&Accessories,Accessories&Peripherals,Central,Home Office,"pTron Solero TB301 3A Type-C Data and Fast Charging Cable, Made in India, 480Mbps Data Sync, Strong and Durable 1.5-Meter Nylon Braided USB Cable for Type-C Devices for Charging Adapter (Black)",149.0,6,85,3.9,24871
ORD-01211,2025-06-17,894.0,-21.01,Computers&Accessories,Accessories&Peripherals,Central,Home Office,"pTron Solero TB301 3A Type-C Data and Fast Charging Cable, Made in India, 480Mbps Data Sync, Strong and Durable 1.5-Meter Nylon Braided USB Cable for Type-C Devices for Charging Adapter (Black)",149.0,6,85,3.9,24870
ORD-01212,2025-06-18,14995.0,15.0,Electronics,WearableTechnology,South,Consumer,"Fire-Boltt Ring 3 Smart Watch 1.8 Biggest Display with Advanced Bluetooth Calling Chip, Voice Assistance,118 Sports Modes, in Built Calculator & Games, SpO2, Heart Rate Monitoring",2999.0,5,70,4.2,20879
ORD-01213,2025-06-18,14995.0,15.0,Electronics,WearableTechnology,South,Consumer,"Fire-Boltt Ring 3 Smart Watch 1.8 Biggest Display with Advanced Bluetooth Calling Chip, Voice Assistance,118 Sports Modes, in Built Calculator & Games, SpO2, Heart Rate Monitoring",2999.0,5,70,4.2,20881
ORD-01214,2025-06-18,1000.0,96.0,OfficeProducts,OfficePaperProducts,Central,Corporate,Classmate Octane Neon- 25 Blue Gel Pens | Smooth Writing Pens| Water-proof Ink For Smudge-free Writing| Preferred By Students For Exam & Class Notes| Study At Home Essential,250.0,4,0,4.2,2628
ORD-01215,2025-06-19,2495.0,167.17,Home&Kitchen,Kitchen&HomeAppliances,Central,Home Office,"SHOPTOSHOP Electric Lint Remover, Best Lint Shaver for Clothes,Lint Remover for Woolen Clothes ,Lint Remover for Sweaters",499.0,5,50,4.1,4859
ORD-01216,2025-06-19,350.0,5.07,Computers&Accessories,Accessories&Peripherals,West,Home Office,"KLAM LCD Writing Tablet Screenwriting Toys Board Smart Digital E-Note Pad 8.5 Inch Light Weight Magic Slate for Drawing Playing Noting by Kids and Adults Best Birthday Gift Girls Boys, Multicolor",175.0,2,65,4.1,21
ORD-01217,2025-06-19,396.0,-10.69,Computers&Accessories,Accessories&Peripherals,West,Corporate,Sounce Spiral Charger Cable Protector Data Cable Saver Charging Cord Protective Cable Cover Headphone MacBook Laptop Earphone Cell Phone Set of 3 (Cable Protector (12 Units)),99.0,4,90,4.0,1396
ORD-01218,2025-06-19,612.0,-10.4,Electronics,"HomeTheater,TV&Video",East,Home Office,Tata Sky Universal Remote Compatible for SD/HD,204.0,3,66,3.6,339
ORD-01219,2025-06-19,396.0,-10.69,Computers&Accessories,Accessories&Peripherals,West,Corporate,Sounce Spiral Charger Cable Protector Data Cable Saver Charging Cord Protective Cable Cover Headphone MacBook Laptop Earphone Cell Phone Set of 3 (Cable Protector (12 Units)),99.0,4,90,4.0,1396
ORD-01220,2025-06-20,137994.0,8624.63,Electronics,Mobiles&Accessories,Central,Consumer,"Redmi Note 11 Pro + 5G (Stealth Black, 8GB RAM, 256GB Storage) | 67W Turbo Charge | 120Hz Super AMOLED Display | Additional Exchange Offers | Charger Included",22999.0,6,21,3.9,25824
ORD-01221,2025-06-20,9356.0,626.85,Car&Motorbike,CarAccessories,South,Home Office,"Reffair AX30 [MAX] Portable Air Purifier for Car, Home & Office | Smart Ionizer Function | H13 Grade True HEPA Filter [Internationally Tested] Aromabuds Fragrance Option - Black",2339.0,4,42,3.8,1118
ORD-01222,2025-06-21,1076.0,-2.15,Computers&Accessories,Accessories&Peripherals,Central,Corporate,"Gizga Essentials Laptop Bag Sleeve Case Cover Pouch with Handle for 14.1 Inch Laptop for Men & Women, Padded Laptop Compartment, Premium Zipper Closure, Water Repellent Nylon Fabric, Grey",269.0,4,76,4.1,1092
ORD-01223,2025-06-21,3594.0,16.17,Electronics,"Headphones,Earbuds&Accessories",North,Corporate,"ZEBRONICS Zeb-Thunder Bluetooth Wireless Over Ear Headphone FM, mSD, 9 hrs Playback with Mic (Black)",599.0,6,57,3.8,60026
ORD-01224,2025-06-22,1812.0,122.31,Home&Kitchen,Kitchen&HomeAppliances,Central,Corporate,"SAIELLIN Electric Lint Remover for Clothes Fabric Shaver Lint Shaver for Woolen Clothes Blanket Jackets Stainless Steel Blades, Clothes and Furniture Lint Roller for Fabrics Portable Lint Shavers (White Orange)",453.0,4,55,4.3,610
ORD-01225,2025-06-22,4543.0,159.01,Computers&Accessories,NetworkingDevices,East,Consumer,"TP-LINK WiFi Dongle 300 Mbps Mini Wireless Network USB Wi-Fi Adapter for PC Desktop Laptop(Supports Windows 11/10/8.1/8/7/XP, Mac OS 10.9-10.15 and Linux, WPS, Soft AP Mode, USB 2.0) (TL-WN823N),Black",649.0,7,54,4.2,179691
ORD-01226,2025-06-24,8495.0,1027.9,Home&Kitchen,Kitchen&HomeAppliances,Central,Home Office,"KENT 16025 Sandwich Grill 700W | Non-Toxic Ceramic Coating | Automatic Temperature Cut-off with LED Indicator | Adjustable Height Control, Metallic Silver, Standard",1699.0,5,14,4.1,4716
ORD-01227,2025-06-24,894.0,84.04,Home&Kitchen,Kitchen&HomeAppliances,Central,Home Office,"FABWARE Lint Remover for Clothes - Sticky Lint Roller for Clothes, Furniture, Wool, Coat, Car Seats, Carpet, Fabric, Dust Cleaner, Pet Hair Remover with 1 Handle & 1 Refill Total 60 Sheets & 1 Cover",298.0,3,40,4.4,290
ORD-01228,2025-06-25,54995.0,3382.19,Electronics,Mobiles&Accessories,North,Home Office,"Samsung Galaxy M13 (Aqua Green, 4GB, 64GB Storage) | 6000mAh Battery | Upto 8GB RAM with RAM Plus",10999.0,5,27,4.1,18998
ORD-01229,2025-06-25,1338.0,-16.72,Home&Kitchen,Kitchen&HomeAppliances,West,Consumer,"Personal Size Blender, Portable Blender, Battery Powered USB Blender, with Four Blades, Mini Blender Travel Bottle for Juice, Shakes, and Smoothies (Pink)",669.0,2,55,2.3,13
ORD-01230,2025-06-27,3595.0,287.6,Home&Kitchen,"Heating,Cooling&AirQuality",West,Corporate,Havells Immersion HB15 1500 Watt (White Blue),719.0,5,44,4.2,17218
ORD-01231,2025-06-27,615.0,0.92,Electronics,"HomeTheater,TV&Video",North,Home Office,Sony TV - Remote Compatible for Sony LED Remote Control Works with Sony LED TV by Trend Trail Speed tech & Remote hi Remote & REO India only,205.0,3,59,3.8,313
ORD-01232,2025-06-28,1047.0,38.22,Computers&Accessories,Accessories&Peripherals,North,Home Office,"oraimo 65W Type C to C Fast Charging Cable USB C to USB C Cable High Speed Syncing, Nylon Braided 1M length with LED Indicator Compatible For Laptop, Macbook, Samsung Galaxy S22 S20 S10 S20Fe S21 S21 Ultra A70 A51 A71 A50S M31 M51 M31S M53 5G",349.0,3,61,4.5,149
ORD-01233,2025-06-28,1047.0,38.22,Computers&Accessories,Accessories&Peripherals,North,Home Office,"oraimo 65W Type C to C Fast Charging Cable USB C to USB C Cable High Speed Syncing, Nylon Braided 1M length with LED Indicator Compatible For Laptop, Macbook, Samsung Galaxy S22 S20 S10 S20Fe S21 S21 Ultra A70 A51 A71 A50S M31 M51 M31S M53 5G",349.0,3,61,4.5,149
ORD-01234,2025-06-30,3796.0,222.07,Home&Kitchen,Kitchen&HomeAppliances,North,Consumer,"Rico Japanese Technology Rechargeable Wireless Electric Chopper with Replacement Warranty - Stainless Steel Blades, One Touch Operation, 10 Seconds Chopping, Mincing Vegetable, Meat - 250 ML, 30 Watts",949.0,4,53,4.0,1679
ORD-01235,2025-07-01,89994.0,9899.34,Electronics,"HomeTheater,TV&Video",South,Corporate,Mi 80 cm (32 inches) HD Ready Android Smart LED TV 4A PRO | L32M5-AL (Black),14999.0,6,0,4.3,27508
ORD-01236,2025-07-03,1645.0,9.05,Electronics,Mobiles&Accessories,South,Consumer,Myvn 30W Warp/20W Dash Charging Usb Type C Charger Cable Compatible For Cellular Phones Oneplus 8T 8 8Pro 7 Pro / 7T / 7T Pro Nord And Oneplus 3 / 3T / 5 / 5T / 6 / 6T / 7,329.0,5,67,4.2,3492
ORD-01237,2025-07-03,1497.0,97.3,Home&Kitchen,"Heating,Cooling&AirQuality",West,Consumer,"Larrito wooden Cool Mist Humidifiers Essential Oil Diffuser Aroma Air Humidifier with Colorful Change for Car, Office, Babies, humidifiers for home, air humidifier for room (WOODEN HUMIDIFIRE-A)",499.0,3,38,3.6,212
ORD-01238,2025-07-04,716.0,18.26,Computers&Accessories,Accessories&Peripherals,North,Corporate,"Ambrane 60W / 3A Fast Charging Output Cable with Type-C to USB for Mobile, Neckband, True Wireless Earphone Charging, 480mbps Data Sync Speed, 1m Length (ACT - AZ10, White)",179.0,4,55,4.0,1423
ORD-01239,2025-07-04,139995.0,8679.69,Electronics,"HomeTheater,TV&Video",West,Home Office,Acer 127 cm (50 inches) I Series 4K Ultra HD Android Smart LED TV AR50AR2851UDFL (Black),27999.0,5,32,4.3,4703
ORD-01240,2025-07-05,1345.0,-9.41,Computers&Accessories,NetworkingDevices,Central,Consumer,"Gizga Essentials USB WiFi Adapter for PC, 150 Mbps Wireless Network Adapter for Desktop - Nano Size WiFi Dongle Compatible with Windows, Mac OS & Linux Kernel | WPA/WPA2 Encryption Standards| Black",269.0,5,66,3.6,10134
ORD-01241,2025-07-05,6745.0,333.88,Computers&Accessories,Accessories&Peripherals,East,Corporate,"HP USB Wireless Spill Resistance Keyboard and Mouse Set with 10m Working Range 2.4G Wireless Technology / 3 Years Warranty (4SC12PA), Black",1349.0,5,39,4.0,7113
ORD-01242,2025-07-05,2695.0,-24.26,Electronics,Mobiles&Accessories,South,Corporate,"WeCool Bluetooth Extendable Selfie Sticks with Wireless Remote and Tripod Stand, 3-in-1 Multifunctional Selfie Stick with Tripod Stand Compatible with iPhone/OnePlus/Samsung/Oppo/Vivo and All Phones",539.0,5,66,3.8,14648
ORD-01243,2025-07-05,1345.0,-9.41,Computers&Accessories,NetworkingDevices,Central,Consumer,"Gizga Essentials USB WiFi Adapter for PC, 150 Mbps Wireless Network Adapter for Desktop - Nano Size WiFi Dongle Compatible with Windows, Mac OS & Linux Kernel | WPA/WPA2 Encryption Standards| Black",269.0,5,66,3.6,10134
ORD-01244,2025-07-06,4995.0,249.75,Computers&Accessories,Accessories&Peripherals,East,Home Office,"AmazonBasics New Release Nylon USB-A to Lightning Cable Cord, MFi Certified Charger for Apple iPhone, iPad, Silver, 6-Ft",999.0,5,52,4.5,5492
ORD-01245,2025-07-06,956.0,3.82,Electronics,Mobiles&Accessories,West,Corporate,"FLiX Usb Charger,Flix (Beetel) Bolt 2.4 Dual Poart,5V/2.4A/12W Usb Wall Charger Fast Charging,Adapter For Android/Iphone 11/Xs/Xs Max/Xr/X/8/7/6/Plus,Ipad Pro/Air 2/Mini 3/4,Samsung S4/S5 & More-Black",239.0,4,60,3.9,2147
ORD-01246,2025-07-06,5215.0,505.86,Home&Kitchen,Kitchen&HomeAppliances,South,Home Office,Prestige PKGSS 1.7L 1500W Electric Kettle (Stainless Steel),1043.0,5,22,3.8,15592
ORD-01247,2025-07-07,1600.0,89.6,Home&Kitchen,HomeStorage&Organization,East,Home Office,"PrettyKrafts Laundry Bag / Basket for Dirty Clothes, Folding Round Laundry Bag,Set of 2, Black Wave",320.0,5,60,4.2,3846
ORD-01248,2025-07-09,3597.0,143.88,Home&Kitchen,Kitchen&HomeAppliances,Central,Home Office,Activa Easy Mix Nutri Mixer Grinder 500 Watt | Long Lasting Shock Proof ABS Body | Heavy Duty Motor With Nano - Grinding Technology,1199.0,3,60,3.8,133
ORD-01249,2025-07-09,6995.0,538.62,Electronics,Mobiles&Accessories,West,Consumer,"Motorola a10 Dual Sim keypad Mobile with 1750 mAh Battery, Expandable Storage Upto 32GB, Wireless FM with Recording - Rose Gold",1399.0,5,14,4.0,9378
ORD-01250,2025-07-09,2850.0,146.78,Computers&Accessories,Accessories&Peripherals,South,Corporate,Portronics MPORT 31C 4-in-1 USB Hub (Type C to 4 USB-A Ports) with Fast Data Transfer,570.0,5,43,4.2,3201
ORD-01251,2025-07-10,25497.0,1287.6,Electronics,Mobiles&Accessories,North,Corporate,"POCO C31 (Royal Blue, 64 GB) (4 GB RAM)",8499.0,3,29,3.9,276
ORD-01252,2025-07-10,3200.0,276.8,Home&Kitchen,"Heating,Cooling&AirQuality",North,Consumer,Crompton IHL 251 1500-Watt Immersion Water Heater with Copper Heating Element and IP 68 Protection,640.0,5,37,4.1,5059
ORD-01253,2025-07-11,2495.0,178.39,Home&Kitchen,Kitchen&HomeAppliances,South,Consumer,"Bajaj DX-2 600W Dry Iron with Advance Soleplate and Anti-Bacterial German Coating Technology, Grey",499.0,5,47,4.1,3036
ORD-01254,2025-07-11,4494.0,332.56,Home&Kitchen,Kitchen&HomeAppliances,West,Consumer,"Prestige 1.5 Litre Kettle 1500-watts, Red",749.0,6,40,3.9,31783
ORD-01255,2025-07-13,195.0,-8.29,Computers&Accessories,Accessories&Peripherals,North,Home Office,GIZGA essentials Universal Silicone Keyboard Protector Skin for 15.6-inches Laptop (5 x 6 x 3 inches),39.0,5,87,3.5,15233
ORD-01256,2025-07-14,1047.0,19.89,Electronics,"HomeTheater,TV&Video",Central,Home Office,7SEVEN® Suitable Sony Tv Remote Original Bravia for Smart Android Television Compatible for Any Model of LCD LED OLED UHD 4K Universal Sony Remote Control,349.0,3,50,3.9,214
ORD-01257,2025-07-14,1995.0,24.94,Computers&Accessories,Accessories&Peripherals,Central,Home Office,"Wayona Nylon Braided Lightning USB Data Sync & 3A Charging Cable for iPhones, iPad Air, iPad Mini, iPod Nano and iPod Touch (3 FT Pack of 1, Grey)",399.0,5,69,4.2,13120
ORD-01258,2025-07-15,596.0,52.75,Electronics,GeneralPurposeBatteries&BatteryChargers,East,Consumer,Eveready 1015 Carbon Zinc AA Battery - 10 Pieces,149.0,4,17,4.4,644
ORD-01259,2025-07-18,239950.0,14876.9,Electronics,"HomeTheater,TV&Video",West,Corporate,Samsung 138 cm (55 inches) Crystal 4K Neo Series Ultra HD Smart LED TV UA55AUE65AKXXL (Black),47990.0,5,32,4.3,7109
ORD-01260,2025-07-18,1758.0,127.46,Home&Kitchen,Kitchen&HomeAppliances,West,Corporate,Glun Multipurpose Portable Electronic Digital Weighing Scale Weight Machine (10 Kg - with Back Light),293.0,6,41,3.9,44994
ORD-01261,2025-07-18,1196.0,-17.94,Electronics,"HomeTheater,TV&Video",South,Corporate,Crypo™ Universal Remote Compatible with Tata Sky Universal HD & SD Set top Box (Also Works with All TV),299.0,4,70,3.8,928
ORD-01262,2025-07-18,1170.0,62.6,Home&Kitchen,HomeStorage&Organization,West,Consumer,"PrettyKrafts Laundry Square Shape Basket Bag/Foldable/Multipurpose/Carry Handles/Slanting Lid for Home, Cloth Storage,(Single) Jute Grey",390.0,3,51,3.8,287
ORD-01263,2025-07-19,1996.0,-17.96,Electronics,Mobiles&Accessories,West,Corporate,"Sounce 360 Adjustable Mobile Phone Holder, Universal Phone Holder Clip Lazy Bracket Flexible Gooseneck Clamp Long Arms Mount for Mobile Tabletop Stand for Bedroom, Office, Bathroom, White",499.0,4,74,4.1,1475
ORD-01264,2025-07-22,1598.0,166.99,Home&Kitchen,"Heating,Cooling&AirQuality",North,Home Office,"Portable, Handy Compact Plug-in Portable Digital Electric Heater Fan Wall-Outlet Handy Air Warmer Blower Adjustable Timer Digital Display Heater for Home/Office/Camper (Black, 400 Watts)",799.0,2,33,4.4,17
ORD-01265,2025-07-23,1745.0,78.53,Computers&Accessories,Accessories&Peripherals,East,Home Office,"boAt Type-c A400 Type-c to USB A Cable for All Type C Phones (Lg nexus 5x), 1Mtr(Black)",349.0,5,50,4.3,20850
ORD-01266,2025-07-24,1412.0,61.42,Home&Kitchen,Kitchen&HomeAppliances,East,Consumer,"GILTON Egg Boiler Electric Automatic Off 7 Egg Poacher for Steaming, Cooking Also Boiling and Frying, Multi Color",353.0,4,71,4.3,629
ORD-01267,2025-07-24,9996.0,549.78,Home&Kitchen,"Heating,Cooling&AirQuality",South,Corporate,Maharaja Whiteline Lava Neo 1200-Watts Halogen Heater (White and Red),2499.0,4,50,3.8,1889
ORD-01268,2025-07-25,19156.0,1522.9,Home&Kitchen,Kitchen&HomeAppliances,West,Home Office,"AGARO Supreme High Pressure Washer, 1800 Watts, 120 Bars, 6.5L/Min Flow Rate, 8 Meters Outlet Hose, Portable, for Car,Bike and Home Cleaning Purpose, Black and Orange",4789.0,4,47,4.3,1017
ORD-01269,2025-07-26,7595.0,713.93,Computers&Accessories,Accessories&Peripherals,West,Consumer,"ESR USB C to Lightning Cable, 10 ft (3 m), MFi-Certified, Braided Nylon Power Delivery Fast Charging for iPhone 14/14 Plus/14 Pro/14 Pro Max, iPhone 13/12/11/X/8 Series, Use with Type-C Chargers, Black",1519.0,5,20,4.4,19763
ORD-01270,2025-07-26,8997.0,1012.16,Home&Kitchen,Kitchen&HomeAppliances,East,Home Office,"PHILIPS Drip Coffee Maker HD7432/20, 0.6 L, Ideal for 2-7 cups, Black, Medium",2999.0,3,17,4.0,178
ORD-01271,2025-07-26,2896.0,231.68,Home&Kitchen,"Heating,Cooling&AirQuality",West,Corporate,Homeistic Applience™ Instant Electric Water Heater Faucet Tap For Kitchen And Bathroom Sink Digital Water Heating Tap with Shower Head ABS Body- Shock Proof (Pack Of 1. White),1448.0,2,52,4.5,19
ORD-01272,2025-07-26,9245.0,1220.34,Home&Kitchen,Kitchen&HomeAppliances,Central,Consumer,Philips GC1920/28 1440-Watt Non-Stick Soleplate Steam Iron,1849.0,5,12,4.3,7681
ORD-01273,2025-07-31,9996.0,744.7,Home&Kitchen,"Heating,Cooling&AirQuality",East,Home Office,"Havells Cista Room Heater, White, 2000 Watts",2499.0,4,37,3.8,2732
ORD-01274,2025-07-31,10495.0,498.51,Computers&Accessories,NetworkingDevices,West,Consumer,"Airtel AMF-311WW Data Card (Black), 4g Hotspot Support with 2300 Mah Battery",2099.0,5,35,3.8,11213
ORD-01275,2025-08-03,10596.0,974.83,Computers&Accessories,Accessories&Peripherals,East,Corporate,"Redragon K617 Fizz 60% Wired RGB Gaming Keyboard, 61 Keys Compact Mechanical Keyboard w/White and Grey Color Keycaps, Linear Red Switch, Pro Driver/Software Supported",2649.0,4,24,4.5,1271
ORD-01276,2025-08-03,1472.0,105.25,Home&Kitchen,Kitchen&HomeAppliances,South,Consumer,Themisto 350 Watts Egg Boiler-Blue,368.0,4,47,4.1,1240
ORD-01277,2025-08-05,1494.0,76.19,Computers&Accessories,Accessories&Peripherals,South,Home Office,"Ambrane Unbreakable 60W / 3A Fast Charging 1.5m Braided Type C to Type C Cable for Smartphones, Tablets, Laptops & Other Type C Devices, PD Technology, 480Mbps Data Sync (RCTT15, Black)",249.0,6,38,4.0,43994
ORD-01278,2025-08-05,2995.0,175.21,Computers&Accessories,Accessories&Peripherals,East,Consumer,"HP 150 Wireless USB Mouse with Ergonomic and ambidextrous Design, 1600 DPI Optical Tracking, 2.4 GHz Wireless connectivity, Dual-Function Scroll Wheel and 12 Month Long Battery Life. 3-Years Warranty.",599.0,5,33,4.0,4018
ORD-01279,2025-08-05,1494.0,76.19,Computers&Accessories,Accessories&Peripherals,South,Home Office,"Ambrane Unbreakable 60W / 3A Fast Charging 1.5m Braided Type C to Type C Cable for Smartphones, Tablets, Laptops & Other Type C Devices, PD Technology, 480Mbps Data Sync (RCTT15, Black)",249.0,6,38,4.0,43994
ORD-01280,2025-08-06,4995.0,204.8,Electronics,Mobiles&Accessories,West,Consumer,"Ambrane 10000mAh Slim Power Bank, 20W Fast Charging, Dual Output, Type C PD (Input & Output), Quick Charge, Li-Polymer, Multi-Layer Protection for iPhone, Anrdoid & Other Devices (Stylo 10K, Green)",999.0,5,38,4.0,7222
ORD-01281,2025-08-06,11400.0,1191.3,Home&Kitchen,Kitchen&HomeAppliances,West,Corporate,"Prestige Delight PRWO Electric Rice Cooker (1 L, White)",2280.0,5,25,4.1,4118
ORD-01282,2025-08-10,8394.0,486.85,Computers&Accessories,NetworkingDevices,East,Consumer,"TP-Link AC1300 USB WiFi Adapter (Archer T3U) - 2.4G/5G Dual Band Mini Wireless Network Adapter for PC Desktop, MU-MIMO Wi-Fi Dongle, USB 3.0, Supports Windows 11,10, 8.1, 8, 7, XP/Mac OS 10.15 and earlier",1399.0,6,44,4.4,23169
ORD-01283,2025-08-10,650.0,66.62,Home&Kitchen,CraftMaterials,North,Corporate,"3M Scotch Double Sided Heavy Duty Tape(1m holds 4.5Kgs) for indoor hanging applications (Photo frames, Mirrors, Key Holders, Car Interiors, Extension Boards, Wall decoration, etc)(L: 3m, W: 24mm)",130.0,5,21,3.9,14778
ORD-01284,2025-08-10,380.0,-5.89,Electronics,Mobiles&Accessories,Central,Home Office,"STRIFF 12 Pieces Highly Flexible Silicone Micro USB Protector, Mouse Cable Protector, Suit for All Cell Phones, Computers and Chargers (White)",95.0,4,81,4.2,1949
ORD-01285,2025-08-10,77994.0,7487.42,Electronics,Mobiles&Accessories,South,Corporate,"Samsung Galaxy M32 Prime Edition (Light Blue, 4GB RAM, 64GB)",12999.0,6,4,4.1,56098
ORD-01286,2025-08-10,380.0,-5.89,Electronics,Mobiles&Accessories,Central,Home Office,"STRIFF 12 Pieces Highly Flexible Silicone Micro USB Protector, Mouse Cable Protector, Suit for All Cell Phones, Computers and Chargers (White)",95.0,4,81,4.2,1949
ORD-01287,2025-08-11,17995.0,1106.69,Home&Kitchen,"Heating,Cooling&AirQuality",South,Consumer,Crompton Gracee 5-L Instant Water Heater (Geyser),3599.0,5,51,4.0,10324
ORD-01288,2025-08-11,3000.0,426.0,Home&Kitchen,Kitchen&HomeAppliances,West,Home Office,HUL Pureit Germkill kit for Classic 23 L water purifier - 1500 L Capacity,600.0,5,0,4.1,10907
ORD-01289,2025-08-13,1794.0,84.32,Computers&Accessories,Accessories&Peripherals,West,Consumer,"Dell MS116 1000Dpi USB Wired Optical Mouse, Led Tracking, Scrolling Wheel, Plug and Play.",299.0,6,54,4.5,33176
ORD-01290,2025-08-15,3495.0,186.98,Home&Kitchen,"Heating,Cooling&AirQuality",South,Consumer,Monitor AC Stand/Heavy Duty Air Conditioner Outdoor Unit Mounting Bracket,699.0,5,59,4.1,3524
ORD-01291,2025-08-17,8043.0,305.63,Electronics,Mobiles&Accessories,South,Consumer,"Mi 10000mAH Li-Polymer, Micro-USB and Type C Input Port, Power Bank 3i with 18W Fast Charging (Midnight Black)",1149.0,7,48,4.3,178912
ORD-01292,2025-08-19,5380.0,513.79,Home&Kitchen,Kitchen&HomeAppliances,North,Consumer,"Milton Go Electro 2.0 Stainless Steel Electric Kettle, 1 Piece, 2 Litres, Silver | Power Indicator | 1500 Watts | Auto Cut-off | Detachable 360 Degree Connector | Boiler for Water",1345.0,4,23,3.8,2466
ORD-01293,2025-08-19,1497.0,130.24,Home&Kitchen,Kitchen&HomeAppliances,South,Corporate,"VRPRIME Lint Roller Lint Remover for Clothes, Pet | 360 Sheets Reusable Sticky Easy-Tear Sheet Brush for Clothes, Furniture, Carpet, Dog Fur, Sweater, Dust & Dirt (4 Rolls - 90 Sheet Each Roll)",499.0,3,50,4.6,79
ORD-01294,2025-08-19,495.0,74.25,Home&Kitchen,CraftMaterials,East,Corporate,Apsara Platinum Pencils Value Pack - Pack of 20,99.0,5,0,4.3,5036
ORD-01295,2025-08-19,785.0,82.42,OfficeProducts,OfficePaperProducts,West,Home Office,"Classmate Soft Cover 6 Subject Spiral Binding Notebook, Unruled, 300 Pages",157.0,5,2,4.5,4428
ORD-01296,2025-08-21,1194.0,26.27,Home&Kitchen,Kitchen&HomeAppliances,South,Consumer,"R B Nova Lint/Fabric Shaver for Cloths, Lint Remover for Woolen Sweaters, Blankets, Jackets/Burr Remover Pill Remover from Carpets, Pack of 1",398.0,3,80,4.1,257
ORD-01297,2025-08-21,384.0,-12.29,Electronics,"HomeTheater,TV&Video",West,Home Office,SVM Products Unbreakable Set Top Box Stand with Dual Remote Holder (Black),96.0,4,76,3.6,1796
ORD-01298,2025-08-22,3234.0,337.95,Home&Kitchen,"Heating,Cooling&AirQuality",East,Home Office,"Bajaj Immersion Rod Water Heater 1500 Watts, Silver",539.0,6,25,4.1,36017
ORD-01299,2025-08-25,2200.0,237.6,OfficeProducts,OfficeElectronics,North,Corporate,Casio MJ-12D 150 Steps Check and Correct Desktop Calculator,440.0,5,0,4.5,8610
ORD-01300,2025-08-25,12995.0,1046.1,Home&Kitchen,"Heating,Cooling&AirQuality",East,Consumer,Crompton InstaBliss 3-L Instant Water Heater (Geyser) with Advanced 4 Level Safety,2599.0,5,41,4.1,14947
ORD-01301,2025-08-25,745.0,2.24,Computers&Accessories,Accessories&Peripherals,South,Corporate,"Pinnaclz Original Combo of 2 USB Type C Fast Charging Cable, USB C Data Cable for Charging and Data Transfer Smart Phones White 1.2 Meter Made in India (Pack of 2)",149.0,5,70,4.0,7732
ORD-01302,2025-08-26,1435.0,87.54,Computers&Accessories,Accessories&Peripherals,Central,Home Office,"FEDUS Cat6 Ethernet Cable, 10 Meter High Speed 550MHZ / 10 Gigabit Speed UTP LAN Cable, Network Cable Internet Cable RJ45 Cable LAN Wire, Patch Computer Cord Gigabit Category 6 Wires for Modem, Router",287.0,5,42,4.4,8076
ORD-01303,2025-08-26,7495.0,-183.63,Electronics,WearableTechnology,East,Consumer,"boAt Wave Lite Smartwatch with 1.69"" HD Display, Heart Rate & SpO2 Level Monitor, Multiple Watch Faces, Activity Tracker, Multiple Sports Modes & IP68 (Deep Blue)",1499.0,5,79,3.9,21796
ORD-01304,2025-08-27,1196.0,17.94,Computers&Accessories,Accessories&Peripherals,West,Home Office,"Wayona USB Type C Fast Charging Cable Charger Cord 3A QC 3.0 Data Cable Compatible with Samsung Galaxy S10e S10 S9 S8 S20 Plus, Note 10 9 8, M51 A40 A50 A70, Moto G7 G8 (1M, Grey)",299.0,4,70,4.3,2651
ORD-01305,2025-08-28,7794.0,1137.92,Home&Kitchen,Kitchen&HomeAppliances,West,Consumer,"Prestige Sandwich Maker PGMFD 01, Black",1299.0,6,0,4.2,40106
ORD-01306,2025-08-28,1895.0,6.63,Computers&Accessories,Accessories&Peripherals,West,Consumer,Robustrion [Anti-Scratch] & [Smudge Proof] [S Pen Compatible] Premium Tempered Glass Screen Protector for Samsung Tab S6 Lite 10.4 inch SM-P610/615 [Bubble Free],379.0,5,75,4.2,4149
ORD-01307,2025-08-29,10797.0,685.61,Home&Kitchen,Kitchen&HomeAppliances,South,Consumer,"Pigeon Healthifry Digital Air Fryer, 360° High Speed Air Circulation Technology 1200 W with Non-Stick 4.2 L Basket - Green",3599.0,3,55,4.2,136
ORD-01308,2025-08-31,295.0,29.5,Computers&Accessories,Accessories&Peripherals,Central,Home Office,"E-COSMOS 5V 1.2W Portable Flexible USB LED Light (Colors May Vary, Small) - Set of 2 Pieces",59.0,5,0,3.8,5958
ORD-01309,2025-09-01,23994.0,971.76,Electronics,Mobiles&Accessories,Central,Home Office,"POCO C31 (Shadow Gray, 64 GB) (4 GB RAM)",7998.0,3,33,3.8,125
ORD-01310,2025-09-01,9950.0,686.55,Computers&Accessories,Accessories&Peripherals,East,Corporate,"Redgear Cosmo 7,1 Usb Gaming Wired Over Ear Headphones With Mic With Virtual Surround Sound,50Mm Driver, Rgb Leds & Remote Control(Black)",1990.0,5,34,4.3,14237
ORD-01311,2025-09-03,1895.0,108.02,Home&Kitchen,Kitchen&HomeAppliances,Central,Home Office,"SOFLIN Egg Boiler Electric Automatic Off 7 Egg Poacher for Steaming, Cooking, Boiling and Frying (400 Watts, Blue)",379.0,5,62,4.3,3096
ORD-01312,2025-09-05,1494.0,61.25,Computers&Accessories,Accessories&Peripherals,West,Home Office,GIZGA Club-laptop Neoprene Reversible for 15.6-inches Laptop Sleeve - Black-Red,249.0,6,50,4.2,22860
ORD-01313,2025-09-05,7996.0,-271.86,Electronics,"Headphones,Earbuds&Accessories",West,Home Office,"Boult Audio Omega with 30dB ANC+ ENC, 32H Playtime, 45ms Latency Gaming Mode, Quad Mic Zen ENC, 3 Equalizer Modes, ANC, Type-C Fast Charging, IPX5 True Wireless in Ear Bluetooth Earbuds (Black)",1999.0,4,80,3.7,1986
ORD-01314,2025-09-05,24975.0,1436.06,Home&Kitchen,Kitchen&HomeAppliances,North,Consumer,"Instant Pot Air Fryer, Vortex 2QT, Touch Control Panel, 360° EvenCrisp™ Technology, Uses 95 % less Oil, 4-in-1 Appliance: Air Fry, Roast, Bake, Reheat (Vortex 1.97Litre, Black)",4995.0,5,75,4.8,3964
ORD-01315,2025-09-05,8994.0,-346.27,Electronics,"Headphones,Earbuds&Accessories",East,Corporate,"Boult Audio AirBass PowerBuds with Inbuilt Powerbank, 120H Total Playtime, IPX7 Fully Waterproof, Lightning Boult Type-C Fast Charging, Low Latency Gaming, TWS Earbuds with Pro+ Calling Mic (Black)",1499.0,6,83,3.7,28324
ORD-01316,2025-09-07,12495.0,837.17,Computers&Accessories,NetworkingDevices,North,Consumer,"TP-Link AC1200 Archer A6 Smart WiFi, 5GHz Gigabit Dual Band MU-MIMO Wireless Internet Router, Long Range Coverage by 4 Antennas, Qualcomm Chipset",2499.0,5,38,4.4,12679
ORD-01317,2025-09-10,4893.0,278.9,Electronics,"Headphones,Earbuds&Accessories",East,Home Office,boAt Bassheads 225 in Ear Wired Earphones with Mic(Blue),699.0,7,30,4.1,273189
ORD-01318,2025-09-11,9596.0,671.72,Home&Kitchen,"Heating,Cooling&AirQuality",West,Consumer,"Hindware Atlantic Compacto 3 Litre Instant water heater with Stainless Steel Tank, Robust Construction, Pressure Relief Valve And I-thermostat Feature (White And Grey)",2399.0,4,48,4.1,444
ORD-01319,2025-09-13,1495.0,94.18,Computers&Accessories,Accessories&Peripherals,West,Consumer,"Amazon Basics USB 3.0 Cable - A Male to Micro B - 6 Feet (1.8 Meters), Black",299.0,5,38,4.3,10911
ORD-01320,2025-09-14,2495.0,-46.16,Electronics,"Headphones,Earbuds&Accessories",North,Home Office,"ZEBRONICS Zeb-Evolve Wireless in Ear Neckband Earphone with Supporting Bluetooth v5.0, Voice Assistant, Rapid Charge, Call Function & Magnetic Earpiece, with mic (Metallic Blue)",499.0,5,67,3.6,9169
ORD-01321,2025-09-16,1640.0,139.4,Computers&Accessories,Accessories&Peripherals,East,Corporate,"HP Wired Mouse 100 with 1600 DPI Optical Sensor, USB Plug-and -Play,ambidextrous Design, Built-in Scrolling and 3 Handy Buttons. 3-Years Warranty (6VY96AA)",328.0,5,18,4.1,3441
ORD-01322,2025-09-17,1274.0,19.11,Electronics,"HomeTheater,TV&Video",North,Home Office,"ZEBRONICS HAA2021 HDMI version 2.1 cable with 8K @ 60Hz, 4K @ 120Hz, eARC & CEC support, 3D compatible, 2 meters length, 48Gbps max and Gold-plated connectors",637.0,2,58,4.1,24
ORD-01323,2025-09-17,154950.0,7515.08,Electronics,"HomeTheater,TV&Video",Central,Home Office,Samsung 108 cm (43 inches) Crystal 4K Series Ultra HD Smart LED TV UA43AUE60AKLXL (Black),30990.0,5,41,4.3,7109
ORD-01324,2025-09-18,17490.0,1206.81,Computers&Accessories,"Printers,Inks&Accessories",North,Consumer,Canon PIXMA MG2577s All-in-One Inkjet Colour Printer with 1 Additional Colour Cartridge,3498.0,5,10,3.4,12185
ORD-01325,2025-09-18,4245.0,379.93,Computers&Accessories,Accessories&Peripherals,South,Home Office,"boAt LTG 500 Apple MFI Certified for iPhone, iPad and iPod 2Mtr Data Cable(Space Grey)",849.0,5,15,4.1,6736
ORD-01326,2025-09-18,42995.0,6363.26,Home&Kitchen,Kitchen&HomeAppliances,Central,Corporate,"Philips HD6975/00 25 Litre Digital Oven Toaster Grill, Grey, 25 liter",8599.0,5,4,4.4,9734
ORD-01327,2025-09-18,38360.0,3145.52,Home&Kitchen,"Heating,Cooling&AirQuality",North,Consumer,"Bajaj OFR Room Heater, 13 Fin 2900 Watts Oil Filled Room Heater with 400W PTC Ceramic Fan Heater, ISI Approved (Majesty 13F Plus Black)",9590.0,4,40,4.1,1017
ORD-01328,2025-09-18,537.0,2.69,Home&Kitchen,Kitchen&HomeAppliances,South,Corporate,Wolpin 1 Lint Roller with 60 Sheets Remove Clothes Lint Dog Hair Dust (19 x 13 cm) Orange,179.0,3,78,3.6,101
ORD-01329,2025-09-21,1596.0,25.54,Computers&Accessories,Accessories&Peripherals,West,Home Office,"Zoul USB C to USB C Fast Charging Cable 65W Type C to Type C Nylon Braided Cord Compatible with Macbook Oneplus 9 10R Samsung Galaxy S22 S21 Ultra Z Flip3 Macbook Air/Pro M1 Google Pixel 11'' iPad Pro 2020/2018 (2M, Grey)",399.0,4,64,4.1,2685
ORD-01330,2025-09-22,594.0,-16.63,Computers&Accessories,Accessories&Peripherals,Central,Consumer,"PTron Solero T241 2.4A Type-C Data & Charging USB Cable, Made in India, 480Mbps Data Sync, Durable 1-Meter Long USB Cable for Type-C USB Devices for Charging Adapter (Black)",99.0,6,88,3.9,24871
ORD-01331,2025-09-23,4220.0,278.52,Electronics,Mobiles&Accessories,South,Home Office,"Lava A1 Josh 21(Blue Silver) -Dual Sim,Call Blink Notification,Military Grade Certified with 4 Day Battery Backup, Keypad Mobile",1055.0,4,16,3.8,2352
ORD-01332,2025-09-23,9684.0,1336.39,Home&Kitchen,Kitchen&HomeAppliances,Central,Home Office,Philips GC1905 1440-Watt Steam Iron with Spray (Blue),1614.0,6,8,4.3,37974
ORD-01333,2025-09-24,670.0,-13.06,Electronics,Mobiles&Accessories,Central,Consumer,Portronics MODESK POR-122 Universal Mobile Tabletop Holder (Black),134.0,5,81,4.1,16685
ORD-01334,2025-09-24,3495.0,202.71,Home&Kitchen,Kitchen&HomeAppliances,West,Consumer,INALSA Electric Kettle 1.5 Litre with Stainless Steel Body - Absa|Auto Shut Off & Boil Dry Protection Safety Features| Cordless Base & Cord Winder|Hot Water Kettle |Water Heater Jug,699.0,5,56,4.1,8090
ORD-01335,2025-09-25,996.0,6.97,Electronics,Mobiles&Accessories,East,Home Office,"Flix (Beetel) Bolt 2.4 12W Dual USB Smart Charger, Made in India, Bis Certified, Fast Charging Power Adaptor with 1 Meter USB to Type C Cable for Cellular Phones (White)(Xwc-64D)",249.0,4,58,3.9,2147
ORD-01336,2025-09-25,43495.0,3153.39,Home&Kitchen,"Heating,Cooling&AirQuality",South,Home Office,Racold Eterno Pro 25L Vertical 5 Star Storage Water Heater (Geyser) with free Standard Installation and free Installation Pipes,8699.0,5,49,4.2,3195
ORD-01337,2025-09-26,796.0,9.55,Electronics,Mobiles&Accessories,North,Home Office,"Ambrane Mobile Holding Stand, 180° Perfect View, Height Adjustment, Wide Compatibility, Multipurpose, Anti-Skid Design (Twistand, Black)",199.0,4,60,4.1,1786
ORD-01338,2025-09-27,10440.0,469.8,Home&Kitchen,"Heating,Cooling&AirQuality",East,Corporate,"Lifelong LLWH106 Flash 3 Litres Instant Water Heater for Home Use, 8 Bar Pressure,Power On/Off Indicator and Advanced Safety, (3000W, ISI Certified, 2 Years Warranty)",2088.0,5,62,4.0,5292
ORD-01339,2025-09-27,1596.0,20.75,Computers&Accessories,Accessories&Peripherals,West,Corporate,"Zebronics Zeb-Jaguar Wireless Mouse, 2.4GHz with USB Nano Receiver, High Precision Optical Tracking, 4 Buttons, Plug & Play, Ambidextrous, for PC/Mac/Laptop (Black+Grey)",399.0,4,66,4.1,2809
ORD-01340,2025-09-27,45995.0,2966.68,Home&Kitchen,Kitchen&HomeAppliances,Central,Home Office,"Sure From Aquaguard Delight NXT RO+UV+UF+Taste Adjuster(MTDS),6L water purifier,8 stages purification,Suitable for borewell,tanker,municipal water(Black) from Eureka Forbes",9199.0,5,49,4.0,16020
ORD-01341,2025-09-27,417.0,-3.54,Computers&Accessories,Accessories&Peripherals,West,Consumer,"Zebronics CU3100V Fast charging Type C cable with QC 18W support, 3A max capacity, 1 meter braided cable, Data transfer and Superior durability (Braided Black + White)",139.0,3,75,3.9,61
ORD-01342,2025-09-28,195.0,17.94,Computers&Accessories,Accessories&Peripherals,South,Home Office,Inventis 5V 1.2W Portable Flexible USB LED Light Lamp (Colors may vary),39.0,5,0,3.6,13572
ORD-01343,2025-10-01,67450.0,3473.68,Electronics,"HomeTheater,TV&Video",Central,Home Office,LG 80 cm (32 inches) HD Ready Smart LED TV 32LM563BPTC (Dark Iron Gray),13490.0,5,39,4.3,11976
ORD-01344,2025-10-01,67450.0,3473.68,Electronics,"HomeTheater,TV&Video",Central,Home Office,LG 80 cm (32 inches) HD Ready Smart LED TV 32LM563BPTC (Dark Iron Gray),13490.0,5,39,4.3,11976
ORD-01345,2025-10-01,2994.0,80.84,Computers&Accessories,Accessories&Peripherals,West,Corporate,MI Xiaomi USB Type C HYperCharge Cable 6A 100cm Sturdy and Durable Black Supports 120W HyperCharging,499.0,6,62,4.3,30411
ORD-01346,2025-10-04,6495.0,-305.27,Electronics,WearableTechnology,West,Consumer,"PTron Newly Launched Force X10 Bluetooth Calling Smartwatch with 1.7"" Full Touch Color Display, Real Heart Rate Monitor, SpO2, Watch Faces, 5 Days Runtime, Fitness Trackers & IP68 Waterproof (Pink)",1299.0,5,78,3.3,4415
ORD-01347,2025-10-11,597.0,4.78,Computers&Accessories,Accessories&Peripherals,Central,Corporate,"Lapster 65W compatible for OnePlus Dash Warp Charge Cable , type c to c cable fast charging Data Sync Cable Compatible with One Plus 10R / 9RT/ 9 pro/ 9R/ 8T/ 9/ Nord & for All Type C Devices – Red, 1 Meter",199.0,3,80,4.5,127
ORD-01348,2025-10-11,597.0,4.78,Computers&Accessories,Accessories&Peripherals,Central,Corporate,"Lapster 65W compatible for OnePlus Dash Warp Charge Cable , type c to c cable fast charging Data Sync Cable Compatible with One Plus 10R / 9RT/ 9 pro/ 9R/ 8T/ 9/ Nord & for All Type C Devices – Red, 1 Meter",199.0,3,80,4.5,127
ORD-01349,2025-10-11,2875.0,-7.19,Computers&Accessories,Accessories&Peripherals,Central,Home Office,Ant Esports GM320 RGB Optical Wired Gaming Mouse | 8 Programmable Buttons | 12800 DPI,575.0,5,79,4.2,8537
ORD-01350,2025-10-12,2390.0,100.38,MusicalInstruments,Microphones,West,Home Office,MAONO AU-400 Lavalier Auxiliary Omnidirectional Microphone (Black),478.0,5,32,3.8,20218
ORD-01351,2025-10-13,1194.0,51.94,Computers&Accessories,Accessories&Peripherals,East,Corporate,"Ambrane Unbreakable 60W / 3A Fast Charging 1.5m Braided Type C Cable for Smartphones, Tablets, Laptops & other Type C devices, PD Technology, 480Mbps Data Sync, Quick Charge 3.0 (RCT15A, Black)",199.0,6,43,4.0,43994
ORD-01352,2025-10-13,101994.0,5507.68,Electronics,Mobiles&Accessories,Central,Home Office,"Samsung Galaxy M33 5G (Emerald Brown, 6GB, 128GB Storage) | 6000mAh Battery | Upto 12GB RAM with RAM Plus | Travel Adapter to be Purchased Separately",16999.0,6,32,4.1,22318
ORD-01353,2025-10-13,1194.0,51.94,Computers&Accessories,Accessories&Peripherals,East,Corporate,"Ambrane Unbreakable 60W / 3A Fast Charging 1.5m Braided Type C Cable for Smartphones, Tablets, Laptops & other Type C devices, PD Technology, 480Mbps Data Sync, Quick Charge 3.0 (RCT15A, Black)",199.0,6,43,4.0,43994
ORD-01354,2025-10-13,3114.0,84.08,Computers&Accessories,ExternalDevices&DataStorage,West,Corporate,"SanDisk Ultra Flair 64GB USB 3.0 Pen Drive, Multicolor",519.0,6,62,4.3,30058
ORD-01355,2025-10-13,21580.0,960.31,Home&Kitchen,Kitchen&HomeAppliances,South,Consumer,Proven® Copper + Mineral RO+UV+UF 10 to 12 Liter RO + UV + TDS ADJUSTER Water Purifier with Copper Charge Technology black & copper Best For Home and Office (Made In India),5395.0,4,73,4.4,535
ORD-01356,2025-10-13,1194.0,51.94,Computers&Accessories,Accessories&Peripherals,East,Corporate,"Ambrane Unbreakable 60W / 3A Fast Charging 1.5m Braided Type C Cable for Smartphones, Tablets, Laptops & other Type C devices, PD Technology, 480Mbps Data Sync, Quick Charge 3.0 (RCT15A, Black)",199.0,6,43,4.0,43993
ORD-01357,2025-10-15,3196.0,-12.78,Electronics,HomeAudio,East,Consumer,"Zebronics Astra 10 Portable Wireless BT v5.0 Speaker, 10W RMS Power, 15* Hours Backup, 2.25"" Drive Size, up to 6.4"" Mobile Holder Support, Carry Handle, USB, mSD, AUX Input and FM Radio with Antenna",799.0,4,60,3.7,418
ORD-01358,2025-10-15,9950.0,850.72,Computers&Accessories,Accessories&Peripherals,East,Corporate,"Logitech C270 Digital HD Webcam with Widescreen HD Video Calling, HD Light Correction, Noise-Reducing Mic, for Skype, FaceTime, Hangouts, WebEx, PC/Mac/Laptop/MacBook/Tablet - (Black, HD 720p/30fps)",1990.0,5,23,4.3,20398
ORD-01359,2025-10-16,1194.0,48.95,Computers&Accessories,Accessories&Peripherals,North,Home Office,"Amazonbasics Micro Usb Fast Charging Cable For Android Smartphone,Personal Computer,Printer With Gold Plated Connectors (6 Feet, Black)",199.0,6,50,4.2,92595
ORD-01360,2025-10-16,894.0,6.26,Computers&Accessories,Accessories&Peripherals,West,Corporate,"GIZGA Essentials Portable Tabletop Tablet Stand Mobile Holder, Desktop Stand, Cradle, Dock for iPad, Smartphone, Kindle, E-Reader, Fully Foldable, Adjustable Angle, Anti-Slip Pads, Black",149.0,6,70,4.1,25607
ORD-01361,2025-10-16,1194.0,48.95,Computers&Accessories,Accessories&Peripherals,North,Home Office,"Amazonbasics Micro Usb Fast Charging Cable For Android Smartphone,Personal Computer,Printer With Gold Plated Connectors (6 Feet, Black)",199.0,6,50,4.2,92595
ORD-01362,2025-10-17,3236.0,174.74,Home&Kitchen,Kitchen&HomeAppliances,North,Corporate,"Pigeon 1.5 litre Hot Kettle and Stainless Steel Water Bottle Combo used for boiling Water, Making Tea and Coffee, Instant Noodles, Soup, 1500 Watt with Auto Shut- off Feature - (Silver)",809.0,4,48,3.7,976
ORD-01363,2025-10-20,1556.0,35.01,Computers&Accessories,Accessories&Peripherals,Central,Corporate,"Zoul USB C 60W Fast Charging 3A 6ft/2M Long Type C Nylon Braided Data Cable Quick Charger Cable QC 3.0 for Samsung Galaxy M31S M30 S10 S9 S20 Plus, Note 10 9 8, A20e A40 A50 A70 (2M, Grey)",389.0,4,65,4.3,974
ORD-01364,2025-10-20,3080.0,138.6,Computers&Accessories,Accessories&Peripherals,Central,Consumer,HP 65W AC Laptops Charger Adapter 4.5mm for HP Pavilion Black (Without Power Cable),770.0,4,50,4.3,2585
ORD-01365,2025-10-20,2995.0,56.91,Computers&Accessories,Accessories&Peripherals,South,Consumer,"Dyazo 6 Angles Adjustable Aluminum Ergonomic Foldable Portable Tabletop Laptop/Desktop Riser Stand Holder Compatible for MacBook, HP, Dell, Lenovo & All Other Notebook (Silver)",599.0,5,70,4.4,4736
ORD-01366,2025-10-20,1556.0,35.01,Computers&Accessories,Accessories&Peripherals,Central,Corporate,"Zoul USB C 60W Fast Charging 3A 6ft/2M Long Type C Nylon Braided Data Cable Quick Charger Cable QC 3.0 for Samsung Galaxy M31S M30 S10 S9 S20 Plus, Note 10 9 8, A20e A40 A50 A70 (2M, Grey)",389.0,4,65,4.3,974
ORD-01367,2025-10-21,2392.0,95.68,Computers&Accessories,"Printers,Inks&Accessories",Central,Corporate,"Foxin FTC 12A / Q2612A Black Laser Toner Cartridge Compatible with Laserjet 1020,M1005,1018,1010,1012,1015,1020 Plus,1022,3015,3020,3030,3050, 3050Z, 3052,3055 (Black)",598.0,4,48,4.1,2535
ORD-01368,2025-10-22,8994.0,80.95,Electronics,"Headphones,Earbuds&Accessories",Central,Consumer,"boAt Rockerz 330 in-Ear Bluetooth Neckband with Upto 30 Hours Playtime, ASAP  Charge, Signature Sound, Dual Pairing & IPX5 with Mic (Active Black)",1499.0,6,62,4.1,109864
ORD-01369,2025-10-23,9594.0,-38.38,Electronics,WearableTechnology,West,Home Office,"Noise ColorFit Pulse Smartwatch with 3.56 cm (1.4"") Full Touch HD Display, SpO2, Heart Rate, Sleep Monitors & 10-Day Battery - Jet Black",1599.0,6,68,4.0,67950
ORD-01370,2025-10-23,597.0,28.36,Computers&Accessories,Accessories&Peripherals,East,Consumer,"Ambrane Unbreakable 3A Fast Charging Braided Type C Cable    1.5 Meter (RCT15, Blue) Supports QC 2.0/3.0 Charging",199.0,3,43,4.1,314
ORD-01371,2025-10-23,597.0,28.36,Computers&Accessories,Accessories&Peripherals,East,Consumer,"Ambrane Unbreakable 3A Fast Charging Braided Type C Cable    1.5 Meter (RCT15, Blue) Supports QC 2.0/3.0 Charging",199.0,3,43,4.1,314
ORD-01372,2025-10-23,9594.0,-38.38,Electronics,WearableTechnology,West,Home Office,"Noise ColorFit Pulse Smartwatch with 3.56 cm (1.4"") Full Touch HD Display, SpO2, Heart Rate, Sleep Monitors & 10-Day Battery - Jet Black",1599.0,6,68,4.0,67951
ORD-01373,2025-10-23,1794.0,52.92,Computers&Accessories,Accessories&Peripherals,Central,Home Office,Boat A 350 Type C Cable 1.5m(Jet Black),299.0,6,63,4.4,28791
ORD-01374,2025-10-24,5196.0,153.28,Electronics,"HomeTheater,TV&Video",South,Home Office,Electvision Remote Control Compatible with Amazon Fire tv Stick (Pairing Manual Will be Back Side Remote Control)(P),1299.0,4,35,3.6,590
ORD-01375,2025-10-25,12495.0,187.42,Electronics,WearableTechnology,West,Home Office,"Noise ColorFit Ultra Buzz Bluetooth Calling Smart Watch with 1.75"" HD Display, 320x385 px Resolution, 100 Sports Modes, Stock Market Info Smartwatch for Men & Women (Olive Green)",2499.0,5,58,4.1,5852
ORD-01376,2025-10-25,1996.0,97.8,Computers&Accessories,Accessories&Peripherals,North,Home Office,"INOVERA World Map Extended Anti Slip Rubber Gaming Stitched Mouse Pad Desk Mat for Computer Laptop (Black, 900L x 400B x 2H mm)",499.0,4,50,4.4,1030
ORD-01377,2025-10-25,1196.0,17.94,Computers&Accessories,Accessories&Peripherals,East,Home Office,CROSSVOLT Compatible Dash/Warp Data Sync Fast Charging Cable Supported for All C Type Devices (Cable),299.0,4,70,4.3,766
ORD-01378,2025-10-26,1347.0,26.27,Computers&Accessories,Accessories&Peripherals,East,Consumer,"Wayona 3in1 Nylon Braided 66W USB Fast Charging Cable with Type C, Lightening and Micro USB Port, Compatible with iPhone, iPad, Samsung Galaxy, OnePlus, Mi, Oppo, Vivo, iQOO, Xiaomi (1M, Black)",449.0,3,59,4.0,242
ORD-01379,2025-10-27,1085.0,95.48,Computers&Accessories,Accessories&Peripherals,East,Consumer,"Storio Kids Toys LCD Writing Tablet 8.5Inch E-Note Pad Best Birthday Gift for Girls Boys, Multicolor (SC1667)",217.0,5,8,3.8,7354
ORD-01380,2025-10-27,389950.0,23397.0,Electronics,"HomeTheater,TV&Video",West,Consumer,Sony Bravia 164 cm (65 inches) 4K Ultra HD Smart LED Google TV KD-65X74K (Black),77990.0,5,44,4.7,5935
ORD-01381,2025-10-28,6597.0,333.15,Home&Kitchen,"Heating,Cooling&AirQuality",East,Home Office,"KHAITAN AVAANTE KA-2013 1200 Watt 3-Rod Halogen Heater (1200 Watts, Grey)",2199.0,3,45,3.5,340
ORD-01382,2025-10-29,780.0,-4.29,Electronics,"HomeTheater,TV&Video",North,Consumer,Airtel DigitalTV DTH Remote SD/HD/HD Recording Compatible for Television (Shining Black ),195.0,4,61,3.7,1383
ORD-01383,2025-11-01,4374.0,157.46,Computers&Accessories,ExternalDevices&DataStorage,East,Home Office,"SanDisk Ultra 64 GB USB Pen Drives (SDDDC2-064G-I35, Black, Silver)",729.0,6,56,4.3,82356
ORD-01384,2025-11-01,1196.0,22.13,Computers&Accessories,Accessories&Peripherals,West,Home Office,Storite USB 2.0 A to Mini 5 pin B Cable for External HDDS/Camera/Card Readers (150cm - 1.5M),299.0,4,57,3.9,1454
ORD-01385,2025-11-02,3492.0,141.43,Electronics,Mobiles&Accessories,North,Consumer,"Duracell 38W Fast Car Charger Adapter with Dual Output. Quick Charge, Type C PD 20W & Qualcomm Certified 3.0 Compatible for iPhone, All Smartphones, Tablets & More (Copper & Black)",873.0,4,49,4.4,1680
ORD-01386,2025-11-02,12995.0,753.71,Home&Kitchen,"Heating,Cooling&AirQuality",West,Consumer,"Bajaj Splendora 3 Litre 3KW IWH Instant Water Heater (Geyser), White",2599.0,5,56,4.1,21783
ORD-01387,2025-11-03,14580.0,1253.88,Home&Kitchen,"Heating,Cooling&AirQuality",South,Corporate,"Havells Instanio 3-Litre 4.5KW Instant Water Heater (Geyser), White Blue",3645.0,4,40,4.2,561
ORD-01388,2025-11-06,1107.0,85.24,Home&Kitchen,Kitchen&HomeAppliances,South,Corporate,LACOPINE Mini Pocket Size Lint Roller (White),369.0,3,38,3.9,82
ORD-01389,2025-11-07,1245.0,33.62,Computers&Accessories,NetworkingDevices,South,Corporate,GENERIC Ultra-Mini Bluetooth CSR 4.0 USB Dongle Adapter for Windows Computer ( Black:Golden),249.0,5,38,3.4,4642
ORD-01390,2025-11-07,19996.0,1479.7,Home&Kitchen,"Heating,Cooling&AirQuality",East,Consumer,"Bajaj New Shakti Neo 10L Vertical Storage Water Heater (Geyser 10 Litres) 4 Star BEE Rated Heater For Water Heating with Titanium Armour, Swirl Flow Technology, Glasslined Tank(White), 1 Yr Warranty",4999.0,4,48,4.2,1772
ORD-01391,2025-11-08,2397.0,140.22,Home&Kitchen,Kitchen&HomeAppliances,North,Corporate,"Amazon Basics 300 W Hand Blender with Stainless Steel Stem for Hot/Cold Blending and In-Built Cord Hook, ISI-Marked, Black",799.0,3,53,4.0,97
ORD-01392,2025-11-08,5994.0,245.75,Computers&Accessories,Accessories&Peripherals,West,Corporate,Zinq Five Fan Cooling Pad and Laptop Stand with Dual Height Adjustment and Dual USB Port Extension (Black),999.0,6,50,4.2,27441
ORD-01393,2025-11-09,4193.0,88.05,Electronics,"Headphones,Earbuds&Accessories",South,Home Office,"JBL C100SI Wired In Ear Headphones with Mic, JBL Pure Bass Sound, One Button Multi-function Remote, Premium Metallic Finish, Angled Buds for Comfort fit (Red)",599.0,7,54,4.1,192589
ORD-01394,2025-11-09,8007.0,868.76,Home&Kitchen,Kitchen&HomeAppliances,South,Home Office,"FYA Handheld Vacuum Cleaner Cordless, Wireless Hand Vacuum&Air Blower 2-in-1, Mini Portable Car Vacuum Cleaner with Powerful Suction, USB Rechargeable Vacuum for Pet Hair, Home and Car",2669.0,3,17,3.9,260
ORD-01395,2025-11-10,1556.0,44.35,Computers&Accessories,Accessories&Peripherals,South,Corporate,"Synqe USB C to USB C 60W Nylon Braided Fast Charging Type C to Type C Cable Compatible with Samsung Galaxy Note 20/Ultra, S20 S22 S21 S20 FE A73 A53 A33 (2M, Black)",389.0,4,61,4.3,838
ORD-01396,2025-11-11,1196.0,-12.56,Electronics,"HomeTheater,TV&Video",Central,Home Office,Astigo Compatible Remote for Airtel Digital Set Top Box (Pairing Required with TV Remote),299.0,4,67,3.8,425
ORD-01397,2025-11-12,3175.0,476.25,Home&Kitchen,Kitchen&HomeAppliances,Central,Corporate,"Preethi MGA-502 0.4-Litre Grind and Store Jar (White), stainless steel, Set of 1",635.0,5,0,4.3,4570
ORD-01398,2025-11-14,131994.0,8645.61,Electronics,"HomeTheater,TV&Video",South,Home Office,Mi 100 cm (40 inches) Horizon Edition Full HD Android LED TV 4A | L40M6-EI (Black),21999.0,6,27,4.2,32840
ORD-01399,2025-11-14,798.0,-15.96,Electronics,"HomeTheater,TV&Video",North,Home Office,LOHAYA Voice Assistant Remote Compatible for Airtel Xstream Set-Top Box Remote Control with Netflix Function (Black) (Non - Voice),399.0,2,60,3.3,23
ORD-01400,2025-11-17,1596.0,-3.19,Electronics,"HomeTheater,TV&Video",East,Consumer,Cotbolt Silicone Protective Case Cover for LG an MR21GA Magic Remote Shockproof for LG Smart TV Remote 2021 Protective Skin Waterproof Anti Lost (Black) (Remote Not Included),399.0,4,80,4.5,505
ORD-01401,2025-11-17,1280.0,53.12,Computers&Accessories,Accessories&Peripherals,South,Home Office,"Duracell Micro USB 3A Braided Sync & Fast Charging Cable, 3.9 Feet (1.2M). Supports QC 2.0/3.0 Charging, High Speed Data Transmission - Black",320.0,4,47,4.1,491
ORD-01402,2025-11-18,4995.0,264.74,Computers&Accessories,Accessories&Peripherals,East,Corporate,"Scarters Mouse Pad, Desk Mat Extended for Work from Home/Office/Gaming | Vegan PU Leather | Anti-Skid, Anti-Slip, Reversible Splash-Proof – Deskspread ~ Navy Blue & Yellow",999.0,5,50,4.5,7317
ORD-01403,2025-11-20,8994.0,98.93,Electronics,"Headphones,Earbuds&Accessories",Central,Consumer,"JBL Tune 215BT, 16 Hrs Playtime with Quick Charge, in Ear Bluetooth Wireless Earphones with Mic, 12.5mm Premium Earbuds with Pure Bass, BT 5.0, Dual Pairing, Type C & Voice Assistant Support (Black)",1499.0,6,50,3.7,87798
ORD-01404,2025-11-20,14745.0,1290.19,Home&Kitchen,"Heating,Cooling&AirQuality",West,Corporate,Racold Pronto Pro 3Litres 3KW Vertical Instant Water Heater (Geyser),2949.0,5,39,4.2,7968
ORD-01405,2025-11-20,64995.0,3899.7,Electronics,Mobiles&Accessories,East,Corporate,"Samsung Galaxy M13 (Stardust Brown, 6GB, 128GB Storage) | 6000mAh Battery | Upto 12GB RAM with RAM Plus",12999.0,5,28,4.1,18998
ORD-01406,2025-11-20,5995.0,467.61,Home&Kitchen,Kitchen&HomeAppliances,South,Home Office,KENT 16052 Elegant Electric Glass Kettle 1.8L 2000 W | Blue LED Illumination | Borosilicate Glass Body | Boil Drying Protection | Used as Boiler | Milk | Tea | Water & Soup | 1 Year Warranty,1199.0,5,40,4.0,14030
ORD-01407,2025-11-21,4347.0,67.38,Home&Kitchen,"Heating,Cooling&AirQuality",North,Corporate,TE™ Instant Electric Heating Hot and Cold Water Geyser Tap Water with Digital Display (White),1449.0,3,71,3.6,63
ORD-01408,2025-11-21,207.0,0.93,Computers&Accessories,Accessories&Peripherals,South,Home Office,"Gizga Essentials Webcam Cover, Privacy Protector Webcam Cover Slide, Compatible with Laptop, Desktop, PC, Smartphone, Protect Your Privacy and Security, Strong Adhesive, Set of 3, Black",69.0,3,77,4.3,255
ORD-01409,2025-11-21,1194.0,-14.33,Computers&Accessories,Accessories&Peripherals,Central,Corporate,HB Plus Folding Height Adjustable Aluminum Foldable Portable Adjustment Desktop Laptop Holder Riser Stand,398.0,3,80,4.0,75
ORD-01410,2025-11-22,645.0,23.22,Computers&Accessories,Accessories&Peripherals,South,Consumer,"FLiX (Beetel) USB to iPhone Lightning Textured Pattern Data Sync & 2A Fast Charging Cable, Made in India, 480Mbps Data Sync, Tough Cable, 1 Meter Long USB Cable for Apple Devices (Black)(XCD-L102)",129.0,5,48,4.0,9378
ORD-01411,2025-11-22,14697.0,1072.88,Home&Kitchen,Kitchen&HomeAppliances,South,Home Office,"Shakti Technology S3 High Pressure Car Washer Machine 1800 Watts and Pressure 120 Bar for Cleaning Car, Bike & Home",4899.0,3,46,4.1,297
ORD-01412,2025-11-26,6445.0,625.16,Electronics,PowerAccessories,South,Consumer,Belkin Essential Series 4-Socket Surge Protector Universal Socket with 5ft Heavy Duty Cable (Grey),1289.0,5,14,4.5,20668
ORD-01413,2025-11-27,72000.0,2880.0,Home&Kitchen,"Heating,Cooling&AirQuality",East,Consumer,"Coway Professional Air Purifier for Home, Longest Filter Life 8500 Hrs, Green True HEPA Filter, Traps 99.99% Virus & PM 0.1 Particles, Warranty 7 Years (AirMega 150 (AP-1019C))",14400.0,5,76,4.4,3837
ORD-01414,2025-11-28,445.0,-9.34,Electronics,Mobiles&Accessories,Central,Corporate,"STRIFF Wall Mount Phone Holder Wall Mount with Adhesive Strips, Charging Holder Compatible with iPhone, Smartphone and Mini Tablet (Pack of 1) (White)",89.0,5,82,4.1,9340
ORD-01415,2025-11-29,11994.0,-77.96,Electronics,WearableTechnology,West,Home Office,"Fire-Boltt Ninja Calling 1.69"" Bluetooth Calling Smart Watch, Dial Pad, Speaker, AI Voice Assistant with 450 NITS Peak Brightness, Wrist Gaming & 100+ Watch Faces with SpO2, HR, Multiple Sports Mode",1999.0,6,75,4.2,31305
ORD-01416,2025-11-29,77994.0,4211.68,Electronics,Mobiles&Accessories,West,Home Office,"Redmi Note 11 (Horizon Blue, 6GB RAM, 64GB Storage)|90Hz FHD+ AMOLED Display | Qualcomm® Snapdragon™ 680-6nm | 33W Charger Included",12999.0,6,32,4.1,50772
ORD-01417,2025-11-30,8995.0,-274.35,Electronics,WearableTechnology,Central,Home Office,"Fire-Boltt Ninja Call Pro Plus 1.83"" Smart Watch with Bluetooth Calling, AI Voice Assistance, 100 Sports Modes IP67 Rating, 240*280 Pixel High Resolution",1799.0,5,91,4.2,13937
ORD-01418,2025-12-01,6995.0,538.62,Electronics,Mobiles&Accessories,West,Consumer,"Motorola a10 Dual Sim keypad Mobile with 1750 mAh Battery, Expandable Storage Upto 32GB, Wireless FM with Recording - Dark Blue",1399.0,5,14,4.0,9378
ORD-01419,2025-12-01,8676.0,789.52,Home&Kitchen,"Heating,Cooling&AirQuality",East,Home Office,"Bajaj Majesty RX11 2000 Watts Heat Convector Room Heater (White, ISI Approved)",2169.0,4,34,4.1,1716
ORD-01420,2025-12-01,660.0,71.28,OfficeProducts,OfficePaperProducts,Central,Consumer,"Classmate Long Book - Unruled, 160 Pages, 314 mm x 194 mm - Pack Of 3",165.0,4,0,4.5,1674
ORD-01421,2025-12-01,3196.0,166.19,Home&Kitchen,Kitchen&HomeAppliances,South,Consumer,"Bulfyss Stainless Steel Digital Kitchen Weighing Scale & Food Weight Machine for Diet, Nutrition, Health, Fitness, Baking & Cooking (5Kgs, Stainless Steel, 2 Years Warranty)",799.0,4,60,4.1,2162
ORD-01422,2025-12-02,2997.0,289.21,Home&Kitchen,Kitchen&HomeAppliances,West,Home Office,"HealthSense Rechargeable Lint Remover for Clothes | Fuzz and Fur Remover | Electric Fabric Shaver, Trimmer for Clothes, Carpet, Sofa, Sweaters, Curtains | One-Year Warranty Included - New-Feel LR350",999.0,3,33,4.2,386
ORD-01423,2025-12-05,1596.0,12.77,Electronics,"HomeTheater,TV&Video",North,Corporate,"Caprigo Heavy Duty TV Wall Mount Bracket for 14 to 32 Inch LED/HD/Smart TV’s, Universal Fixed TV Wall Mount Stand (M452)",399.0,4,60,4.0,1236
ORD-01424,2025-12-08,7495.0,397.24,Computers&Accessories,NetworkingDevices,North,Home Office,Cuzor 12V Mini ups for WiFi Router | Power Backup up to 4 Hours | Replaceable Battery | Ups for Wi-Fi Router and Modem | Ups for Router up to 2A | ups for uninterrupted wi-fi,1499.0,5,50,4.5,8656
ORD-01425,2025-12-08,3594.0,395.34,Home&Kitchen,Kitchen&HomeAppliances,South,Home Office,"Bajaj Majesty DX-11 1000W Dry Iron with Advance Soleplate and Anti-bacterial German Coating Technology, White and Blue",599.0,6,24,4.2,24247
ORD-01426,2025-12-08,316.0,-6.32,Electronics,Mobiles&Accessories,East,Corporate,"STRIFF 12 Pieces Highly Flexible Silicone Micro USB Protector, Mouse Cable Protector, Suit for All Cell Phones, Computers and Chargers (Black)",79.0,4,84,4.2,1949
ORD-01427,2025-12-10,2745.0,194.9,Home&Kitchen,Kitchen&HomeAppliances,South,Consumer,"Orient Electric Fabrijoy DIFJ10BP 1000-Watt Dry Iron, Non-Stick (White and Blue)",549.0,5,50,4.2,13029
ORD-01428,2025-12-12,12166.68,784.75,Home&Kitchen,Kitchen&HomeAppliances,West,Consumer,"Bajaj Rex DLX 750 W 4 Jars Mixer Grinder, White and Blue",3041.67,4,49,4.0,777
ORD-01429,2025-12-13,1196.0,13.16,Electronics,"HomeTheater,TV&Video",South,Consumer,"Astigo Compatible Remote Control for Mi Smart LED 4A (43""/32"")",299.0,4,50,3.7,708
ORD-01430,2025-12-15,3294.0,87.29,Electronics,HomeAudio,West,Home Office,"Zebronics ZEB-COUNTY 3W Wireless Bluetooth Portable Speaker With Supporting Carry Handle, USB, SD Card, AUX, FM & Call Function. (Green)",549.0,6,45,3.9,64705
ORD-01431,2025-12-17,450.0,38.25,OfficeProducts,OfficePaperProducts,East,Home Office,Parker Quink Ink Bottle (Black),90.0,5,10,4.3,3061
ORD-01432,2025-12-17,3585.0,236.61,Home&Kitchen,Kitchen&HomeAppliances,South,Corporate,"Usha Aurora 1000 W Dry Iron with Innovative Tail Light Indicator, Weilburger Soleplate (White & Grey)",717.0,5,48,4.0,4867
ORD-01433,2025-12-19,3495.0,143.3,Electronics,Cameras&Photography,Central,Consumer,"DIGITEK® (DLS-9FT) Lightweight & Portable Aluminum Alloy Light Stand for Ring Light, Reflector, Flash Units, Diffuser, Portrait, Softbox, Studio Lighting & More Ideal for Outdoor & Indoor Shoots",699.0,5,46,4.3,6183
ORD-01434,2025-12-20,3936.0,141.7,Computers&Accessories,Accessories&Peripherals,East,Corporate,MemeHo® Smart Standard Multi-Purpose Laptop Table with Dock Stand/Study Table/Bed Table/Foldable and Portable/Ergonomic & Rounded Edges/Non-Slip Legs/Engineered Wood with Cup Holder (Black),656.0,6,56,4.3,25903
ORD-01435,2025-12-20,5596.0,534.42,Home&Kitchen,Kitchen&HomeAppliances,Central,Consumer,"Borosil Electric Egg Boiler, 8 Egg Capacity, For Hard, Soft, Medium Boiled Eggs, Steamed Vegetables, Transparent Lid, Stainless Steel Exterior (500 Watts)",1399.0,4,39,4.4,461
ORD-01436,2025-12-21,95994.0,6287.61,Electronics,"HomeTheater,TV&Video",East,Corporate,OnePlus 80 cm (32 inches) Y Series HD Ready Smart Android LED TV 32 Y1S (Black),15999.0,6,27,4.2,34899
ORD-01437,2025-12-22,600.0,-1.5,Electronics,Mobiles&Accessories,West,Corporate,"POPIO Tempered Glass Compatible for iPhone 13 / iPhone 13 Pro/iPhone 14 (Transparent) Edge to Edge Full Screen Coverage with Installation Kit, Pack of 2",150.0,4,75,4.3,714
ORD-01438,2025-12-22,7194.0,489.19,Computers&Accessories,NetworkingDevices,North,Corporate,"TP-Link UE300C USB Type-C to RJ45 Gigabit Ethernet Network Adapter/RJ45 LAN Wired Adapter for Ultrabook, Chromebook, Laptop, Desktop, Plug & Play, USB 3.0, Foldable and Portable Design",1199.0,6,40,4.5,22420
ORD-01439,2025-12-23,9975.0,852.86,Computers&Accessories,Accessories&Peripherals,South,Home Office,"Logitech G402 Hyperion Fury USB Wired Gaming Mouse, 4,000 DPI, Lightweight, 8 Programmable Buttons, Compatible for PC/Mac - Black",1995.0,5,31,4.6,10760
ORD-01440,2025-12-23,2697.0,106.53,Home&Kitchen,"Heating,Cooling&AirQuality",East,Home Office,"Lifelong LLFH921 Regalia 2000 W Fan Heater, 3 Air Settings, Room Heater with Overheating Protection, 1 Year Warranty ( White, (ISI Certified, Ideal for small to medium room/area)",899.0,3,55,3.6,291
ORD-01441,2025-12-25,995.0,29.85,Computers&Accessories,Accessories&Peripherals,West,Corporate,"IT2M Designer Mouse Pad for Laptop/Computer (9.2 X 7.6 Inches, 12788)",199.0,5,60,4.3,9998
ORD-01442,2025-12-25,295.0,0.89,Computers&Accessories,Accessories&Peripherals,East,Home Office,Flix Micro Usb Cable For Smartphone (Black),59.0,5,70,4.0,9378
ORD-01443,2025-12-25,295.0,0.89,Computers&Accessories,Accessories&Peripherals,East,Home Office,Flix Micro Usb Cable For Smartphone (Black),59.0,5,70,4.0,9377
ORD-01444,2025-12-25,295.0,0.89,Computers&Accessories,Accessories&Peripherals,East,Home Office,Flix Micro Usb Cable For Smartphone (Black),59.0,5,70,4.0,9377
ORD-01445,2025-12-25,3995.0,123.84,Computers&Accessories,Accessories&Peripherals,West,Corporate,"boAt LTG 500 Apple MFI Certified for iPhone, iPad and iPod 2Mtr Data Cable(Metallic Silver)",799.0,5,54,4.1,5626
ORD-01446,2025-12-26,8495.0,896.22,Home&Kitchen,Kitchen&HomeAppliances,North,Consumer,KENT Gold Optima Gravity Water Purifier (11016) | UF Technology Based | Non-Electric & Chemical Free | Counter Top | 10L Storage | White,1699.0,5,11,3.6,11456
ORD-01447,2025-12-26,10194.0,606.54,Computers&Accessories,NetworkingDevices,South,Consumer,"TP-LINK AC1300 Archer T3U Plus High Gain USB 3.0 Wi-Fi Dongle, Wireless Dual Band MU-MIMO WiFi Adapter with High Gain Antenna, Supports Windows 11/10/8.1/8/7/XP/MacOS",1699.0,6,43,4.4,24780
ORD-01448,2025-12-26,3996.0,219.78,Home&Kitchen,"Heating,Cooling&AirQuality",West,Consumer,"Lifelong LLQH922 Regalia 800 W (ISI Certified) Quartz Room Heater with 2 Power settings, Overheating Protection, 2 Rod Heater (1 Year Warranty, White)",999.0,4,50,3.8,1163
ORD-01449,2025-12-26,1695.0,35.6,Computers&Accessories,Accessories&Peripherals,East,Consumer,"Wayona Usb Type C To Usb Nylon Braided Quick Charger Fast Charging Short Cable For Smartphone (Samsung Galaxy S21/S20/S10/S9/S9+/Note 9/S8/Note 8, Lg G7 G5 G6, Moto G6 G7) (0.25M,Grey)",339.0,5,66,4.3,6255
ORD-01450,2025-12-27,9000.0,1026.0,Electronics,GeneralPurposeBatteries&BatteryChargers,North,Home Office,"Panasonic Eneloop BQ-CC55N Advanced, Smart and Quick Charger for AA & AAA Rechargeable Batteries, White",1500.0,6,0,4.4,25996
ORD-01451,2025-12-27,101994.0,7496.56,Electronics,Mobiles&Accessories,South,Home Office,"Redmi Note 11T 5G (Aquamarine Blue, 6GB RAM, 128GB ROM)| Dimensity 810 5G | 33W Pro Fast Charging | Charger Included | Additional Exchange Offers| Get 2 Months of YouTube Premium Free!",16999.0,6,19,4.1,31822
ORD-01452,2025-12-27,5995.0,131.89,Computers&Accessories,NetworkingDevices,Central,Corporate,"Zinq UPS for Router, Mini UPS for 12V WiFi Router Broadband Modem with Upto 4 Hours Power Backup, Upto 2Amp, Works with Existing Adapter, Also Works with Set-top Box, Smart Camera, CCTV (Black)",1199.0,5,60,4.1,10725
ORD-01453,2025-12-27,2240.0,112.0,Computers&Accessories,Accessories&Peripherals,East,Home Office,Zebronics Wired Keyboard and Mouse Combo with 104 Keys and a USB Mouse with 1200 DPI - JUDWAA 750,448.0,5,36,3.9,17348
ORD-01454,2025-12-28,1974.0,48.36,Computers&Accessories,Accessories&Peripherals,Central,Home Office,AmazonBasics USB Type-C to USB Type-C 2.0 Cable - 3 Feet Laptop (0.9 Meters) - White,329.0,6,61,4.2,29746
ORD-01455,2025-12-28,1797.0,215.64,Computers&Accessories,Accessories&Peripherals,North,Home Office,"Samsung Original Type C to C Cable - 3.28 Feet (1 Meter), White",599.0,3,0,4.3,355
ORD-01456,2025-12-28,1974.0,48.36,Computers&Accessories,Accessories&Peripherals,Central,Home Office,AmazonBasics USB Type-C to USB Type-C 2.0 Cable - 3 Feet Laptop (0.9 Meters) - White,329.0,6,61,4.2,29746
ORD-01457,2025-12-28,1797.0,215.64,Computers&Accessories,Accessories&Peripherals,North,Home Office,"Samsung Original Type C to C Cable - 3.28 Feet (1 Meter), White",599.0,3,0,4.3,355
ORD-01458,2025-12-29,119995.0,6419.73,Electronics,Mobiles&Accessories,West,Corporate,"Samsung Galaxy M53 5G (Deep Ocean Blue, 6GB, 128GB Storage) | 108MP | sAmoled+ 120Hz | 12GB RAM with RAM Plus | Travel Adapter to be Purchased Separately",23999.0,5,27,3.9,8866
ORD-01459,2025-12-29,1060.0,-24.91,Electronics,WearableTechnology,West,Home Office,Prolet Classic Bumper Case Cover for Samsung Galaxy Watch 4 44mm TPU Plated Full Screen Protector (Black),265.0,4,73,3.7,465
ORD-01460,2025-12-29,995.0,47.76,Home&Kitchen,HomeStorage&Organization,East,Home Office,"Kuber Industries Waterproof Canvas Laundry Bag/Hamper|Metalic Printed With Handles|Foldable Bin & 45 Liter Capicity|Size 37 x 37 x 46, Pack of 1 (Brown)",199.0,5,60,4.0,10234
ORD-01461,2025-12-30,11997.0,287.93,Electronics,WearableTechnology,South,Corporate,"Fire-Boltt Gladiator 1.96"" Biggest Display Smart Watch with Bluetooth Calling, Voice Assistant &123 Sports Modes, 8 Unique UI Interactions, SpO2, 24/7 Heart Rate Tracking",3999.0,3,60,4.4,73
ORD-01462,2025-12-30,1257.0,84.22,Home&Kitchen,Kitchen&HomeAppliances,West,Home Office,"Zuvexa Egg Boiler Poacher Automatic Off Steaming, Cooking, Boiling Double Layer 14 Egg Boiler (Multicolor)…",419.0,3,58,4.4,227
ORD-01463,2025-12-31,3880.0,228.92,Computers&Accessories,Accessories&Peripherals,North,Home Office,"Duracell USB Lightning Apple Certified (Mfi) Braided Sync & Charge Cable For Iphone, Ipad And Ipod. Fast Charging Lightning Cable, 3.9 Feet (1.2M) - Black",970.0,4,46,4.5,815
ORD-01464,2025-12-31,3880.0,228.92,Computers&Accessories,Accessories&Peripherals,North,Home Office,"Duracell USB Lightning Apple Certified (Mfi) Braided Sync & Charge Cable For Iphone, Ipad And Ipod. Fast Charging Lightning Cable, 3.9 Feet (1.2M) - Black",970.0,4,46,4.5,815
ORD-01465,2025-12-31,3880.0,228.92,Computers&Accessories,Accessories&Peripherals,North,Home Office,"Duracell USB Lightning Apple Certified (Mfi) Braided Sync & Charge Cable For Iphone, Ipad And Ipod. Fast Charging Lightning Cable, 3.9 Feet (1.2M) - Black",970.0,4,46,4.5,815
